customer_id,country,gender,age,tenure,balance,products_number,has_cr_card,is_active,estimated_salary,actual_churn,churn_probability,risk_tier
15640846,Germany,Female,58,3,106458.31,4,Yes,No,128881.87,Yes,0.9984,High
15570002,Germany,Female,55,8,118772.71,4,No,No,135853.62,Yes,0.998,High
15692416,Spain,Female,52,8,143542.36,3,Yes,No,141959.11,Yes,0.9971,High
15703793,Germany,Male,58,2,133745.44,4,Yes,No,28373.86,Yes,0.9969,High
15653776,Germany,Female,57,1,162082.31,4,No,No,27145.73,Yes,0.9969,High
15670374,Germany,Female,49,1,120656.86,4,No,No,166164.3,Yes,0.9962,High
15601594,France,Female,51,6,144237.91,4,Yes,No,157143.61,Yes,0.995,High
15671591,Spain,Male,52,3,96196.24,4,Yes,No,198874.52,Yes,0.9949,High
15666548,Germany,Female,56,2,111920.13,3,Yes,No,197634.11,Yes,0.9945,High
15696989,Germany,Female,52,8,139493.25,3,No,No,150093.32,Yes,0.9942,High
15623210,Germany,Female,55,8,149349.58,3,No,No,137519.92,Yes,0.9938,High
15608338,Spain,Female,55,9,117294.12,4,Yes,No,94187.47,Yes,0.9935,High
15752342,Germany,Female,54,6,133656.91,3,Yes,No,145071.33,Yes,0.9925,High
15806808,Germany,Female,57,8,112281.6,3,Yes,No,140225.14,Yes,0.9922,High
15634551,Germany,Male,46,3,115248.11,4,Yes,No,130752.01,Yes,0.9921,High
15656148,Germany,Female,29,4,115046.74,4,Yes,No,119346.88,Yes,0.9917,High
15592773,Germany,Female,51,0,108449.23,3,No,No,88372.69,Yes,0.9916,High
15597914,Germany,Female,51,2,117306.69,4,Yes,Yes,26912.72,Yes,0.9911,High
15599329,France,Female,49,7,195238.29,4,No,Yes,131083.56,Yes,0.9908,High
15740223,Germany,Male,51,1,107714.74,3,Yes,No,86128.21,Yes,0.9906,High
15710087,Germany,Female,54,3,125889.3,3,Yes,No,96013.5,Yes,0.9903,High
15664270,Germany,Male,45,6,142084.04,4,Yes,No,188305.85,Yes,0.9901,High
15589017,Germany,Male,55,4,111362.76,3,Yes,No,16922.28,Yes,0.9897,High
15694376,Germany,Female,64,3,153469.26,3,No,No,146573.66,Yes,0.9893,High
15616859,Germany,Female,43,2,113641.49,4,Yes,No,115116.35,Yes,0.9892,High
15701602,Germany,Male,52,5,116497.31,3,No,No,53793.1,Yes,0.9889,High
15668889,Germany,Female,43,2,116322.27,4,Yes,No,35640.12,Yes,0.9875,High
15641175,Germany,Male,63,3,120916.52,3,No,No,144727.45,Yes,0.98740000000000006,High
15787189,Germany,Male,60,8,134250.17,3,No,No,153046.16,Yes,0.9872,High
15663650,Germany,Male,52,10,107304.39,3,Yes,No,28806.32,Yes,0.9856,High
15783615,Germany,Male,50,3,129370.91,4,Yes,Yes,47775.34,Yes,0.9854,High
15654562,Spain,Female,45,5,174088.3,4,Yes,No,5669.31,Yes,0.9854,High
15727317,Germany,Female,49,1,102286.6,3,Yes,No,69409.37,Yes,0.9851,High
15815316,France,Male,50,9,76817,4,Yes,No,196371.13,Yes,0.9851,High
15719508,Germany,Male,49,7,121205.15,4,Yes,Yes,168080.53,Yes,0.9849,High
15662291,France,Female,55,8,116973.26,3,Yes,No,122066.5,Yes,0.9834,High
15721426,Germany,Male,65,10,126306.64,3,No,No,7861.68,Yes,0.983,High
15791700,Germany,Male,47,2,118079.47,4,Yes,Yes,143007.49,Yes,0.9828,High
15750778,France,Female,60,2,120731.39,4,Yes,Yes,138160.11,Yes,0.9828,High
15766355,Germany,Male,49,0,108806.96,3,Yes,No,61446.92,Yes,0.9822,High
15689341,France,Female,50,10,0,4,Yes,No,179267.94,Yes,0.9817,High
15606386,Germany,Female,46,3,111512.75,3,Yes,No,159576.75,Yes,0.981,High
15679249,Germany,Female,57,4,163146.46,1,Yes,No,169621.69,Yes,0.9808,High
15668283,France,Male,48,9,118317.27,4,No,No,78702.98,Yes,0.9807,High
15808044,France,Female,65,9,106804.26,3,Yes,No,107890.69,Yes,0.9804,High
15665283,France,Female,57,7,72092.95,4,No,Yes,113228.82,Yes,0.9802,High
15753332,Germany,Male,48,8,128140.17,1,Yes,No,175753.55,Yes,0.9793,High
15704442,France,Female,53,9,169406.33,4,Yes,Yes,147311.47,Yes,0.9785,High
15779176,Germany,Female,58,3,108888.24,3,No,Yes,135875.51,Yes,0.978,High
15718893,Germany,Female,54,4,125456.07,1,Yes,No,83715.66,Yes,0.978,High
15759067,Germany,Female,37,7,158411.95,4,Yes,Yes,117690.58,Yes,0.9773,High
15610446,France,Female,51,4,88308.87,3,No,No,5862.53,Yes,0.9771,High
15624180,Germany,Female,37,10,134171.8,4,Yes,Yes,70927.11,Yes,0.9767,High
15731815,Spain,Male,63,4,96134.11,3,Yes,No,108732.96,Yes,0.9762,High
15622033,Germany,Female,41,3,101543.51,4,Yes,No,16025.17,Yes,0.9762,High
15647725,France,Female,61,5,62055.17,3,Yes,No,166305.16,Yes,0.9759,High
15701439,Spain,Female,50,1,0,4,Yes,No,88566.9,Yes,0.9758,High
15787255,Germany,Female,55,2,140891.46,3,Yes,Yes,179834.45,Yes,0.9754,High
15651052,Germany,Male,46,2,127655.22,1,Yes,No,139994.68,Yes,0.9752,High
15592583,France,Female,47,1,115414.19,3,No,No,191734.67,Yes,0.9737,High
15739972,Germany,Female,45,9,152367.21,3,Yes,No,150835.21,Yes,0.9732,High
15679770,France,Female,61,3,131583.59,4,No,Yes,66238.23,Yes,0.973,High
15602735,Germany,Male,45,6,152296.83,4,No,Yes,108040.86,Yes,0.9727,High
15734762,France,Female,56,3,115895.22,3,Yes,No,4176.17,Yes,0.9723,High
15625761,Germany,Male,41,8,127205.32,4,Yes,No,93874.87,Yes,0.9722,High
15788776,Germany,Male,49,6,132623.76,3,Yes,No,36292.94,Yes,0.9721,High
15727619,Germany,Female,46,9,113909.69,3,Yes,No,92320.37,Yes,0.9709,High
15664754,Germany,Male,39,9,131607.28,4,No,Yes,6981.43,Yes,0.9707,High
15692750,Germany,Female,45,7,129818.39,3,Yes,No,9217.55,Yes,0.9703,High
15783019,France,Female,62,9,123681.32,3,Yes,No,173586.63,Yes,0.9703,High
15648681,France,Female,47,5,139914.6,4,No,Yes,129964.56,Yes,0.9703,High
15765173,France,Female,60,3,0,1,No,No,113796.15,Yes,0.9695,High
15757408,Spain,Male,38,3,250898.09,3,No,Yes,81054,Yes,0.9693,High
15647898,Spain,Female,50,5,130554.51,3,Yes,No,184758.17,Yes,0.9693,High
15621550,Spain,Female,50,1,140292.58,3,No,No,69531.22,Yes,0.9688,High
15610383,France,Female,46,1,46870.43,4,Yes,No,31272.14,Yes,0.9675,High
15641675,France,Female,49,2,88915.37,3,No,No,161435.02,Yes,0.9672,High
15655082,France,Female,48,4,112070.86,3,Yes,No,173568.3,Yes,0.9672,High
15593976,Germany,Female,31,5,102088.68,4,No,No,187866.21,Yes,0.9668,High
15808674,Germany,Female,45,6,128352.59,3,Yes,Yes,144000.59,Yes,0.9667,High
15605826,Germany,Male,46,10,121063.8,3,Yes,No,151481.86,Yes,0.9664,High
15588955,Germany,Female,43,5,93259.57,3,Yes,No,141035.65,Yes,0.9657,High
15791780,Germany,Female,48,10,104478.12,3,No,Yes,158248.71,Yes,0.9623,High
15778975,Germany,Female,70,1,96947.58,3,Yes,No,62282.99,Yes,0.9621,High
15775761,Germany,Female,69,5,86038.21,3,No,No,192743.06,Yes,0.9619,High
15796115,Germany,Female,40,4,78119.59,4,Yes,No,119259.34,Yes,0.9616,High
15764866,Germany,Female,43,3,116220.5,3,Yes,No,55803.96,Yes,0.9614,High
15568819,Germany,Female,42,8,132796.04,3,Yes,Yes,191821.35,Yes,0.9611,High
15796764,Germany,Female,56,3,127585.98,3,Yes,Yes,80593.49,Yes,0.9607,High
15788068,Germany,Male,45,10,144677.19,3,Yes,No,22512.44,Yes,0.9606,High
15656822,Germany,Male,43,5,87612.64,4,Yes,Yes,107155.4,Yes,0.9601,High
15582129,France,Male,62,1,43772.66,3,Yes,No,187756.24,Yes,0.9601,High
15794142,Germany,Female,62,5,114931.35,3,No,Yes,18260.98,Yes,0.9598,High
15711446,Spain,Female,51,3,0,3,Yes,No,75084.96,Yes,0.9598,High
15746333,France,Female,57,3,0,3,Yes,No,6554.97,Yes,0.9582,High
15812210,Germany,Female,32,8,111537.23,4,Yes,Yes,9497.99,Yes,0.956,High
15775318,Spain,Female,51,3,154962.99,3,No,Yes,191932.27,Yes,0.9544,High
15723318,France,Female,55,0,0,3,No,No,60810.64,Yes,0.9543,High
15595324,Germany,Female,39,5,117833.3,3,No,No,5831,Yes,0.952,High
15736510,Spain,Female,57,2,0,3,Yes,No,66652.75,Yes,0.952,High
15590201,Spain,Female,50,5,0,4,Yes,Yes,83866.35,Yes,0.952,High
15633194,France,Female,41,10,108309,4,Yes,Yes,137510.41,Yes,0.9514,High
15568006,France,Female,45,2,0,4,Yes,No,101039.53,Yes,0.9513,High
15634974,France,Female,37,8,75150.34,4,No,Yes,131766.67,Yes,0.9509,High
15655123,Spain,Female,45,9,131355.3,3,Yes,No,195395.33,Yes,0.95,High
15750335,Germany,Male,43,0,108508.82,3,Yes,No,184044.8,Yes,0.9497,High
15787907,Germany,Female,42,5,137227.04,3,Yes,No,149097.38,Yes,0.9487,High
15753337,France,Male,51,5,0,3,Yes,No,189122.89,Yes,0.9486,High
15576824,Germany,Female,44,3,111760.4,3,Yes,Yes,104722.47,Yes,0.9486,High
15612478,France,Male,51,10,0,3,Yes,No,171045.35,Yes,0.9486,High
15800061,Spain,Female,45,3,89158.94,3,Yes,No,135169.76,Yes,0.9481,High
15666297,Spain,Female,53,3,0,3,No,No,88479.02,Yes,0.948,High
15646720,Spain,Female,55,7,0,3,Yes,No,85890.75,Yes,0.9477,High
15594408,Spain,Female,48,2,213146.2,1,Yes,No,75161.25,Yes,0.9463,High
15803538,Spain,Male,56,1,0,3,Yes,No,187734.49,Yes,0.9455,High
15724161,France,Female,40,9,137285.26,4,Yes,No,77063.63,Yes,0.9449,High
15603554,France,Female,45,0,164649.52,3,Yes,No,49915.52,Yes,0.9447,High
15724076,Spain,Female,57,5,0,3,No,No,38941.44,Yes,0.944,High
15684801,France,Male,47,1,93871.95,3,Yes,No,156878.42,Yes,0.9435,High
15752294,France,Female,38,9,135979.01,4,Yes,Yes,76582.95,Yes,0.9415,High
15683416,Germany,Male,51,8,97750.07,3,Yes,Yes,193014.26,Yes,0.9414,High
15811588,Spain,Female,53,7,187602.18,1,Yes,No,186392.99,Yes,0.9412,High
15593425,Spain,Female,54,1,187997.15,1,No,No,111442.71,Yes,0.9407,High
15681007,France,Female,35,2,128548.49,4,Yes,No,75478.95,Yes,0.9387,High
15792473,Germany,Female,50,5,88379.81,3,No,Yes,64157.24,Yes,0.9386,High
15720929,France,Female,47,8,62094.71,3,No,No,9308.1,Yes,0.9384,High
15693205,Germany,Female,41,8,109153.96,3,Yes,Yes,148848.76,Yes,0.9376,High
15609070,Germany,Male,45,7,120961.5,3,Yes,Yes,39288.11,Yes,0.9363,High
15624820,Spain,Male,56,7,50911.21,3,No,No,97629.31,Yes,0.9358,High
15779947,Spain,Female,28,6,146098.43,3,Yes,No,100615.14,Yes,0.9315,High
15639946,Germany,Female,39,8,162532.14,3,Yes,No,36051.46,Yes,0.9313,High
15583456,Germany,Male,45,10,117231.63,3,Yes,Yes,122381.02,Yes,0.9298,High
15795759,Germany,Female,52,1,107906.75,1,Yes,No,168886.39,Yes,0.9291,High
15799966,Germany,Female,59,9,101609.77,1,No,No,161479.19,Yes,0.9287,High
15813168,Germany,Female,39,3,100717.85,3,Yes,Yes,73406.04,Yes,0.9276,High
15617482,Germany,Female,52,1,131441.51,1,Yes,No,37240.11,Yes,0.9274,High
15797960,Germany,Female,59,0,135296.33,1,Yes,No,182822.5,No,0.9271,High
15711843,Germany,Male,40,1,147856.82,3,No,No,107961.11,Yes,0.9254,High
15605279,France,Male,50,9,0,4,Yes,Yes,194700.81,Yes,0.9246,High
15659931,Germany,Female,55,1,123378.2,1,Yes,No,81431.99,Yes,0.9244,High
15658969,France,Male,51,7,0,3,Yes,No,38409.79,Yes,0.924,High
15573628,Germany,Female,51,7,148074.79,1,Yes,No,146411.41,Yes,0.924,High
15686835,Germany,Female,57,9,148384.64,1,No,No,155047.11,Yes,0.924,High
15645847,Germany,Male,35,2,109196.66,3,Yes,No,109393.19,Yes,0.9224,High
15616213,Germany,Female,51,9,138214.5,1,Yes,No,198715.27,Yes,0.9223,High
15639357,France,Male,46,9,134950.19,3,No,No,178587.36,Yes,0.9222,High
15784958,France,Female,55,10,0,4,Yes,Yes,49418.87,Yes,0.9218,High
15653937,Germany,Female,53,1,123916.67,1,Yes,No,16657.68,Yes,0.9217,High
15611767,Germany,Female,52,0,133723.43,1,No,No,4859.59,Yes,0.9217,High
15602797,Spain,Female,49,5,110132.55,3,No,Yes,187689.91,Yes,0.9212,High
15721460,France,Male,60,8,185648.56,1,No,No,192156.54,Yes,0.9211,High
15796230,Germany,Female,36,2,124495.98,3,Yes,Yes,57904.22,Yes,0.9198,High
15810418,Germany,Female,60,3,115924.89,1,Yes,No,93524.19,Yes,0.9196,High
15609998,Germany,Female,59,5,137648.41,1,Yes,No,142977.05,Yes,0.919,High
15753174,Germany,Male,37,9,139592.98,3,Yes,No,104152.65,Yes,0.9184,High
15636977,Germany,Male,36,9,118214.32,3,Yes,No,119110.03,Yes,0.9184,High
15636089,Germany,Female,51,1,145751.03,1,No,No,109718.44,Yes,0.9183,High
15603942,Germany,Male,50,3,81290.02,3,No,Yes,177747.03,Yes,0.9183,High
15596013,Germany,Female,58,1,143212.22,1,No,No,102628.56,Yes,0.9183,High
15663164,Germany,Male,49,7,116150.65,3,Yes,Yes,84358.71,Yes,0.918,High
15768471,Germany,Female,54,6,108755,1,Yes,No,40914.32,Yes,0.9171,High
15673591,France,Male,44,3,141252.18,4,No,Yes,128521.16,Yes,0.9169,High
15792305,Germany,Male,46,6,123571.77,3,No,Yes,57014.17,Yes,0.9162,High
15815271,Germany,Male,43,6,165048.5,3,Yes,No,16929.41,Yes,0.9162,High
15642821,Spain,Female,48,8,95808.19,1,No,No,137702.01,Yes,0.9149,High
15606641,Germany,Male,56,10,100260.88,3,Yes,Yes,77142.42,Yes,0.9146,High
15586585,Germany,Female,51,2,111018.98,1,Yes,No,86410.28,No,0.9144,High
15805260,Germany,Female,56,2,143249.67,1,Yes,No,88428.41,Yes,0.9144,High
15811762,Germany,Female,54,6,115988.86,1,Yes,No,57553.98,Yes,0.9138,High
15712551,Germany,Female,58,7,116922.25,1,Yes,No,120415.61,Yes,0.9138,High
15593782,Germany,Female,38,5,130878.75,3,Yes,No,71905.77,Yes,0.9137,High
15759436,France,Female,50,2,95813.76,3,Yes,Yes,67944.09,Yes,0.9129,High
15668248,Germany,Female,62,7,133201.17,1,No,No,168507.68,Yes,0.9127,High
15638610,Germany,Female,65,5,117325.54,1,Yes,No,155799.86,Yes,0.9127,High
15669411,Germany,Female,52,6,107467.56,1,Yes,No,126233.18,Yes,0.9126,High
15715622,France,Female,57,3,238387.56,1,No,Yes,147964.99,Yes,0.9123,High
15807120,Germany,Female,52,3,112383.03,1,Yes,No,85516.37,Yes,0.912,High
15776233,Germany,Female,61,8,125397.21,1,Yes,No,182184.09,Yes,0.9115,High
15806688,Spain,Female,56,8,123110.9,3,No,Yes,130113.78,Yes,0.9114,High
15645200,Germany,Female,54,2,152508.99,1,Yes,No,187597.98,Yes,0.9111,High
15741988,Germany,Female,52,8,125396.24,1,Yes,No,10014.72,Yes,0.9107,High
15747757,Germany,Female,58,8,118723.11,1,No,No,6209.51,Yes,0.9107,High
15691504,Germany,Female,52,8,124099.13,1,No,No,23904.52,No,0.9107,High
15663161,Germany,Female,51,5,143139.87,1,No,No,47795.43,Yes,0.9105,High
15625092,Germany,Female,57,3,101465.31,1,Yes,No,43568.31,Yes,0.9093,High
15690546,France,Female,42,2,0,4,No,No,111097.39,Yes,0.9087,High
15732438,France,Male,43,4,0,4,No,No,18522.91,Yes,0.9087,High
15750545,France,Male,44,5,0,4,No,No,117572.59,Yes,0.9081,High
15651674,Spain,Female,54,2,0,1,No,No,191763.07,Yes,0.9077,High
15761294,Germany,Female,56,8,137464.04,1,Yes,No,130846.79,Yes,0.9069,High
15657468,Germany,Female,53,5,123805.03,1,Yes,No,102428.51,No,0.9069,High
15804586,France,Female,46,6,0,1,Yes,No,157333.69,Yes,0.9065,High
15712813,Germany,Male,43,3,150805.17,3,No,Yes,25333.03,Yes,0.906,High
15605534,Germany,Female,51,4,95560.04,1,No,No,72628.84,Yes,0.9058,High
15740442,France,Male,51,8,186825.57,1,Yes,No,93739.71,Yes,0.9058,High
15603135,Germany,Female,59,3,95727.05,1,No,No,97939.4,Yes,0.9058,High
15782688,Germany,Male,56,0,148507.24,1,Yes,No,46824.08,Yes,0.905,High
15695339,Germany,Male,53,0,109172.88,1,Yes,No,54676.1,Yes,0.905,High
15813946,Germany,Male,51,1,104682.83,1,Yes,No,55266.96,Yes,0.905,High
15771728,Germany,Male,41,7,104405.54,3,Yes,No,17384.21,No,0.9049,High
15689886,Germany,Male,39,10,132287.92,3,Yes,Yes,51467.92,Yes,0.9044,High
15706458,Germany,Male,39,5,115730.71,3,Yes,Yes,185599.34,Yes,0.9028,High
15593795,Germany,Female,53,1,156674.2,1,Yes,No,118502.34,Yes,0.9026,High
15771668,France,Male,59,10,185966.64,1,No,No,9445.42,Yes,0.9024,High
15647838,Germany,Female,51,2,116574.84,1,Yes,No,4121.04,Yes,0.9017,High
15767264,Germany,Male,53,1,117438.17,1,No,No,74898.8,Yes,0.9012,High
15677336,Germany,Male,57,1,120043.13,1,Yes,No,132370.75,Yes,0.9012,High
15625426,Germany,Female,55,3,161608.81,1,Yes,No,8080.85,Yes,0.9004,High
15716609,Germany,Male,54,3,134388.11,1,No,No,49954.79,Yes,0.9004,High
15648455,Germany,Male,51,4,131156.76,1,Yes,No,29883.63,No,0.9004,High
15691513,France,Male,60,9,0,4,Yes,Yes,13614.01,Yes,0.9003,High
15572182,Germany,Female,33,3,106506.77,3,Yes,No,45445.78,Yes,0.8985,High
15801559,Germany,Female,41,9,181461.48,3,Yes,Yes,187929.43,Yes,0.8983,High
15685372,Spain,Male,54,1,152677.48,1,Yes,Yes,191973.49,Yes,0.8983,High
15700487,France,Male,46,6,118022.06,3,Yes,No,162643.15,Yes,0.898,High
15794941,Germany,Female,41,1,85906.65,3,Yes,No,189159.97,No,0.8979,High
15737452,Germany,Male,58,1,132602.88,1,Yes,No,5097.67,Yes,0.8977,High
15623107,Spain,Male,45,3,74274.87,3,Yes,No,64907.48,Yes,0.8974,High
15702571,Germany,Female,35,1,151958.19,3,Yes,Yes,131238.37,Yes,0.8966,High
15647008,Germany,Male,54,3,116726.22,1,Yes,No,110498.1,Yes,0.8965,High
15661275,Germany,Male,52,3,110791.97,1,Yes,No,148704.77,Yes,0.8965,High
15642391,Germany,Male,51,4,109978.83,1,No,No,177740.58,Yes,0.8965,High
15774358,Germany,Male,59,4,110939.3,1,Yes,No,72846.58,Yes,0.8965,High
15720559,Germany,Female,61,5,110368.03,1,No,No,11384.45,Yes,0.8962,High
15638882,Germany,Female,62,9,148214.36,1,Yes,No,48571.14,Yes,0.8959,High
15743293,Germany,Female,35,1,163700.78,3,Yes,Yes,29583.48,Yes,0.8957,High
15596870,Germany,Male,54,3,144768.94,1,Yes,No,93336.3,Yes,0.8951,High
15614168,Germany,Female,50,4,146710.76,1,Yes,No,16528.4,Yes,0.8949,High
15764431,Spain,Female,34,5,130929.02,4,Yes,Yes,28238.25,Yes,0.8947,High
15784761,Spain,Female,46,7,87603.35,3,No,Yes,96929.24,Yes,0.8946,High
15743817,Germany,Male,40,8,174126.75,3,Yes,No,172490.78,Yes,0.8941,High
15749583,Germany,Female,38,2,93569.86,3,No,No,10137.34,Yes,0.8935,High
15791102,Germany,Male,41,9,95020.8,3,Yes,Yes,131710.59,Yes,0.8933,High
15750156,Germany,Male,59,2,104568.41,1,Yes,No,8059.44,Yes,0.8929,High
15651883,Germany,Female,55,6,115796.7,1,Yes,No,160526.36,Yes,0.8925,High
15724858,France,Female,54,9,0,1,Yes,No,191212.63,Yes,0.8919,High
15786196,France,Female,44,3,105770.7,3,Yes,No,60533.96,Yes,0.8913,High
15815490,Germany,Male,40,2,164948.98,3,No,No,177028,Yes,0.8912,High
15672056,Germany,Male,43,2,140080.32,3,Yes,Yes,157908.19,Yes,0.8903,High
15676895,Germany,Female,39,6,74596.15,3,Yes,Yes,85746.52,Yes,0.8899,High
15658716,Germany,Female,37,5,92171.35,3,Yes,No,178106.34,Yes,0.8899,High
15664001,Germany,Female,53,8,95231.91,1,No,No,70140.8,Yes,0.8896,High
15739592,Germany,Female,51,10,98438.23,1,No,No,70778.63,Yes,0.8896,High
15793688,France,Male,50,9,201009.64,1,Yes,No,158032.5,Yes,0.8896,High
15728963,Germany,Female,51,10,167273.71,1,No,No,93439.75,Yes,0.8892,High
15698732,Germany,Male,51,3,104677.09,1,Yes,No,74265.38,No,0.8881,High
15766575,Germany,Female,62,8,140745.33,1,Yes,No,193437.89,Yes,0.8865,High
15625824,Spain,Male,30,6,121345.88,4,Yes,No,41921.75,Yes,0.8863,High
15694444,Germany,Female,32,8,157138.99,3,Yes,No,190994.48,Yes,0.886,High
15574068,Germany,Male,56,9,104217.3,1,No,No,55857.48,Yes,0.8856,High
15603851,France,Male,32,7,127785.17,4,No,No,184464.7,Yes,0.8856,High
15812241,Germany,Male,59,7,127197.14,1,Yes,No,51565.98,Yes,0.8856,High
15651264,Germany,Male,51,4,124425.99,1,No,No,118545.49,Yes,0.8854,High
15769246,Germany,Male,59,2,135078.41,1,Yes,No,187636.06,Yes,0.8854,High
15637476,Germany,Female,57,5,162448.69,1,No,No,9221.78,Yes,0.8851,High
15580148,Germany,Male,40,5,168286.81,3,Yes,No,20451.99,Yes,0.885,High
15584037,Germany,Male,58,5,106913.43,1,Yes,No,25881,Yes,0.8841,High
15583392,Germany,Male,37,9,135776.36,3,Yes,No,85470.45,Yes,0.8839,High
15679884,France,Male,48,10,78314.63,3,Yes,Yes,103713.93,Yes,0.8837,High
15640852,Germany,Female,39,5,83348.89,3,Yes,No,7953.62,Yes,0.8822,High
15720371,France,Female,51,3,0,1,Yes,No,173989.47,Yes,0.8816,High
15746708,Germany,Male,55,7,119961.48,1,Yes,No,65156.83,Yes,0.8812,High
15592736,Germany,Male,54,5,102994.04,1,Yes,No,176680.16,Yes,0.8812,High
15732266,Germany,Male,53,5,127997.83,1,Yes,No,165378.66,Yes,0.8812,High
15792064,Germany,Male,53,5,114421.55,1,Yes,No,180598.28,Yes,0.8812,High
15743498,Germany,Male,52,9,137755.76,1,Yes,No,163191.99,Yes,0.8812,High
15763108,Germany,Male,53,7,106261.63,1,Yes,No,93629.66,Yes,0.8812,High
15688849,France,Male,48,1,108019.27,3,Yes,Yes,184524.65,Yes,0.8807,High
15767474,France,Female,57,9,0,3,Yes,Yes,169719.35,Yes,0.8804,High
15586674,Spain,Female,58,5,216109.88,1,No,Yes,74176.71,Yes,0.8802,High
15635964,Germany,Male,65,4,120100.41,1,Yes,No,107563.16,Yes,0.88,High
15605059,Germany,Male,63,3,148843.56,1,Yes,No,69414.13,Yes,0.88,High
15772423,Germany,Male,54,8,126418.14,1,Yes,No,134420.75,Yes,0.8796,High
15734202,Germany,Female,52,4,86891.84,1,Yes,No,90877.76,No,0.8794,High
15669664,Germany,Male,54,1,99774.5,1,No,No,4896.11,Yes,0.879,High
15648967,Germany,Female,64,1,169362.43,1,Yes,No,84760.32,Yes,0.8782,High
15781272,France,Male,50,4,149713.61,3,Yes,Yes,124872.42,Yes,0.8778,High
15596761,Germany,Male,60,9,113715.36,1,Yes,No,18424.24,Yes,0.8771,High
15619304,France,Female,42,8,159660.8,3,Yes,No,113931.57,Yes,0.8769,High
15803202,France,Male,51,10,0,1,Yes,Yes,125823.79,Yes,0.8769,High
15613699,France,Female,60,7,73937.02,1,Yes,No,161937.62,Yes,0.8763,High
15724863,Spain,Female,55,4,91893.32,1,Yes,No,144870.28,Yes,0.8752,High
15609824,France,Female,41,7,176845.41,3,Yes,No,166526.26,Yes,0.875,High
15616152,France,Female,47,1,185513.67,1,Yes,No,27438.83,No,0.8749,High
15768451,Germany,Male,40,5,149131.03,3,Yes,Yes,60036.99,Yes,0.8746,High
15812888,France,Male,41,3,0,4,Yes,Yes,197490.39,Yes,0.8746,High
15638607,France,Female,52,2,0,1,Yes,No,137332.37,Yes,0.8741,High
15707637,France,Female,56,1,0,1,Yes,No,13228.93,Yes,0.8737,High
15571869,Germany,Female,50,4,112650.89,1,No,No,166386.22,Yes,0.8727,High
15727811,Germany,Female,47,0,109493.62,1,No,No,188324.01,Yes,0.8727,High
15595592,France,Female,59,2,0,1,Yes,No,179673.11,Yes,0.8725,High
15791321,Spain,Female,58,4,0,1,Yes,No,176036.01,No,0.8725,High
15608528,France,Female,68,9,0,4,Yes,Yes,176353.87,Yes,0.8723,High
15623314,Germany,Female,59,3,190353.08,1,Yes,No,78365.75,No,0.8722,High
15684868,Germany,Male,56,9,110993.79,1,Yes,No,134396.64,Yes,0.8721,High
15651533,Germany,Female,50,5,129293.74,1,Yes,No,177805.44,Yes,0.8719,High
15806027,France,Female,52,9,0,1,Yes,No,175149.2,Yes,0.8717,High
15713440,Germany,Female,21,1,151701.45,3,Yes,Yes,170138.68,Yes,0.871,High
15612525,France,Female,57,1,0,1,No,No,131372.38,Yes,0.8706,High
15657809,France,Male,55,10,106415.57,3,Yes,Yes,122960.98,Yes,0.8704,High
15625080,Spain,Female,54,8,0,1,Yes,No,173912.29,Yes,0.87,High
15718465,Germany,Male,51,3,96891.46,1,Yes,No,176403.33,Yes,0.8682,High
15608344,Germany,Female,29,7,137059.05,3,Yes,No,102975.72,Yes,0.8679,High
15754577,France,Female,51,8,61354.14,1,Yes,No,198810.65,Yes,0.8672,High
15569249,France,Female,55,6,44582.07,3,No,Yes,67539.85,Yes,0.8672,High
15658982,Germany,Female,28,5,122034.4,3,No,Yes,146663.43,Yes,0.8665,High
15578603,Germany,Female,54,1,77354.37,1,No,No,138192.98,Yes,0.8661,High
15671534,Germany,Female,57,6,90212,1,Yes,No,13911.27,Yes,0.8649,High
15785367,France,Female,56,4,0,1,No,No,84383.22,Yes,0.8647,High
15578787,France,Female,52,4,0,1,Yes,No,90964.54,Yes,0.8647,High
15658067,Germany,Female,48,3,120568.41,1,Yes,No,190160.04,Yes,0.8639,High
15730044,Germany,Female,42,6,64497.94,3,No,Yes,182436.81,Yes,0.8636,High
15704284,Germany,Male,57,9,95295.39,1,Yes,No,28434.44,Yes,0.8632,High
15571059,France,Female,54,3,0,1,Yes,No,130805.54,Yes,0.8629,High
15806570,France,Female,53,4,0,1,Yes,No,77203.72,Yes,0.8629,High
15686242,France,Female,57,4,0,1,No,No,85876.67,Yes,0.8629,High
15751561,Germany,Male,61,7,102453.26,1,Yes,No,187247.56,Yes,0.8626,High
15663410,Spain,Male,51,5,135506.58,3,Yes,Yes,152479.64,Yes,0.8625,High
15809320,Spain,Female,52,0,0,1,Yes,No,31726.76,Yes,0.86240000000000006,High
15804721,France,Male,49,0,191808.73,1,No,No,97640.2,No,0.8613,High
15689786,Germany,Male,56,1,169743.83,1,No,No,155850.4,Yes,0.8603,High
15743490,Germany,Female,56,9,94348.94,1,Yes,No,29239.29,Yes,0.8602,High
15672432,France,Female,53,4,0,1,Yes,No,5408.74,Yes,0.8601,High
15704987,France,Female,52,8,49113.75,1,Yes,No,41858.43,No,0.8589,High
15813659,France,Female,56,7,0,1,Yes,No,26215.85,Yes,0.8589,High
15751158,France,Female,42,4,108825.34,3,Yes,No,55558.51,Yes,0.8588,High
15811690,Germany,Male,54,2,128966.13,1,No,No,18633.4,Yes,0.8587,High
15807563,France,Female,52,5,0,1,No,No,183239.71,Yes,0.8584,High
15717770,Spain,Female,55,7,0,1,No,No,171762.87,Yes,0.8584,High
15585362,France,Female,60,6,0,1,Yes,No,17978.68,Yes,0.857,High
15661473,Germany,Male,51,4,126725.25,1,Yes,No,195259.31,Yes,0.8557,High
15651900,Germany,Female,53,1,81571.05,1,Yes,No,182960.46,Yes,0.8557,High
15571571,Germany,Female,31,3,127331.46,3,Yes,Yes,176433.6,No,0.8549,High
15813412,France,Female,55,3,44020.89,1,Yes,No,65864.4,Yes,0.8545,High
15613189,France,Female,52,2,56580.93,1,Yes,No,113266.28,Yes,0.8541,High
15606613,France,Female,59,7,0,1,Yes,No,88958.49,Yes,0.8536,High
15796910,Spain,Female,57,7,0,1,No,No,84106.17,Yes,0.8536,High
15793455,Spain,Female,55,6,0,1,No,No,91943.94,Yes,0.8536,High
15798895,France,Female,59,6,55328.4,1,Yes,No,83342.73,Yes,0.8536,High
15632280,Spain,Female,53,9,0,1,Yes,No,125692.07,Yes,0.8536,High
15654733,Germany,Male,57,3,117056.46,1,Yes,No,93336.93,Yes,0.8534,High
15591169,Germany,Female,49,4,137455.99,1,Yes,No,184178.29,Yes,0.8533,High
15793307,Spain,Female,41,4,142880.28,3,No,No,185541.2,Yes,0.853,High
15592816,Germany,Female,48,1,108076.33,1,Yes,No,118855.26,Yes,0.8516,High
15748660,Germany,Female,49,1,102025.32,1,Yes,No,133051.64,Yes,0.8516,High
15712403,France,Female,61,1,0,1,Yes,No,61108.56,Yes,0.8507,High
15702095,Spain,Female,56,1,128472.8,1,Yes,No,186476.91,Yes,0.8507,High
15622897,France,Female,46,4,0,3,Yes,No,93251.42,Yes,0.8503,High
15619608,Germany,Female,50,10,92895.56,1,Yes,No,154344,Yes,0.8492,High
15724223,France,Female,55,5,0,1,No,No,10034.77,Yes,0.8487,High
15768342,France,Male,52,8,79475.3,3,Yes,Yes,32421.32,Yes,0.8481,High
15568032,Germany,Male,31,1,127320.36,3,Yes,No,163170.32,No,0.848,High
15594391,France,Female,68,2,183555.24,1,No,No,159557.28,Yes,0.8473,High
15734008,Germany,Male,59,5,152581.06,1,Yes,No,71830.1,Yes,0.8469,High
15764604,France,Female,35,7,164769.02,3,Yes,No,119814.25,Yes,0.8467,High
15752507,Germany,Male,60,9,148846.39,1,Yes,No,192831.67,Yes,0.8451,High
15724154,Germany,Female,49,4,128504.76,1,Yes,No,126812.63,Yes,0.8449,High
15731555,Germany,Female,45,9,106000.12,1,No,No,191448.96,Yes,0.8448,High
15664555,France,Male,40,2,0,4,No,Yes,106174.7,Yes,0.8444,High
15600975,France,Female,54,4,150005.38,1,Yes,No,157015.5,Yes,0.844,High
15702541,France,Female,59,2,166968.28,1,Yes,No,159483.76,Yes,0.844,High
15671769,France,Female,71,4,170252.05,3,Yes,Yes,73679.59,Yes,0.8432,High
15708534,Spain,Female,64,5,0,1,Yes,No,136079.64,Yes,0.8429,High
15775192,Germany,Female,48,4,102962.62,1,Yes,No,120852.85,Yes,0.8429,High
15618936,France,Female,51,5,0,1,Yes,No,91624.11,Yes,0.8428,High
15697510,Spain,Female,52,7,0,1,Yes,No,109688.82,Yes,0.8428,High
15718057,France,Female,51,2,100946.71,1,No,No,179614.8,Yes,0.842,High
15726103,Germany,Female,55,1,76296.81,1,Yes,No,42364.75,Yes,0.842,High
15701687,Spain,Male,44,7,77526.66,3,No,No,57338.56,Yes,0.842,High
15806049,Germany,Female,49,5,140510.89,1,Yes,No,141914.94,No,0.8419,High
15793049,Germany,Female,48,8,115115.38,1,Yes,No,139558.6,Yes,0.8419,High
15697100,Germany,Female,48,6,108736.52,1,Yes,No,184564.67,Yes,0.8415,High
15713975,Germany,Female,47,10,139756.12,1,Yes,No,165849.49,Yes,0.8413,High
15724321,Germany,Female,47,9,128298.74,1,No,No,149614.17,Yes,0.8413,High
15769917,Germany,Female,34,1,127122.79,3,No,Yes,76703.1,No,0.8411,High
15686236,Germany,Female,47,1,118087.68,1,Yes,No,88120.78,Yes,0.84,High
15646190,France,Female,56,0,119963.45,1,No,No,158325.87,Yes,0.8397,High
15571415,Germany,Male,56,6,151802.29,1,Yes,No,46791.09,Yes,0.8395,High
15806318,Germany,Female,48,2,124442.38,1,Yes,No,15068.53,Yes,0.8394,High
15794056,France,Female,46,2,0,3,Yes,No,89048.46,Yes,0.8393,High
15752081,France,Female,56,10,0,3,No,Yes,62256.87,Yes,0.8391,High
15666711,France,Female,46,0,0,3,No,Yes,131553.82,Yes,0.8382,High
15591698,Germany,Female,49,9,132934.89,1,Yes,No,171056.65,Yes,0.8378,High
15609623,France,Female,63,5,0,1,Yes,No,28092.77,Yes,0.8375,High
15677310,Germany,Male,62,5,98854.34,1,No,No,86920.97,Yes,0.8365,High
15722010,Spain,Male,53,9,170491.84,1,Yes,No,35588.07,Yes,0.8349,High
15772482,Germany,Male,28,3,132405.52,3,Yes,No,104889.2,Yes,0.8348,High
15621423,France,Female,42,7,117280.23,3,No,No,41921.06,Yes,0.8342,High
15601410,Spain,Female,46,1,0,3,Yes,Yes,177431.59,Yes,0.8342,High
15607526,Germany,Male,50,1,102645.48,1,Yes,No,168359.98,Yes,0.8341,High
15622478,France,Female,40,7,105061.74,3,Yes,No,107815.31,Yes,0.834,High
15690452,France,Male,52,1,63349.75,1,Yes,No,108887.44,No,0.8338,High
15776780,France,Male,59,1,0,1,Yes,No,70649.64,Yes,0.8338,High
15656683,France,Male,52,1,0,1,No,No,63584.55,Yes,0.8338,High
15734711,France,Male,42,7,0,1,Yes,No,77786.37,Yes,0.8336,High
15751491,Germany,Male,50,3,117206.3,1,Yes,No,42840.18,Yes,0.8328,High
15608873,France,Male,51,2,0,1,No,No,53353.36,No,0.8326,High
15693864,Germany,Female,49,5,134956.02,1,Yes,No,93953.84,Yes,0.8325,High
15647842,Germany,Female,48,8,120782.7,1,Yes,No,63940.68,Yes,0.8325,High
15744873,Germany,Female,48,5,143595.87,1,No,No,101314.65,Yes,0.8325,High
15571529,Germany,Female,48,7,138232.24,1,Yes,No,57594.78,No,0.8325,High
15738148,France,Female,51,8,122522.32,1,No,No,181297.65,Yes,0.8316,High
15708212,Spain,Female,54,7,118241.02,1,Yes,No,172586.89,Yes,0.8316,High
15649150,France,Female,53,5,127642.44,1,Yes,No,141501.45,Yes,0.8316,High
15614813,Germany,Female,46,0,107362.8,1,Yes,No,487.3,No,0.8313,High
15760865,Germany,Female,48,7,141819.02,1,Yes,No,93550.53,Yes,0.8304,High
15711716,France,Female,56,1,131368.3,1,Yes,No,106918.67,Yes,0.8302,High
15642530,Germany,Female,47,10,144090.42,1,Yes,No,140938.95,Yes,0.8297,High
15600934,France,Female,52,7,125095.94,1,Yes,No,171189.83,Yes,0.8294,High
15745083,Germany,Male,59,8,91415.76,1,No,No,27965,Yes,0.8294,High
15765518,France,Female,51,2,105229.53,1,Yes,No,34967.75,Yes,0.829,High
15755178,France,Male,50,1,0,3,Yes,Yes,191849.15,Yes,0.8289,High
15654577,Germany,Male,54,5,92877.33,1,Yes,No,2619.64,Yes,0.8289,High
15718242,Germany,Female,47,1,104887.43,1,No,No,86622.56,Yes,0.8284,High
15719991,Spain,Female,52,1,154733.97,1,Yes,No,80259.67,Yes,0.8281,High
15778368,Germany,Male,50,4,121175.56,1,Yes,No,117505.07,Yes,0.8268,High
15794580,France,Male,58,4,0,1,No,No,176407.15,Yes,0.8265,High
15649121,France,Male,52,3,0,1,Yes,No,116137.01,Yes,0.8265,High
15704583,France,Male,56,2,0,1,Yes,No,114522.68,Yes,0.8265,High
15734524,France,Male,51,3,0,1,Yes,No,170426.65,Yes,0.8265,High
15618774,France,Male,54,3,0,1,Yes,No,108409.17,Yes,0.8265,High
15635116,Spain,Male,60,2,0,1,Yes,No,177480.45,Yes,0.8265,High
15623989,France,Male,54,3,0,1,Yes,No,156910.46,Yes,0.8265,High
15592716,France,Male,52,2,0,1,Yes,No,129013.59,Yes,0.8265,High
15813067,Germany,Female,45,3,110219.14,1,Yes,No,43046.7,Yes,0.8258,High
15672594,France,Female,60,0,131778.08,1,No,No,10703.53,Yes,0.8247,High
15734649,Spain,Female,55,0,133295.98,1,Yes,No,22832.71,Yes,0.8239,High
15597949,Germany,Female,47,5,104552.61,1,Yes,No,48137.08,Yes,0.8238,High
15672374,France,Male,52,8,170008.84,1,No,No,56407.42,Yes,0.823,High
15711028,France,Male,52,1,0,3,Yes,Yes,104035.41,Yes,0.8229,High
15684196,France,Female,55,2,159441.27,1,Yes,No,100686.11,Yes,0.8228,High
15785406,France,Female,51,4,105056.13,1,No,No,70613.52,No,0.8228,High
15707674,France,Female,58,2,131852.81,1,Yes,No,81436.68,Yes,0.8228,High
15654025,France,Female,51,4,101629.3,1,No,No,130541.1,No,0.8228,High
15769959,France,Female,53,4,88381.21,1,Yes,No,69384.71,Yes,0.8228,High
15635364,France,Female,49,9,44301.43,3,Yes,Yes,89729.3,Yes,0.8221,High
15608381,Germany,Male,50,2,125845.66,1,Yes,No,9439.31,Yes,0.8212,High
15628600,Germany,Female,31,1,141069.18,3,Yes,Yes,194257.11,No,0.8211,High
15600399,France,Male,60,4,0,1,Yes,No,197727.14,Yes,0.8208,High
15597896,Germany,Male,30,0,127760.07,1,Yes,No,81537.85,Yes,0.8203,High
15589449,France,Female,56,3,0,3,Yes,Yes,94248.16,Yes,0.8196,High
15750447,France,Female,60,10,117738.81,1,Yes,No,147489.76,Yes,0.8194,High
15601811,France,Female,53,10,110240.04,1,No,No,183980.56,Yes,0.8194,High
15636454,France,Female,60,6,101070.69,1,Yes,No,177355.8,Yes,0.8194,High
15671209,Germany,Female,29,5,101713.84,3,Yes,No,134594.99,No,0.819,High
15585367,Germany,Female,46,4,120392.99,1,Yes,No,177719.88,Yes,0.8187,High
15700627,Germany,Female,46,2,143500.82,1,Yes,No,166996.46,Yes,0.8187,High
15770995,Germany,Female,47,1,131160.85,1,Yes,No,197444.69,No,0.8182,High
15657349,Germany,Female,50,8,98173.02,1,No,No,22457.25,Yes,0.8182,High
15598751,France,Female,43,6,0,3,No,No,125154.57,Yes,0.817,High
15802593,France,Female,49,7,0,3,No,Yes,87822.14,Yes,0.8161,High
15707473,Germany,Female,48,6,111962.99,1,Yes,No,111755.8,No,0.8159,High
15802741,France,Female,51,7,136294.97,1,Yes,No,38867.46,Yes,0.8156,High
15641604,France,Female,55,10,98488.08,1,Yes,No,155879.57,Yes,0.8149,High
15644833,France,Male,54,2,0,1,Yes,No,149583.67,Yes,0.8141,High
15814846,France,Male,52,3,0,1,Yes,No,175843.68,Yes,0.8141,High
15787318,Germany,Female,47,6,103163.35,1,Yes,No,16259.64,Yes,0.814,High
15772781,France,Female,51,3,0,3,Yes,Yes,77294.56,Yes,0.8133,High
15762716,Spain,Female,60,10,168920.75,1,Yes,No,31445.03,Yes,0.8133,High
15734610,France,Male,42,4,89838.71,3,Yes,No,85983.54,Yes,0.8129,High
15642345,Germany,Female,49,4,93059.34,1,Yes,No,7571.51,Yes,0.8122,High
15601012,France,Female,60,3,92887.06,1,Yes,No,39473.63,Yes,0.8121,High
15653849,Germany,Female,48,3,152827.99,1,Yes,No,38411.79,Yes,0.8115,High
15811343,Germany,Male,35,5,161591.11,3,Yes,Yes,63795.62,No,0.8103,High
15658577,France,Female,37,10,99546.25,3,No,Yes,25136.95,Yes,0.8101,High
15592925,Spain,Male,42,3,177626.77,3,No,Yes,16392.72,Yes,0.8101,High
15579212,France,Male,57,6,0,1,Yes,No,33676.48,Yes,0.8098,High
15623369,France,Male,52,10,105355.81,1,Yes,No,123.07,Yes,0.8094,High
15798975,Germany,Male,48,4,132403.56,1,No,No,36091.91,Yes,0.8091,High
15777553,France,Female,56,9,123785.24,1,Yes,No,99504.03,Yes,0.809,High
15735878,Germany,Female,47,10,134381.52,1,No,No,26812.89,Yes,0.809,High
15651823,France,Female,60,6,147751.75,1,Yes,No,88206.04,Yes,0.809,High
15705009,France,Female,56,8,156974.26,1,Yes,No,89405.26,Yes,0.809,High
15756321,Spain,Female,52,5,144772.69,1,No,No,98302.57,Yes,0.809,High
15619955,Germany,Male,34,3,100337.96,3,Yes,No,48559.19,Yes,0.8084,High
15655410,Germany,Male,49,1,133384.66,1,Yes,No,102397.22,Yes,0.8082,High
15745326,France,Female,62,3,75051.49,1,No,No,17682.02,Yes,0.8072,High
15626147,France,Female,62,8,144976.5,1,No,No,175836.03,Yes,0.8069,High
15673995,Spain,Female,65,9,102541.1,1,Yes,No,181490.42,No,0.8069,High
15612494,France,Female,44,6,128747.69,1,Yes,No,146955.71,Yes,0.8063,High
15640507,Spain,Female,35,3,119349.69,3,Yes,Yes,47114.18,Yes,0.806,High
15765300,Germany,Male,40,5,62389.03,3,Yes,No,148623.43,Yes,0.8059,High
15732430,Spain,Female,54,4,120952.74,1,Yes,No,66963.15,No,0.8055,High
15651664,France,Female,61,1,104267.7,1,Yes,No,62845.64,Yes,0.8054,High
15593736,Germany,Female,46,7,131769.04,1,No,No,184980.23,Yes,0.8047,High
15624519,Germany,Female,49,9,97092.87,1,Yes,No,74771.22,Yes,0.8044,High
15605916,France,Female,50,3,0,1,Yes,No,183399.12,Yes,0.8041,High
15592751,Germany,Female,63,3,81245.79,1,Yes,No,69643.31,Yes,0.804,High
15813113,Spain,Female,56,5,0,1,Yes,No,35418.69,Yes,0.8036,High
15631406,Germany,Male,50,5,109387.9,1,Yes,No,155721.15,No,0.8035,High
15743411,Spain,Male,61,1,0,1,Yes,No,22447.85,Yes,0.8034,High
15597930,France,Male,52,8,59669.43,1,No,No,172495.81,Yes,0.8032,High
15789582,France,Male,55,9,0,1,Yes,No,64593.07,No,0.8032,High
15635435,France,Female,54,9,120633.42,1,No,No,5924.38,Yes,0.803,High
15643770,France,Female,52,5,112670.48,1,Yes,No,21085.17,Yes,0.8026,High
15680706,Germany,Male,48,4,131834.8,1,Yes,No,166476.95,Yes,0.8024,High
15652030,Germany,Male,49,2,108204.52,1,Yes,No,169037.84,Yes,0.8024,High
15690829,Germany,Male,49,3,137115.16,1,Yes,No,146516.86,Yes,0.8024,High
15669899,Germany,Female,45,7,135643,1,No,No,143619.52,Yes,0.8023,High
15786463,Germany,Female,59,8,121669.93,2,No,No,91.75,Yes,0.8018,High
15679410,France,Female,62,4,140549.4,1,Yes,No,30990.16,Yes,0.8016,High
15662098,Spain,Male,41,3,128808.65,3,No,No,113677.53,Yes,0.8015,High
15732643,Spain,Female,53,1,131955.07,1,Yes,Yes,62514.65,Yes,0.8015,High
15707567,Germany,Male,50,6,145338.76,1,No,No,91936.1,Yes,0.8011,High
15750731,Germany,Male,50,9,116309.01,1,Yes,No,185360.4,Yes,0.8011,High
15588614,France,Male,57,7,0,1,Yes,No,159475.08,Yes,0.8007,High
15783225,France,Male,54,9,0,1,Yes,No,83470.4,Yes,0.8007,High
15591107,Germany,Female,68,3,110357,1,No,No,141977.54,Yes,0.7998,High
15684173,Spain,Female,44,7,0,3,Yes,No,155853.52,Yes,0.7991,High
15691785,France,Male,61,1,0,1,Yes,No,53067.83,Yes,0.7982,High
15738907,France,Female,60,6,96956.1,1,Yes,No,31907.44,Yes,0.7978,High
15680303,France,Male,57,6,0,1,Yes,No,19376.56,Yes,0.797,High
15589793,France,Male,53,8,144453.75,1,Yes,No,190998.96,Yes,0.7967,High
15653251,France,Female,84,8,87873.39,1,No,No,188484.52,Yes,0.7967,High
15679145,Spain,Male,57,7,0,1,Yes,No,17941.16,Yes,0.7965,High
15611430,France,Male,54,5,0,1,Yes,No,12847.61,Yes,0.7965,High
15766044,Germany,Male,49,4,120688.61,1,Yes,No,24770.22,Yes,0.7962,High
15637753,Germany,Male,50,2,96888.39,1,Yes,No,77206.25,Yes,0.7955,High
15810460,Spain,Female,64,5,0,3,No,Yes,112520.07,Yes,0.795,High
15805637,France,Male,36,9,108546.16,3,Yes,No,133807.77,Yes,0.7944,High
15587233,France,Male,41,8,73700.12,3,Yes,Yes,185750.02,Yes,0.7935,High
15678284,France,Male,35,7,74623.5,3,Yes,No,129451.29,Yes,0.7935,High
15708867,Spain,Female,38,3,134168.5,3,Yes,No,3966.5,Yes,0.7925,High
15720637,Germany,Female,46,10,120530.34,1,Yes,No,166586.99,Yes,0.7911,High
15571778,France,Female,55,10,117561.49,1,Yes,No,95941.55,Yes,0.7907,High
15724336,Germany,Female,49,5,171601.27,1,Yes,No,126223.84,No,0.7901,High
15588080,France,Male,54,6,0,1,Yes,No,110273.84,Yes,0.7895,High
15758116,France,Male,53,5,64646.7,1,Yes,No,128019.48,Yes,0.7895,High
15729201,France,Male,55,9,0,1,Yes,No,153356.8,Yes,0.7895,High
15797165,France,Male,56,9,0,1,No,No,85547.33,Yes,0.7895,High
15756804,France,Female,48,1,170833.46,1,Yes,No,110510.28,Yes,0.7894,High
15727353,France,Female,64,7,142028.36,1,Yes,No,32275.09,Yes,0.7892,High
15634245,Germany,Female,47,9,95523.16,1,Yes,No,73294.48,No,0.7875,High
15812198,Germany,Male,48,1,100900.5,1,No,No,33310.72,Yes,0.7869,High
15577999,France,Female,62,1,124678.35,1,Yes,No,70916,Yes,0.7869,High
15566988,Germany,Female,46,7,141535.52,1,Yes,No,50595.15,Yes,0.7869,High
15762762,Germany,Female,45,5,118886.55,1,No,No,51636.7,No,0.7869,High
15648075,Germany,Female,47,5,170935.94,1,Yes,No,173179.79,Yes,0.7868,High
15726855,Germany,Female,45,9,116585.97,1,Yes,No,189428.75,Yes,0.7861,High
15689781,France,Female,49,0,0,1,No,No,178709.98,Yes,0.7861,High
15610686,France,Male,63,8,169832.57,1,No,No,184107.26,Yes,0.7853,High
15743236,France,Female,61,7,80538.56,1,Yes,No,131305.37,Yes,0.7849,High
15633233,France,Male,56,1,100374.58,1,Yes,No,118490.8,Yes,0.7848,High
15693764,Spain,Male,52,0,136298.65,1,Yes,No,144593.3,Yes,0.7848,High
15768600,Germany,Male,50,9,130023.38,1,Yes,No,62989.82,Yes,0.7848,High
15617486,France,Male,52,1,106723.28,1,No,No,109960.4,Yes,0.7848,High
15810593,France,Male,51,4,0,3,Yes,Yes,66586.56,No,0.7846,High
15791533,Spain,Male,42,6,93608.28,1,Yes,No,168816.73,Yes,0.7845,High
15574842,Germany,Female,25,2,158266.42,3,Yes,Yes,199357.24,No,0.7838,High
15650538,Germany,Female,48,7,168286.58,1,Yes,No,16645.77,Yes,0.7836,High
15805704,France,Female,32,2,0,4,No,Yes,179705.13,Yes,0.7835,High
15775306,Germany,Male,28,8,122384.22,3,Yes,Yes,89017.38,Yes,0.7834,High
15773283,France,Male,65,6,38340.02,1,Yes,No,32607.77,Yes,0.7829,High
15570931,France,Male,61,5,0,1,No,No,31641.52,Yes,0.7829,High
15683124,France,Male,53,6,115029.4,1,No,No,191521.32,Yes,0.7827,High
15798844,France,Male,54,7,128914.97,1,No,No,191746.23,Yes,0.7827,High
15792228,France,Male,60,0,152335.7,1,Yes,No,126743.33,Yes,0.7822,High
15709941,France,Male,46,8,0,3,Yes,No,90747.94,Yes,0.7813,High
15677105,Germany,Female,46,4,105214.58,1,Yes,No,108699.59,Yes,0.7808,High
15601857,Germany,Female,46,4,115518.07,1,No,No,76544.9,Yes,0.7808,High
15676404,France,Female,50,1,0,1,Yes,No,12106.82,Yes,0.7806,High
15691817,Spain,Female,44,5,0,3,No,No,5459.07,Yes,0.78,High
15771942,Germany,Female,46,9,135555.66,1,Yes,No,133146.03,Yes,0.7796,High
15769703,Germany,Female,45,8,111257.59,1,No,No,97623.42,Yes,0.7796,High
15618239,France,Female,48,0,0,1,Yes,No,85081.09,No,0.7796,High
15768163,Germany,Female,46,7,137145.12,1,Yes,No,115146.4,Yes,0.7796,High
15709016,Germany,Female,47,1,91219.29,1,No,No,158845.49,Yes,0.7793,High
15628972,Germany,Male,32,1,123906.22,3,Yes,Yes,127443.82,Yes,0.779,High
15730287,France,Male,41,8,147726.98,3,Yes,No,172749.4,Yes,0.7786,High
15605000,France,Male,38,9,140278.99,3,Yes,Yes,171457.06,Yes,0.7782,High
15579334,Germany,Female,45,5,126674.81,1,Yes,No,124118.71,Yes,0.7769,High
15654456,Germany,Male,48,6,149726.08,1,No,No,88307.87,Yes,0.7767,High
15569079,Germany,Male,48,6,126066.26,1,Yes,No,64345.61,Yes,0.7767,High
15623499,Germany,Male,49,9,108437.89,1,No,No,127022.87,Yes,0.7767,High
15582325,France,Male,52,2,87894.26,1,Yes,No,173899.42,Yes,0.7759,High
15799635,Spain,Male,51,2,108867,1,No,No,140800.66,Yes,0.7759,High
15756920,France,Male,63,9,70655.48,1,No,No,78955.8,Yes,0.7755,High
15732061,Germany,Female,45,1,121874.89,1,No,No,6865.41,Yes,0.7746,High
15686099,Spain,Male,61,1,82182.1,1,Yes,No,106826.92,Yes,0.7735,High
15589475,Spain,Female,39,3,0,3,Yes,No,140469.38,Yes,0.7734,High
15790113,Germany,Female,71,6,113317.1,1,Yes,No,108258.22,Yes,0.7729,High
15803689,Germany,Female,51,1,119741.77,2,No,No,54954.51,Yes,0.7724,High
15571928,France,Female,43,4,0,3,Yes,No,115136.51,Yes,0.7718,High
15705953,Spain,Male,51,0,169312.13,1,Yes,No,109078.35,Yes,0.7702,High
15694765,Germany,Male,49,6,113882.33,1,Yes,No,195813.81,Yes,0.7698,High
15761554,France,Male,54,4,89299.81,1,No,No,5558.47,Yes,0.7691,High
15791944,France,Male,32,7,175464.85,3,Yes,No,116442.42,Yes,0.7689,High
15618255,Germany,Female,56,6,103244.86,2,Yes,No,143049.72,Yes,0.7665,High
15649033,Germany,Female,55,7,127723.25,2,Yes,No,139469.11,Yes,0.7665,High
15808386,Germany,Female,45,7,138523.2,1,No,No,59604.45,Yes,0.7647,High
15804853,France,Female,48,0,57098.96,1,Yes,No,85644.06,Yes,0.7642,High
15648794,Spain,Male,57,4,101247.06,1,Yes,No,37141.62,Yes,0.7632,High
15646764,Germany,Female,58,3,119024.75,2,Yes,No,35199.24,Yes,0.7632,High
15761053,Germany,Male,48,2,131326.47,1,No,No,1140.02,Yes,0.7622,High
15713483,Spain,Male,52,2,0,1,Yes,No,159123.82,Yes,0.762,High
15689328,Germany,Male,48,9,114169.16,1,No,No,173273.2,Yes,0.7617,High
15583863,Germany,Male,49,8,142946.18,1,No,No,187280.51,Yes,0.7617,High
15749519,France,Male,38,6,128289.7,3,Yes,No,9149.96,Yes,0.7614,High
15759618,France,Female,48,9,0,1,Yes,No,149892.79,Yes,0.7611,High
15751455,France,Female,48,5,0,1,Yes,No,160529.71,Yes,0.7611,High
15755649,Germany,Male,47,7,130538.77,1,Yes,No,92915.84,No,0.761,High
15758023,Germany,Male,47,5,105245.21,1,No,No,99922.08,Yes,0.761,High
15751748,France,Male,51,2,148222.65,1,No,No,156953.54,Yes,0.7609,High
15694556,France,Male,60,2,116563.58,1,Yes,No,120257.7,Yes,0.7609,High
15570379,Spain,Male,51,3,88827.53,1,No,No,85250.77,Yes,0.7609,High
15639077,France,Female,30,2,158584.82,3,Yes,No,142342.55,Yes,0.7607,High
15594133,Spain,Male,62,7,0,1,Yes,No,129188.18,Yes,0.7605,High
15725794,France,Female,49,1,0,1,Yes,No,116249.72,Yes,0.7594,High
15602010,Germany,Female,45,5,103909.86,1,Yes,No,60083.11,Yes,0.7593,High
15629677,Spain,Female,39,2,0,3,No,No,188150.6,Yes,0.7583,High
15649292,France,Female,49,7,29602.08,1,No,No,163550.58,Yes,0.7583,High
15677796,Germany,Male,47,9,129289.98,1,Yes,No,169935.46,Yes,0.7582,High
15587299,France,Female,48,3,0,1,Yes,No,55362.45,No,0.7577,High
15676571,France,Male,55,6,0,1,Yes,No,944.41,Yes,0.757,High
15683053,Spain,Female,48,2,0,1,Yes,No,160976.85,Yes,0.7569,High
15700801,Germany,Male,42,6,84445.68,3,No,Yes,60021.34,Yes,0.7567,High
15687162,France,Male,51,9,119889.84,1,No,No,56767.67,Yes,0.7558,High
15620111,France,Male,54,8,133436.52,1,Yes,No,56787.8,No,0.7558,High
15665222,Spain,Male,52,8,121161.57,1,Yes,No,48988.28,No,0.7558,High
15797900,France,Male,56,9,142147.32,1,No,No,39488.04,Yes,0.7558,High
15722991,France,Male,54,9,96402.96,1,No,No,52035.29,Yes,0.7558,High
15699523,Germany,Female,55,4,126817.65,2,Yes,No,123269.71,No,0.7553,High
15652626,France,Male,55,4,115285.85,1,Yes,No,140126.17,No,0.7553,High
15569595,France,Female,50,6,0,1,Yes,No,8199.5,No,0.7551,High
15571958,Spain,Male,40,3,221532.8,1,Yes,No,171867.08,No,0.7547,High
15781553,Germany,Female,49,9,91502.99,1,Yes,No,117232.9,Yes,0.7545,High
15775590,Germany,Female,48,2,69329.47,1,No,No,102640.52,Yes,0.7545,High
15642726,France,Male,53,3,83568.26,1,No,No,1235.49,No,0.7515,High
15588090,Germany,Female,51,8,107494.86,2,Yes,No,140937.91,Yes,0.7511,High
15714485,France,Male,60,5,85891.55,1,Yes,No,74135.48,Yes,0.7504,High
15800434,Germany,Male,52,10,76915.4,1,No,No,146359.81,Yes,0.7502,High
15720071,France,Female,49,3,0,1,No,No,61820.41,Yes,0.7498,High
15745399,Spain,Female,49,2,0,1,Yes,No,84863.85,Yes,0.7498,High
15658768,France,Female,49,2,0,1,No,No,65466.93,Yes,0.7498,High
15708063,France,Male,36,2,100749.5,3,No,No,70758.37,Yes,0.7493,High
15721658,Spain,Female,56,2,209767.31,2,Yes,Yes,150694.42,Yes,0.7492,High
15691723,Spain,Male,55,9,99685.06,1,Yes,No,114474.98,No,0.7478,High
15674541,Spain,Male,52,8,123925.23,1,No,No,111342.66,Yes,0.7478,High
15694381,France,Male,51,8,100654.8,1,Yes,No,171587.9,No,0.7478,High
15771409,France,Male,58,7,151933.63,1,Yes,No,162960.05,Yes,0.7478,High
15810723,France,Female,39,10,0,3,Yes,No,132741.13,Yes,0.7472,High
15744044,Germany,Male,47,4,99353.42,1,Yes,No,196549.85,Yes,0.7472,High
15761670,France,Female,50,8,0,1,Yes,No,126381.6,Yes,0.7471,High
15773276,Spain,Male,63,4,114552.6,1,Yes,No,73856.28,Yes,0.7456,High
15760216,France,Female,49,10,0,1,Yes,No,184474.72,Yes,0.7454,High
15612095,France,Female,48,9,0,1,Yes,No,137508.42,Yes,0.7453,High
15654901,France,Male,51,10,141556.96,1,Yes,No,130189.53,No,0.7449,High
15758813,Germany,Male,39,0,109733.2,2,No,No,123602.11,Yes,0.7447,High
15640580,France,Female,47,9,0,1,Yes,No,187943.6,No,0.7446,High
15798470,Spain,Female,48,1,75990.97,1,Yes,No,158323.81,Yes,0.7444,High
15737267,France,Female,49,1,0,1,Yes,No,79342.31,Yes,0.7436,High
15808868,France,Female,31,3,103696.97,3,No,No,155221.05,Yes,0.7436,High
15706163,Germany,Male,46,4,113625.93,1,No,No,92727.42,Yes,0.7429,High
15787161,Germany,Male,46,4,129269.27,1,Yes,No,163504.33,No,0.7429,High
15790630,France,Female,48,4,0,1,No,No,18094.96,Yes,0.7425,High
15661626,Germany,Female,45,6,98792.4,1,Yes,No,81491.7,Yes,0.7424,High
15683183,Germany,Female,45,6,97652.96,1,Yes,No,127332.33,No,0.7424,High
15696605,France,Male,49,4,180614.04,1,No,No,523,No,0.7419,High
15757759,Spain,Female,28,7,165969.26,3,Yes,No,156122.13,Yes,0.741,High
15693690,Spain,Male,52,7,115532.52,1,Yes,No,196257.67,No,0.7403,High
15671256,France,Female,35,1,211774.31,1,Yes,No,188574.12,Yes,0.7401,High
15660505,Germany,Male,46,2,106344.95,1,Yes,No,114371.33,Yes,0.74,High
15624510,France,Male,52,6,139781.06,1,Yes,No,27445.4,Yes,0.7399,High
15565796,Germany,Male,48,10,96048.55,1,Yes,No,74510.65,No,0.7392,High
15605698,France,Male,58,3,0,3,Yes,Yes,80344.96,Yes,0.7389,High
15690007,Germany,Female,58,9,125801.03,2,Yes,No,60891.8,Yes,0.738,High
15725679,France,Female,47,6,0,1,No,No,194998.34,Yes,0.7371,High
15680449,Germany,Female,44,2,138843.7,1,Yes,No,37688.31,Yes,0.7371,High
15569274,Germany,Male,49,2,116933.11,1,Yes,No,195053.58,Yes,0.736,High
15763256,Germany,Female,64,8,128751.65,2,Yes,No,189398.18,Yes,0.7354,High
15673877,France,Male,39,1,0,3,Yes,No,171060.01,Yes,0.7343,High
15745250,France,Male,58,8,156652.13,1,No,No,25899.21,Yes,0.7341,High
15589715,France,Female,66,5,0,1,Yes,No,49553.38,Yes,0.7339,High
15793949,France,Female,48,4,0,1,Yes,No,114020.06,Yes,0.7336,High
15772892,France,Female,49,2,0,1,No,No,105760.01,No,0.7336,High
15757952,France,Male,44,2,0,3,Yes,No,102530.35,Yes,0.7329,High
15657306,France,Female,47,2,0,1,No,No,110900.43,Yes,0.7328,High
15658057,Spain,Female,44,8,0,3,Yes,No,66926.83,Yes,0.7322,High
15776454,France,Female,48,5,0,1,Yes,No,100478.6,Yes,0.7322,High
15647385,Spain,Male,56,4,99340.83,1,No,No,4523.74,Yes,0.7321,High
15607314,Spain,Male,53,2,143923.96,1,Yes,No,2019.78,Yes,0.7321,High
15639265,France,Male,54,7,126113.28,1,Yes,No,112777.38,No,0.7316,High
15566312,Spain,Female,42,5,0,3,Yes,Yes,189016.24,Yes,0.7305,High
15719940,Germany,Female,51,10,115280.49,2,No,No,12628.61,Yes,0.7305,High
15659736,Germany,Male,66,5,121411.9,1,No,No,10070.4,Yes,0.7302,High
15615296,France,Male,39,10,0,1,Yes,No,160810.85,Yes,0.7289,High
15678727,Germany,Male,45,4,110765.68,1,Yes,No,26163.74,Yes,0.7287,High
15640074,Spain,Female,47,5,0,1,No,No,166650.9,Yes,0.7283,High
15714087,Germany,Female,45,5,151855.33,1,Yes,No,68794.15,No,0.7281,High
15758901,Spain,Female,47,1,0,1,Yes,No,107825.08,Yes,0.7264,High
15803121,France,Male,51,5,97565.74,1,No,No,144184.06,Yes,0.7256,High
15579826,France,Female,66,9,0,1,Yes,No,65535.56,No,0.7255,High
15812230,Germany,Female,42,5,49508.79,3,Yes,Yes,100324.01,No,0.7253,High
15740487,France,Female,41,6,0,3,Yes,Yes,138700.75,Yes,0.7249,High
15728706,France,Female,49,7,0,1,Yes,No,13566.48,Yes,0.7246,High
15641319,Spain,Male,50,4,0,1,No,No,107112.25,Yes,0.7242,High
15757535,Spain,Female,44,5,0,3,Yes,Yes,174205.22,Yes,0.7241,High
15623712,Spain,Female,42,5,0,3,Yes,No,83008.49,Yes,0.7238,High
15579130,Germany,Female,43,0,118994.84,1,Yes,No,181499.77,Yes,0.7237,High
15750867,Germany,Female,46,8,92060.06,1,Yes,No,147222.95,Yes,0.7213,High
15646372,France,Female,66,1,135842.41,1,Yes,No,183840.51,Yes,0.7209,High
15591986,Germany,Male,46,6,141078.37,1,No,No,34580.8,Yes,0.7209,High
15772329,Germany,Male,45,8,103741.14,1,Yes,No,47428.73,Yes,0.7209,High
15595842,Germany,Male,45,2,119852.01,1,No,No,73853.94,Yes,0.7201,High
15746674,France,Female,47,7,0,1,Yes,No,33373.26,Yes,0.7201,High
15774847,France,Male,50,6,171740.69,1,No,No,20893.61,No,0.7199,High
15687153,Germany,Male,49,8,98649.55,1,Yes,No,119174.88,Yes,0.7196,High
15573888,Germany,Female,43,1,107963.38,1,No,No,186438.86,Yes,0.7178,High
15788224,Germany,Male,45,1,123949.75,1,No,No,110881.56,No,0.7167,High
15692106,Spain,Female,25,3,147386.72,3,Yes,No,45482.04,Yes,0.7163,High
15746515,France,Male,36,7,136492.92,3,Yes,Yes,26500.29,Yes,0.7162,High
15779182,Spain,Male,46,8,182364.53,1,No,No,139266.48,Yes,0.7161,High
15658409,France,Male,41,5,128876.71,3,Yes,Yes,106939.34,Yes,0.7158,High
15666055,France,Female,49,7,0,1,Yes,No,63405.2,Yes,0.7153,High
15812616,France,Female,49,10,0,1,Yes,No,82967.97,Yes,0.7153,High
15578297,Germany,Female,43,1,125537.38,1,Yes,No,138510.01,Yes,0.7147,High
15757617,France,Male,55,6,134140.68,1,Yes,No,2267.88,No,0.7143,High
15607537,Germany,Male,46,9,107850.82,1,Yes,No,139431,Yes,0.7122,High
15812513,Germany,Male,45,10,103583.05,1,Yes,No,132127.69,Yes,0.7122,High
15789611,Germany,Male,46,8,150836.92,1,No,No,64516.8,Yes,0.7122,High
15761497,Spain,Female,48,1,163760.82,1,No,No,157381.14,Yes,0.7107,High
15706534,France,Female,47,1,122949.14,1,No,No,180251.68,Yes,0.7098,High
15673020,France,Female,49,3,204510.94,1,No,Yes,738.88,Yes,0.7095,High
15732917,Germany,Male,46,5,117837.43,1,Yes,No,104016.61,Yes,0.7091,High
15624343,Spain,Female,50,7,129667.77,1,No,No,42028.16,No,0.7091,High
15675794,Germany,Male,47,9,152076.93,1,Yes,No,121840.2,Yes,0.7068,High
15715907,France,Male,64,9,113109.52,1,Yes,No,27980.8,Yes,0.7066,High
15757306,Spain,Male,49,3,0,3,Yes,Yes,65066.48,Yes,0.7065,High
15582168,Germany,Female,61,4,149525.34,2,Yes,No,123663.63,No,0.7061,High
15749905,Spain,Female,47,6,0,1,Yes,No,50213.81,Yes,0.706,High
15592412,Germany,Male,45,4,131038.14,1,Yes,No,74005.04,Yes,0.706,High
15593499,Spain,Female,47,6,0,1,Yes,No,32080.69,Yes,0.706,High
15635870,Germany,Female,50,5,117721.02,1,No,Yes,192146.63,Yes,0.7059,High
15706537,Germany,Female,59,7,111396.97,1,No,Yes,191070.01,No,0.7059,High
15627352,Germany,Male,46,7,110356.42,1,Yes,No,4969.13,Yes,0.7043,High
15634891,Germany,Female,43,7,102365.49,1,Yes,No,194690.77,Yes,0.7008,High
15767818,France,Male,55,10,132436.34,1,Yes,No,978.66,No,0.7006,High
15681206,France,Female,49,3,168197.66,1,Yes,No,140765.57,Yes,0.6999,Medium
15578045,Spain,Female,49,9,141434.04,1,No,No,173779.25,Yes,0.6983,Medium
15650933,Spain,Female,48,8,155413.06,1,Yes,No,187921.3,No,0.6983,Medium
15656100,France,Female,49,5,167962.7,1,No,No,140201.21,No,0.6983,Medium
15620981,France,Female,48,3,73309.38,1,No,No,21228.34,Yes,0.698,Medium
15647292,France,Male,63,7,148368.02,1,No,No,118862.08,Yes,0.6976,Medium
15574830,Germany,Male,58,2,128137.42,2,Yes,No,147635.33,Yes,0.6971,Medium
15659105,France,Female,47,9,61196.54,1,Yes,No,58170.24,No,0.697,Medium
15668575,Spain,Female,26,8,148610.41,3,No,Yes,104502.02,Yes,0.6969,Medium
15623944,Spain,Female,66,4,0,1,Yes,No,1643.11,Yes,0.6956,Medium
15664432,Spain,Female,49,7,96296.78,1,Yes,No,190457.87,Yes,0.6951,Medium
15605275,Germany,Male,45,8,116917.07,1,No,No,173464.43,Yes,0.6946,Medium
15631882,Germany,Male,45,9,103399.87,1,No,No,129870.93,No,0.6946,Medium
15654673,France,Male,49,6,173434.9,1,Yes,No,165580.93,Yes,0.6944,Medium
15699284,France,Male,49,8,172713.44,1,Yes,No,113860.81,No,0.6944,Medium
15683503,France,Female,43,8,0,3,No,Yes,110916.15,Yes,0.6925,Medium
15747208,France,Male,50,6,0,1,Yes,No,93568.77,Yes,0.6922,Medium
15597968,Spain,Male,50,7,0,1,Yes,No,184839.7,Yes,0.6922,Medium
15633213,Spain,Male,50,8,0,1,No,No,144366.83,Yes,0.6922,Medium
15584364,France,Male,48,4,59486.31,1,Yes,No,163944.18,Yes,0.6908,Medium
15661945,Spain,Female,40,4,0,3,Yes,No,31669.18,No,0.6908,Medium
15661162,Spain,Male,49,2,0,1,Yes,No,114539.67,Yes,0.6908,Medium
15592229,France,Female,52,0,185891.54,1,Yes,Yes,46369.57,Yes,0.6904,Medium
15789955,Germany,Male,56,1,112414.81,2,No,No,93982.02,Yes,0.6902,Medium
15743617,Germany,Male,47,1,95994.98,1,Yes,No,197529.23,No,0.6898,Medium
15733361,Germany,Female,45,6,86714.06,1,Yes,No,85869.89,Yes,0.6895,Medium
15751177,Germany,Female,44,2,119657.53,1,Yes,No,145387.05,Yes,0.6894,Medium
15744517,Spain,Male,50,9,0,1,No,No,166677.35,Yes,0.6889,Medium
15572762,Germany,Female,50,2,102278.79,2,Yes,No,89822.48,No,0.688,Medium
15725665,France,Male,47,10,198546.1,2,Yes,No,191198.92,Yes,0.6878,Medium
15577515,Germany,Female,55,0,108477.27,1,No,Yes,140003,Yes,0.6878,Medium
15713347,Spain,Male,48,6,179852.26,1,Yes,No,193580.32,No,0.686,Medium
15620268,Germany,Male,43,3,212696.32,1,Yes,No,115268.86,No,0.6842,Medium
15715750,Germany,Female,44,2,113063.83,1,No,No,53072.49,Yes,0.6838,Medium
15637599,Germany,Female,44,4,123070.89,1,Yes,No,28461.29,Yes,0.6838,Medium
15751185,Spain,Female,50,0,158633.61,1,Yes,No,193785.87,No,0.6832,Medium
15726634,France,Male,47,1,0,1,Yes,No,95270.83,No,0.6829,Medium
15653347,Spain,Male,47,1,0,1,No,No,128882.66,Yes,0.6829,Medium
15749401,France,Male,60,9,0,3,Yes,Yes,75246.21,Yes,0.6828,Medium
15691119,Germany,Male,68,4,136525.99,1,No,No,175399.14,No,0.6821,Medium
15727197,France,Female,52,9,170228.59,2,No,No,148477.57,Yes,0.682,Medium
15809772,France,Male,48,2,0,1,Yes,No,43229.2,No,0.6818,Medium
15714241,Spain,Male,42,9,222267.63,1,No,No,101108.85,Yes,0.681,Medium
15673238,Germany,Female,59,8,154110.99,2,Yes,No,101240.08,Yes,0.6808,Medium
15628298,Spain,Female,47,8,128486.11,1,Yes,No,179227.12,No,0.6794,Medium
15807609,Spain,Female,25,3,86605.5,3,Yes,No,16649.31,Yes,0.6787,Medium
15735270,Spain,Male,47,2,0,1,Yes,No,48161.18,Yes,0.6776,Medium
15609653,Germany,Female,44,6,118715.86,1,Yes,No,133591.11,Yes,0.6765,Medium
15660417,Germany,Female,43,10,120481.69,1,No,No,94875.03,Yes,0.6765,Medium
15673971,Germany,Female,44,6,146498.76,1,Yes,No,64853.51,Yes,0.6765,Medium
15785705,Germany,Female,44,10,106731.58,1,Yes,No,137419.87,Yes,0.6762,Medium
15717527,France,Female,49,9,145359.99,1,Yes,No,38186.85,No,0.6747,Medium
15664907,France,Male,47,1,0,1,Yes,No,21312.16,Yes,0.6745,Medium
15605425,Germany,Female,44,2,127536.44,1,Yes,No,108398.63,No,0.6745,Medium
15773322,Germany,Female,44,4,121898.82,1,No,No,131007.18,No,0.6745,Medium
15591036,Germany,Female,43,3,127940.47,1,No,No,125140.72,Yes,0.6745,Medium
15587535,Spain,Female,46,5,177619.71,1,Yes,No,54227.06,No,0.6742,Medium
15592000,Germany,Female,48,9,82794.18,1,Yes,No,124720.68,Yes,0.674,Medium
15601659,Germany,Female,59,7,91680.1,2,Yes,No,163141.18,Yes,0.6733,Medium
15807595,Germany,Male,51,7,144244.59,2,Yes,No,51113.14,No,0.6729,Medium
15651581,Germany,Male,68,6,112595.85,1,Yes,No,35865.44,Yes,0.6727,Medium
15581295,Spain,Female,45,1,0,1,Yes,No,143298.06,No,0.67,Medium
15588670,Spain,Female,40,5,203715.15,1,Yes,No,179978.68,Yes,0.6695,Medium
15606115,France,Female,52,6,191665.21,1,Yes,Yes,131312.56,Yes,0.6689,Medium
15777901,Germany,Female,43,9,94752.49,1,Yes,No,184006.36,Yes,0.6684,Medium
15717560,France,Male,50,0,125647.36,1,Yes,No,57541.08,Yes,0.6677,Medium
15697574,France,Female,40,9,0,3,Yes,Yes,60954.45,No,0.6673,Medium
15752857,Germany,Male,52,1,98443.14,2,No,No,92033.98,No,0.6673,Medium
15764033,Germany,Female,43,1,121927.92,1,Yes,No,87994.95,Yes,0.6673,Medium
15785576,Germany,Male,71,9,119496.87,1,Yes,No,125848.88,No,0.6666,Medium
15771383,Germany,Female,45,6,53667.44,1,Yes,No,115022.94,No,0.6662,Medium
15707322,France,Female,48,2,115290.27,1,No,No,98912.69,Yes,0.6661,Medium
15577274,Germany,Female,43,3,134985.66,1,Yes,No,6101.41,No,0.666,Medium
15761023,Germany,Female,43,2,120847.11,1,Yes,No,7611.61,Yes,0.666,Medium
15779492,Spain,Male,56,6,94231.13,1,No,No,121164.6,Yes,0.6659,Medium
15678497,Spain,Male,48,2,0,1,Yes,No,169425.3,Yes,0.6658,Medium
15799515,France,Female,48,8,133297.24,1,Yes,No,77764.37,No,0.6652,Medium
15783398,Spain,Female,49,7,115309.75,1,Yes,No,111421.77,No,0.6652,Medium
15713632,Spain,Female,48,5,95679.29,1,No,No,94978.1,No,0.6652,Medium
15627220,Germany,Female,43,9,98807.45,1,No,No,184570.04,Yes,0.665,Medium
15655368,France,Male,47,1,0,1,No,No,91574.92,No,0.6644,Medium
15635141,Germany,Male,59,8,118210.42,2,No,No,60192.14,Yes,0.6634,Medium
15591010,Germany,Male,55,8,109339.17,2,Yes,No,96405.88,Yes,0.6634,Medium
15787756,Germany,Male,51,10,114514.71,2,Yes,No,177784.68,Yes,0.6634,Medium
15609735,Germany,Male,51,6,127545.56,2,No,No,79559.02,Yes,0.6634,Medium
15646566,France,Female,58,9,187911.55,1,No,Yes,35825.18,No,0.6633,Medium
15578648,Germany,Male,49,6,59532.18,1,Yes,No,104253.56,No,0.6625,Medium
15619653,France,Male,47,2,0,1,Yes,No,35046.97,Yes,0.6623,Medium
15644356,Spain,Female,47,10,134032.01,1,Yes,No,144290.97,No,0.6607,Medium
15713774,Spain,Female,46,6,12459.19,1,No,No,156787.34,Yes,0.6605,Medium
15780212,France,Male,37,4,212692.97,1,No,No,176395.02,No,0.6598,Medium
15598086,France,Female,45,3,68639.57,1,Yes,No,168002.31,Yes,0.6585,Medium
15569666,France,Female,45,4,0,1,No,No,172674.36,Yes,0.6585,Medium
15665956,France,Female,46,1,0,1,Yes,No,71244.59,Yes,0.6584,Medium
15634281,Germany,Female,43,10,110822.9,1,No,No,72861.94,No,0.6578,Medium
15620570,France,Male,43,4,202443.47,1,Yes,No,72375.03,No,0.6575,Medium
15722548,France,Male,48,0,148116.48,1,No,No,116973.48,No,0.6571,Medium
15772073,France,Male,48,10,0,1,Yes,No,140173.17,Yes,0.6567,Medium
15704160,Spain,Male,49,5,0,1,Yes,No,149946.43,Yes,0.6567,Medium
15773972,France,Male,50,4,137104.47,1,Yes,No,127166.49,Yes,0.6561,Medium
15574910,France,Male,50,2,115625.07,1,Yes,No,185855.21,No,0.6561,Medium
15586133,Germany,Female,44,2,122314.5,1,No,No,68574.88,Yes,0.6557,Medium
15796790,France,Female,47,8,154543.98,1,Yes,No,29586.73,No,0.6549,Medium
15645316,Germany,Female,58,1,149641.53,1,Yes,Yes,115161.28,No,0.6541,Medium
15595609,Germany,Male,52,9,135870.01,2,No,No,54038.62,No,0.6541,Medium
15703728,Spain,Male,47,4,0,1,Yes,No,121798.52,Yes,0.6527,Medium
15573851,France,Female,38,1,0,3,No,No,92220.12,Yes,0.6523,Medium
15596992,Germany,Male,45,7,156353.46,1,Yes,No,72643.95,Yes,0.6521,Medium
15570835,Germany,Female,57,4,112044.72,1,Yes,Yes,41229.73,Yes,0.652,Medium
15733966,Germany,Female,55,4,125292.53,1,Yes,Yes,31532.96,Yes,0.652,Medium
15623630,Germany,Female,56,3,116251.24,1,No,Yes,42429.88,Yes,0.652,Medium
15738715,France,Female,37,4,0,3,Yes,No,7312.25,Yes,0.6515,Medium
15801942,Spain,Female,41,8,0,3,Yes,Yes,79866.73,Yes,0.6512,Medium
15636428,Spain,Female,45,1,0,1,Yes,No,182784.11,Yes,0.6511,Medium
15747503,Spain,Male,44,0,184552.12,1,Yes,No,68860.3,Yes,0.6509,Medium
15665077,France,Female,43,5,0,3,Yes,Yes,100722.72,Yes,0.6503,Medium
15804142,Spain,Female,57,3,175575.95,2,Yes,No,99061.75,Yes,0.6496,Medium
15596455,Spain,Female,45,2,0,1,No,No,197789.83,Yes,0.6495,Medium
15630910,France,Female,49,7,108007.36,1,No,No,47125.11,No,0.6491,Medium
15566660,France,Female,41,10,0,3,Yes,No,81602.02,No,0.6489,Medium
15647570,Germany,Male,45,8,120591.19,1,No,No,195123.94,No,0.6489,Medium
15605447,France,Male,49,2,78653.84,1,Yes,No,7698.6,No,0.6487,Medium
15689514,France,Male,43,8,201696.07,1,Yes,No,133020.9,Yes,0.6487,Medium
15738828,Germany,Male,45,6,152880.97,1,No,No,162478.11,No,0.6486,Medium
15629078,Germany,Female,45,5,127258.79,1,Yes,Yes,192744.23,Yes,0.6482,Medium
15810829,France,Male,48,7,0,1,Yes,No,13921.82,Yes,0.648,Medium
15788131,France,Male,47,6,0,1,Yes,No,50695.93,Yes,0.6464,Medium
15673481,Spain,Female,48,6,99906.19,1,Yes,No,64323.24,No,0.6462,Medium
15687491,Germany,Male,45,9,101207.75,1,No,No,88211.12,Yes,0.6462,Medium
15730793,Germany,Female,54,3,111009.32,1,Yes,Yes,155905.79,Yes,0.6459,Medium
15629299,Germany,Female,52,1,106074.89,1,Yes,Yes,23548.45,Yes,0.6453,Medium
15583548,Spain,Female,47,6,118560,1,Yes,No,82522.61,Yes,0.6452,Medium
15593954,France,Female,47,6,109387.33,1,No,No,121365.45,No,0.6452,Medium
15604130,Spain,Female,47,6,142319.03,1,No,No,100183.05,No,0.6452,Medium
15612966,Germany,Female,60,7,128981.07,1,No,Yes,176924.21,Yes,0.6449,Medium
15568573,Germany,Female,51,7,105701.91,1,No,Yes,179797.79,Yes,0.6449,Medium
15626008,Germany,Female,52,9,111973.97,1,Yes,Yes,162756.29,Yes,0.6449,Medium
15655213,Germany,Female,51,8,132508.3,1,Yes,Yes,161304.68,Yes,0.6449,Medium
15677921,Germany,Male,60,9,115920.62,2,No,No,157552.08,Yes,0.6444,Medium
15700263,France,Male,66,2,0,1,Yes,No,130784.2,Yes,0.6444,Medium
15812534,France,Male,40,1,0,3,No,Yes,129975.34,No,0.6438,Medium
15684419,Spain,Female,37,8,0,3,Yes,No,71738.56,No,0.6432,Medium
15747854,France,Female,35,3,0,3,Yes,Yes,132649.85,No,0.6424,Medium
15651554,Germany,Female,54,4,118449.21,1,Yes,Yes,133573.29,Yes,0.6422,Medium
15657637,Spain,Female,36,3,0,3,Yes,No,65039.9,No,0.6411,Medium
15800062,Spain,Male,49,8,0,1,No,No,25867.67,Yes,0.6404,Medium
15632816,Germany,Female,49,2,127948.57,1,Yes,Yes,182765.14,No,0.6402,Medium
15643658,Germany,Male,53,2,94078.97,2,Yes,No,36980.54,No,0.6393,Medium
15784180,France,Female,36,7,206329.65,1,Yes,Yes,46632.87,Yes,0.6384,Medium
15799859,France,Male,50,4,165438.26,1,Yes,No,120770.75,Yes,0.6368,Medium
15775625,France,Male,47,6,0,1,Yes,No,74835.65,No,0.6365,Medium
15670528,Germany,Male,43,0,132217.45,1,Yes,No,20955.03,Yes,0.6356,Medium
15690647,Spain,Female,46,8,67563.31,1,Yes,No,44506.09,Yes,0.6354,Medium
15711314,Spain,Female,45,1,0,1,No,No,125939.22,Yes,0.6354,Medium
15583353,Spain,Female,45,3,0,1,Yes,No,38276.84,Yes,0.6333,Medium
15577359,Spain,Male,47,5,0,1,Yes,No,121964.46,Yes,0.633,Medium
15679297,Spain,Male,43,3,184926.61,1,Yes,No,122937.57,No,0.6321,Medium
15702377,Spain,Male,48,1,132759.8,1,Yes,No,78899.22,No,0.6309,Medium
15753079,France,Male,41,5,0,3,No,No,151256.22,No,0.6302,Medium
15792650,Spain,Male,36,0,0,1,Yes,Yes,179540.73,Yes,0.6301,Medium
15729582,Germany,Male,48,3,80697.44,1,No,No,101397.86,No,0.6288,Medium
15798615,France,Female,47,9,137301.87,1,Yes,No,44351.77,No,0.6286,Medium
15755196,France,Female,49,2,131394.56,1,No,No,194365.76,Yes,0.6282,Medium
15808526,Germany,Female,58,3,127539.3,1,Yes,Yes,96590.39,Yes,0.6264,Medium
15675518,Spain,Female,53,1,75225.53,2,No,No,144849.1,Yes,0.6263,Medium
15627876,Spain,Female,47,9,116393.59,1,Yes,No,63051.32,Yes,0.6257,Medium
15627484,France,Female,47,5,113328.93,1,Yes,No,124170.9,No,0.6257,Medium
15579706,France,Female,46,5,0,1,Yes,No,77677.14,Yes,0.6254,Medium
15669414,Germany,Male,62,9,118356.89,2,Yes,No,168034.83,Yes,0.6253,Medium
15664808,Spain,Female,37,3,0,3,No,No,98897.32,No,0.6237,Medium
15566211,Germany,Female,41,1,103560.57,1,Yes,No,236.45,Yes,0.6234,Medium
15743007,France,Female,45,4,45144.43,1,Yes,No,60917.24,Yes,0.6233,Medium
15630592,France,Female,45,4,0,1,Yes,No,95273.73,Yes,0.6233,Medium
15587210,Germany,Female,44,10,113581.98,1,Yes,No,1985.41,No,0.6227,Medium
15714466,France,Female,41,5,0,3,Yes,No,3440.47,Yes,0.6226,Medium
15567778,Germany,Female,54,1,144027.8,1,Yes,Yes,108731.02,Yes,0.6224,Medium
15641934,Spain,Female,46,9,66582.81,1,Yes,No,78753.12,Yes,0.6219,Medium
15609913,France,Female,46,9,0,1,Yes,No,113436.08,No,0.6219,Medium
15737047,France,Female,45,6,0,1,Yes,No,73881.68,Yes,0.6219,Medium
15662243,France,Male,50,5,162702.35,1,No,No,150548.5,Yes,0.6204,Medium
15584113,Germany,Female,53,4,124954.94,1,No,Yes,131259.6,Yes,0.6201,Medium
15766427,Germany,Male,52,5,97720.35,2,Yes,No,175070.94,Yes,0.6199,Medium
15747168,Germany,Female,47,2,103108.8,1,No,Yes,166475.44,Yes,0.6196,Medium
15796993,France,Male,52,1,171236.3,2,No,No,21834.4,Yes,0.6195,Medium
15805303,Germany,Male,44,1,141136.62,1,Yes,No,189742.78,Yes,0.6193,Medium
15645371,Germany,Female,51,7,147262.11,1,Yes,Yes,53630.9,Yes,0.6193,Medium
15662736,France,Male,49,2,147069.78,1,Yes,No,120540.83,Yes,0.6188,Medium
15763274,France,Male,48,3,120320.54,1,No,No,96463.25,No,0.6188,Medium
15806256,France,Male,48,2,109349.29,1,Yes,No,88703.04,Yes,0.6188,Medium
15662501,France,Male,48,3,91246.53,1,Yes,No,60017.46,Yes,0.6188,Medium
15619972,France,Female,47,9,167664.83,1,No,No,125440.11,Yes,0.6186,Medium
15684960,France,Female,46,5,0,1,Yes,No,21006.1,Yes,0.6164,Medium
15769818,France,Female,37,3,212778.2,1,No,Yes,69372.88,No,0.6156,Medium
15766272,Germany,Female,61,0,125193.96,1,Yes,Yes,109356.53,No,0.6155,Medium
15756026,Spain,Female,46,9,0,1,No,No,14679.81,Yes,0.615,Medium
15768151,Germany,Female,45,3,109032.23,1,No,Yes,155407.21,Yes,0.615,Medium
15636330,Germany,Female,48,1,143279.58,2,Yes,No,31580.8,Yes,0.6141,Medium
15582033,Germany,Male,44,3,138076.47,1,Yes,No,15523.09,Yes,0.6136,Medium
15810942,Germany,Female,61,2,137655.31,1,No,Yes,29909.84,No,0.6133,Medium
15716381,Germany,Female,50,7,109062.28,1,Yes,Yes,140136.1,Yes,0.6129,Medium
15585901,Spain,Male,35,1,0,3,No,No,174770.14,Yes,0.6126,Medium
15729718,France,Male,41,6,0,3,No,No,56118.81,Yes,0.6121,Medium
15620756,France,Male,49,6,202904.64,1,Yes,Yes,17298.72,Yes,0.6119,Medium
15802909,Germany,Female,56,3,139603.22,1,Yes,Yes,86383.61,No,0.6102,Medium
15801265,Spain,Female,45,0,57784.22,1,Yes,No,197804,Yes,0.6097,Medium
15587507,France,Male,47,6,0,1,Yes,No,187391.02,Yes,0.6096,Medium
15641994,Germany,Male,43,1,103018.45,1,Yes,No,32462.39,Yes,0.6095,Medium
15631871,Germany,Female,57,7,116936.81,1,Yes,Yes,104379.36,No,0.6092,Medium
15570533,Germany,Female,55,7,131033.76,1,No,Yes,75685.59,Yes,0.6092,Medium
15715673,Spain,Female,46,4,89743.05,1,Yes,No,156425.57,Yes,0.6077,Medium
15689344,Spain,Male,42,4,0,3,No,Yes,120321.09,No,0.6076,Medium
15776939,Germany,Female,48,3,102290.56,2,Yes,No,182691.31,No,0.6072,Medium
15791867,Germany,Male,44,2,108895.93,1,No,No,69228.2,Yes,0.607,Medium
15792525,Germany,Female,61,1,97361.66,1,Yes,Yes,149922.38,Yes,0.6068,Medium
15711251,France,Male,45,1,178827.79,1,Yes,No,60375.18,No,0.6067,Medium
15648489,France,Male,53,4,199689.49,1,Yes,Yes,24207.86,Yes,0.6063,Medium
15592222,France,Male,49,7,80001.23,1,No,No,135180.11,No,0.6061,Medium
15654964,Spain,Male,48,7,75801.74,1,Yes,No,125762.95,No,0.6061,Medium
15584704,France,Male,48,10,71083.98,1,Yes,No,137959,No,0.6061,Medium
15595831,Germany,Female,64,6,145215.43,1,Yes,Yes,164083.72,No,0.6059,Medium
15668309,France,Female,40,0,111098.85,1,Yes,Yes,172321.21,Yes,0.6059,Medium
15761950,Germany,Female,45,9,110827.49,1,Yes,Yes,153383.54,Yes,0.6053,Medium
15649183,Spain,Female,35,8,0,3,No,Yes,88658.73,No,0.6039,Medium
15703541,Germany,Female,51,9,143930.92,1,No,Yes,46675.51,Yes,0.6031,Medium
15814690,Germany,Female,64,2,105736.32,1,Yes,Yes,89935.73,Yes,0.6031,Medium
15576368,Germany,Female,48,3,122388.38,2,No,No,30020.09,No,0.6017,Medium
15806081,Germany,Female,48,2,127924.25,2,Yes,No,32202.61,No,0.6017,Medium
15783007,Germany,Female,45,1,123086.39,1,Yes,Yes,41042.4,Yes,0.6011,Medium
15677288,France,Male,50,3,121159.65,1,No,No,4033.39,Yes,0.6009,Medium
15719561,France,Male,42,5,0,3,No,No,60686.4,No,0.6004,Medium
15809777,Germany,Female,55,7,131778.66,1,Yes,Yes,9972.64,No,0.6,Medium
15721793,Germany,Female,50,7,123936.54,1,Yes,Yes,23768.01,No,0.6,Medium
15811032,Germany,Female,58,8,145984.92,1,Yes,Yes,24564.7,No,0.6,Medium
15578865,Germany,Female,50,5,107959.39,1,Yes,Yes,6985.34,Yes,0.6,Medium
15807663,France,Male,43,8,190227.46,1,Yes,No,97508.04,Yes,0.5994,Medium
15706005,France,Male,46,2,174701.05,1,Yes,No,90189.72,Yes,0.5982,Medium
15787470,Spain,Male,47,3,116528.15,1,No,No,145704.19,Yes,0.5977,Medium
15794171,France,Female,45,0,134264.04,1,Yes,No,27822.99,Yes,0.597,Medium
15721569,Germany,Female,55,8,119327.93,1,No,Yes,119439.66,No,0.5965,Medium
15774630,Germany,Female,47,1,142802.02,1,Yes,Yes,57553.02,No,0.5955,Medium
15609011,Spain,Male,47,8,75408.33,1,Yes,No,25887.89,Yes,0.5951,Medium
15791216,Germany,Male,43,8,133379.41,1,Yes,No,177378.66,Yes,0.594,Medium
15804862,Germany,Male,43,6,127146.68,1,No,No,137565.87,No,0.594,Medium
15566253,Germany,Male,44,9,143391.07,1,No,No,146891.07,Yes,0.594,Medium
15642001,Germany,Male,44,9,119530.52,1,Yes,No,119056.68,Yes,0.594,Medium
15668775,France,Male,47,3,130747.1,1,Yes,No,143829.54,No,0.594,Medium
15574331,Germany,Female,62,3,118233.81,1,No,Yes,24765.53,Yes,0.5939,Medium
15709920,France,Female,33,2,208165.53,1,No,No,50774.81,Yes,0.5936,Medium
15749103,Germany,Female,47,4,118907.6,1,No,Yes,47777.15,Yes,0.5933,Medium
15580249,France,Male,45,0,0,1,No,No,84663.21,No,0.5928,Medium
15740868,Germany,Female,45,9,134562.8,1,Yes,Yes,159268.67,No,0.5927,Medium
15720943,France,Female,45,1,114959.12,1,Yes,No,189362.39,Yes,0.5924,Medium
15728917,France,Male,48,6,120682.53,1,Yes,No,30635.52,Yes,0.592,Medium
15716608,Spain,Male,38,2,0,3,Yes,No,67029.82,Yes,0.5916,Medium
15709917,France,Female,46,3,98202.76,1,No,No,137763.93,No,0.591,Medium
15660524,Germany,Female,54,9,97382.53,1,Yes,Yes,195771.95,No,0.5909,Medium
15698932,Germany,Male,44,10,137452.09,1,Yes,No,189543.9,No,0.5904,Medium
15669946,Germany,Female,46,2,141726.88,1,Yes,Yes,58257.23,No,0.5898,Medium
15616280,France,Male,46,1,65733.41,1,Yes,No,61094.53,No,0.5896,Medium
15617320,Spain,Female,46,3,151709.33,1,Yes,No,180736.24,No,0.5875,Medium
15689294,Germany,Male,44,3,105934.96,1,Yes,No,82463.69,No,0.5868,Medium
15764351,Germany,Female,59,5,120170.07,1,No,Yes,50454.8,No,0.5865,Medium
15613427,Germany,Female,49,7,108797.63,2,No,No,140763.18,No,0.5859,Medium
15797751,Germany,Female,47,5,102085.72,1,Yes,Yes,183536.24,Yes,0.5858,Medium
15630725,France,Female,45,5,92786.66,1,Yes,No,173365.9,Yes,0.5857,Medium
15657107,Spain,Female,46,8,106171.68,1,Yes,No,163145.5,Yes,0.5857,Medium
15783305,France,Female,46,7,98752.51,1,Yes,No,145560.38,No,0.5857,Medium
15651022,Germany,Male,44,10,129608.57,1,Yes,No,5472.7,Yes,0.5847,Medium
15609977,France,Male,47,6,71026.77,1,Yes,No,57962.41,No,0.5847,Medium
15606944,Germany,Male,43,9,140121.17,1,Yes,No,11302.7,Yes,0.5847,Medium
15620276,Spain,Male,36,6,0,3,Yes,Yes,118959.64,No,0.5841,Medium
15711219,Germany,Female,57,8,93716.72,1,Yes,Yes,180150.49,Yes,0.584,Medium
15679284,Spain,Female,45,6,79259.75,1,Yes,No,55347.28,No,0.5836,Medium
15724848,France,Female,46,1,104947.72,1,Yes,No,115789.25,Yes,0.5834,Medium
15618562,Germany,Female,40,0,140306.38,1,Yes,No,160618.61,Yes,0.5834,Medium
15610900,France,Female,70,9,110738.89,1,Yes,No,22666.77,Yes,0.5831,Medium
15653050,Germany,Female,76,10,95052.29,1,Yes,No,176244.87,No,0.5829,Medium
15751227,France,Male,47,1,95120.59,1,No,No,127875.1,No,0.5826,Medium
15703614,Spain,Male,48,5,132876.23,1,Yes,No,79259.77,No,0.5816,Medium
15747323,Spain,Male,48,9,109472.47,1,Yes,No,157358.43,Yes,0.5816,Medium
15570508,France,Male,49,7,90218.9,1,Yes,No,91347.76,No,0.5816,Medium
15659327,France,Male,49,5,121197.64,1,Yes,No,72577.33,Yes,0.5816,Medium
15695299,France,Female,45,2,81828.22,1,Yes,No,52167.97,No,0.5814,Medium
15624293,France,Female,46,3,106511.85,1,Yes,No,55072.32,No,0.5812,Medium
15772337,Germany,Female,49,0,153855.52,1,Yes,Yes,180862.26,Yes,0.581,Medium
15750658,France,Male,37,8,0,3,No,No,110783.28,No,0.5798,Medium
15738605,Germany,Female,46,5,123642.36,1,Yes,Yes,49725.16,Yes,0.5788,Medium
15755223,Germany,Male,53,7,150926.99,2,No,No,119817.19,No,0.5784,Medium
15792250,Germany,Female,45,4,122793.96,1,Yes,Yes,62002.04,No,0.5782,Medium
15655360,Germany,Female,72,5,148666.99,1,Yes,No,2605.65,Yes,0.578,Medium
15784844,Spain,Male,48,5,116060.08,1,Yes,No,156618.38,Yes,0.5779,Medium
15680727,France,Male,49,5,121973.28,1,Yes,No,148804.36,No,0.5779,Medium
15629511,France,Male,49,6,106770.82,1,Yes,No,123499.27,No,0.5779,Medium
15585985,France,Male,48,5,165282.42,1,Yes,No,153786.46,Yes,0.5779,Medium
15809826,France,Female,46,2,109705.52,1,Yes,No,20276.87,Yes,0.5775,Medium
15627665,France,Male,46,4,0,1,Yes,No,74379.57,Yes,0.577,Medium
15589488,Germany,Female,56,5,111642.08,1,Yes,Yes,80553.87,No,0.5761,Medium
15796111,Germany,Female,54,8,145151.4,1,No,Yes,125311.17,Yes,0.5761,Medium
15711299,Germany,Female,52,8,145262.54,1,No,Yes,131473.31,No,0.5761,Medium
15638463,Germany,Female,48,8,139480.18,1,Yes,Yes,163581.67,No,0.5739,Medium
15692142,Germany,Female,48,7,105086.74,1,Yes,Yes,180344.69,Yes,0.5739,Medium
15598982,Germany,Female,53,5,98268.84,1,No,Yes,45038.29,Yes,0.5737,Medium
15570289,Germany,Male,43,8,103409.16,1,Yes,No,66893.28,Yes,0.5736,Medium
15686060,Germany,Male,43,9,111677.88,1,Yes,No,178827.3,Yes,0.5736,Medium
15707861,France,Female,46,10,85216.61,1,Yes,No,117369.52,Yes,0.5731,Medium
15789563,Germany,Female,46,7,111288.18,1,Yes,Yes,149170.25,Yes,0.5722,Medium
15764170,Germany,Male,44,4,93960.35,1,Yes,No,36579.53,Yes,0.5716,Medium
15703059,Germany,Female,49,6,124829.16,1,No,Yes,93551.36,No,0.5701,Medium
15782210,France,Male,46,1,0,1,Yes,No,152167.79,Yes,0.5691,Medium
15691906,Germany,Female,49,5,127421.78,2,Yes,No,108876.75,Yes,0.5691,Medium
15578799,France,Female,58,10,53772.73,1,Yes,Yes,192072.1,Yes,0.569,Medium
15599081,Germany,Female,46,8,102785.16,1,Yes,Yes,70323.68,No,0.5683,Medium
15602282,Germany,Female,45,8,134980.74,1,Yes,Yes,123309.57,Yes,0.5683,Medium
15806546,Spain,Male,46,4,0,1,Yes,No,22372.78,No,0.5676,Medium
15801411,Spain,Male,46,4,0,1,Yes,No,5549.11,Yes,0.5676,Medium
15633930,Spain,Female,56,6,157559.59,2,Yes,No,140991.23,Yes,0.5675,Medium
15593128,France,Female,56,10,129255.2,2,Yes,No,142492.04,Yes,0.5675,Medium
15603565,Spain,Female,56,5,90778.76,2,Yes,No,162223.67,Yes,0.5675,Medium
15732644,Spain,Female,54,5,92316.31,2,Yes,No,158590.66,Yes,0.5675,Medium
15718289,Germany,Male,46,3,82291.1,1,Yes,No,112549.99,Yes,0.5674,Medium
15691004,Spain,Male,37,1,0,1,Yes,Yes,49161.12,Yes,0.5672,Medium
15765375,France,Female,46,8,0,1,No,No,162668.33,No,0.5667,Medium
15730076,France,Male,45,1,0,1,Yes,No,67740.08,Yes,0.5651,Medium
15572547,France,Female,45,9,104930.38,1,Yes,No,155921.81,Yes,0.5651,Medium
15643188,Germany,Female,47,7,114603.76,2,Yes,No,153194.32,Yes,0.5642,Medium
15678034,France,Male,46,9,180226.24,1,Yes,No,13464.64,Yes,0.5637,Medium
15678412,France,Female,45,8,85325.93,1,No,No,22558.74,No,0.5637,Medium
15740527,Germany,Female,62,7,142724.48,1,No,Yes,5893.23,Yes,0.5627,Medium
15666295,Germany,Male,50,1,113957.01,2,Yes,No,196526.55,Yes,0.5622,Medium
15588944,France,Female,63,1,165350.61,2,No,No,140758.07,Yes,0.5618,Medium
15594450,France,Male,49,9,159458.53,1,Yes,No,135841.35,No,0.561,Medium
15771477,France,Male,49,9,106160.37,1,No,No,116893.87,No,0.5603,Medium
15661528,Spain,Male,47,5,102562.23,1,Yes,No,92708.1,No,0.5599,Medium
15717984,France,Male,47,9,144900.58,1,Yes,No,61315.37,Yes,0.5599,Medium
15635277,Spain,Male,47,7,142643.54,1,Yes,No,189310.27,No,0.5599,Medium
15707011,France,Male,47,10,137682.68,1,Yes,No,71071.47,No,0.5599,Medium
15635388,Spain,Male,47,6,89047.14,1,Yes,No,116286.25,No,0.5599,Medium
15699325,Germany,Female,62,10,114822.64,1,No,Yes,8444.5,No,0.5594,Medium
15567980,Germany,Female,46,5,100727.5,1,No,Yes,140857.76,Yes,0.5593,Medium
15761018,Germany,Male,50,2,143829.2,2,Yes,No,181224.24,Yes,0.5592,Medium
15775905,Germany,Female,47,6,130024.87,1,Yes,Yes,45750.21,Yes,0.5589,Medium
15727489,Spain,Female,45,1,157320.51,1,Yes,No,62193.92,No,0.5588,Medium
15815443,Spain,Female,46,10,131414.76,1,Yes,No,54947.51,No,0.5588,Medium
15661821,Germany,Female,49,5,132571.67,1,Yes,Yes,31686.33,Yes,0.5572,Medium
15723484,Germany,Female,42,1,103873.39,1,Yes,No,148611.52,No,0.5547,Medium
15679963,Germany,Male,43,8,96353.8,1,No,No,10209.8,No,0.5545,Medium
15739578,France,Male,49,6,128663.9,1,Yes,No,65769.3,Yes,0.5536,Medium
15771000,France,Male,38,4,0,3,Yes,No,75609.84,No,0.5535,Medium
15672516,Germany,Male,51,7,90373.28,2,Yes,No,179861.79,No,0.5531,Medium
15756824,Germany,Female,50,5,101242.98,2,Yes,No,12493.61,No,0.5528,Medium
15645404,France,Female,51,4,124620.01,2,Yes,No,92243.94,Yes,0.5524,Medium
15782736,Germany,Female,47,4,152522.47,1,No,Yes,164038.07,Yes,0.5523,Medium
15612893,Spain,Male,45,4,0,1,Yes,No,131807.14,No,0.5523,Medium
15654495,Germany,Female,47,6,120621.89,1,Yes,Yes,140803.7,No,0.5522,Medium
15706557,France,Female,52,0,0,2,Yes,No,32159.46,Yes,0.5519,Medium
15627971,France,Female,32,8,206663.75,1,No,No,16281.94,No,0.5493,Medium
15586236,France,Male,31,5,132084.66,3,Yes,Yes,54474.48,Yes,0.5484,Medium
15742116,Germany,Female,48,9,116711.06,2,No,No,76373.38,No,0.5484,Medium
15670823,Germany,Female,42,1,116646.76,1,Yes,No,44731.8,Yes,0.5483,Medium
15736008,France,Female,46,9,95441.27,1,Yes,No,108761.05,Yes,0.5482,Medium
15609758,France,Female,45,7,158621.04,1,Yes,No,120892.96,Yes,0.5482,Medium
15777452,France,Female,46,6,88820.29,1,No,No,70224.34,No,0.5482,Medium
15693771,Spain,Female,45,8,95922.9,1,Yes,No,84782.42,Yes,0.5482,Medium
15737489,Spain,Female,46,5,116886.59,1,No,No,107973.44,No,0.5482,Medium
15699415,France,Female,46,6,150213.71,1,Yes,No,120668.46,Yes,0.5482,Medium
15659800,Spain,Female,50,1,0,1,No,Yes,152567.75,Yes,0.5479,Medium
15698953,Spain,Male,36,1,0,3,Yes,Yes,74048.1,Yes,0.5477,Medium
15680430,Germany,Female,49,4,96252.98,2,Yes,No,104263.82,No,0.5449,Medium
15680970,Germany,Female,41,2,114206.84,1,Yes,No,164061.6,No,0.5427,Medium
15700657,Germany,Female,40,2,110086.69,1,Yes,No,159773.14,No,0.5427,Medium
15640418,Germany,Female,41,4,115897.73,1,Yes,No,143544.48,No,0.5427,Medium
15644453,Germany,Female,41,4,132670.53,1,Yes,No,156476.36,Yes,0.5427,Medium
15737647,Germany,Female,77,6,135120.56,1,Yes,No,37836.64,No,0.5421,Medium
15744582,France,Female,24,10,0,3,Yes,No,154971.63,Yes,0.5417,Medium
15624388,Germany,Female,50,5,155393.32,1,Yes,Yes,87351.42,Yes,0.5413,Medium
15764105,France,Female,57,1,0,2,Yes,No,89248.99,No,0.5413,Medium
15605037,France,Female,49,2,0,1,No,Yes,192298.84,Yes,0.5404,Medium
15622461,France,Female,51,7,122822,2,No,No,32626.21,No,0.5403,Medium
15705448,Germany,Male,52,7,130013.12,1,Yes,Yes,190806.36,Yes,0.5396,Medium
15729954,France,Female,28,5,0,3,Yes,No,170487.4,Yes,0.5395,Medium
15722731,France,Male,46,0,119556.1,1,Yes,No,78250.13,Yes,0.5392,Medium
15762277,France,Male,47,5,158623.14,1,No,No,83499.89,Yes,0.5391,Medium
15568088,Germany,Male,44,3,163714.52,1,Yes,No,96123.72,No,0.5391,Medium
15616365,France,Female,53,2,0,2,Yes,No,28045.77,No,0.5391,Medium
15610643,Germany,Male,44,3,151739.65,1,Yes,No,167461.5,No,0.5391,Medium
15661507,Spain,Male,45,6,0,1,No,No,158684.81,No,0.5388,Medium
15684181,France,Male,45,5,0,1,Yes,No,142513.5,Yes,0.5388,Medium
15569050,France,Male,45,6,0,1,Yes,No,130009.85,Yes,0.5388,Medium
15713144,Spain,Male,46,8,0,1,Yes,No,61931.21,No,0.5388,Medium
15747534,France,Male,46,10,0,1,Yes,No,73489.15,Yes,0.5388,Medium
15737998,France,Male,46,8,0,1,No,No,126511.94,Yes,0.5388,Medium
15623858,France,Male,45,9,0,1,No,No,148516.79,No,0.5388,Medium
15647266,Spain,Female,45,10,135923.16,1,Yes,No,18732.84,No,0.5386,Medium
15717937,Germany,Male,43,5,99906.89,1,No,No,24983.39,No,0.5381,Medium
15764343,Spain,Female,46,8,155681.72,1,Yes,No,26287.21,No,0.5379,Medium
15809178,Germany,Female,42,9,146100.75,1,Yes,No,32574.01,Yes,0.5377,Medium
15698902,Germany,Female,42,1,142703.4,1,Yes,No,86207.49,Yes,0.5377,Medium
15569759,France,Female,27,4,0,3,Yes,No,163113.41,No,0.5373,Medium
15794048,Germany,Female,48,1,97133.92,2,No,No,113316.77,Yes,0.5369,Medium
15670898,France,Female,60,5,108028.08,2,No,No,25980.42,Yes,0.5365,Medium
15585100,Germany,Female,40,9,124401.6,1,Yes,No,198814.24,Yes,0.5351,Medium
15793116,Germany,Female,40,7,117304.29,1,No,No,196278.32,No,0.5351,Medium
15681332,France,Female,43,6,0,1,Yes,No,148330.97,Yes,0.535,Medium
15814468,Germany,Male,50,1,121399.98,1,No,Yes,84508.44,Yes,0.5341,Medium
15687001,Germany,Male,54,1,123544,1,Yes,Yes,120314.75,Yes,0.5341,Medium
15593778,France,Female,29,3,46388.16,3,Yes,No,127939.26,Yes,0.5334,Medium
15724838,France,Female,43,4,0,1,Yes,No,170347.1,No,0.5327,Medium
15785373,Spain,Female,42,5,190305.78,1,Yes,No,99347.8,Yes,0.5326,Medium
15750811,Germany,Male,44,3,116822.7,1,No,No,197643.24,No,0.5319,Medium
15659399,Germany,Male,50,7,139675.07,2,Yes,No,45591.23,No,0.5314,Medium
15791053,Germany,Male,45,4,122917.71,1,Yes,Yes,11.58,Yes,0.5304,Medium
15653275,Spain,Female,54,1,0,2,Yes,No,45113.92,Yes,0.5303,Medium
15612207,Germany,Female,51,1,87779.83,1,No,Yes,36687.11,Yes,0.5298,Medium
15577178,France,Male,45,5,68375.27,1,Yes,No,193160.25,Yes,0.529,Medium
15796787,France,Male,46,0,105969.42,1,Yes,No,5771.56,No,0.5289,Medium
15751392,Spain,Female,57,4,0,2,Yes,No,136649.8,Yes,0.5281,Medium
15589572,Spain,Female,61,4,129855.72,2,Yes,No,170214.82,Yes,0.5273,Medium
15640922,France,Female,52,7,0,1,Yes,Yes,122782.5,No,0.527,Medium
15632051,Germany,Female,42,10,128707.31,1,Yes,No,63092.65,Yes,0.527,Medium
15660475,France,Female,54,9,0,1,No,Yes,76621.49,No,0.5264,Medium
15754053,France,Female,67,7,0,3,Yes,Yes,82782.08,No,0.526,Medium
15806438,Germany,Female,42,2,123331.36,1,No,No,103516.08,Yes,0.5248,Medium
15759066,France,Female,44,5,136836.49,1,Yes,No,192359.9,Yes,0.5248,Medium
15590810,Germany,Female,41,9,144326.09,1,Yes,No,73979.85,Yes,0.5247,Medium
15570192,Germany,Female,40,8,121729.42,1,No,No,61164.45,No,0.5247,Medium
15750569,Germany,Female,46,3,102955.14,2,Yes,No,154137.33,No,0.5245,Medium
15677307,Germany,Female,40,6,137326.65,1,Yes,No,186976.6,No,0.524,Medium
15610711,Germany,Female,40,8,128644.46,1,No,No,167673.37,No,0.524,Medium
15674678,Germany,Female,43,9,79120.27,1,No,No,548.52,Yes,0.5236,Medium
15757015,Germany,Female,41,5,106640.5,1,Yes,No,176945.96,No,0.5232,Medium
15571221,Germany,Male,58,7,116313.57,1,Yes,Yes,190696.35,Yes,0.5227,Medium
15615797,Germany,Male,59,5,108585.35,1,Yes,Yes,192127.22,Yes,0.5227,Medium
15694039,Germany,Female,46,9,149003.76,2,Yes,No,176902.83,No,0.5227,Medium
15734659,Germany,Female,46,5,107978.4,2,Yes,No,155876.06,No,0.5227,Medium
15767339,France,Female,53,10,0,2,Yes,No,189992.97,No,0.522,Medium
15663441,Germany,Female,40,4,148571.07,1,Yes,No,189826.96,Yes,0.5217,Medium
15624755,Germany,Female,40,3,109628.44,1,Yes,No,189366.03,No,0.5217,Medium
15597602,Germany,Male,57,3,137946.39,1,Yes,Yes,72467.99,Yes,0.5212,Medium
15691543,Germany,Male,58,2,142537.18,1,Yes,Yes,88791.83,No,0.5212,Medium
15735799,Germany,Male,58,3,137318.42,1,Yes,Yes,126144.96,No,0.5212,Medium
15798424,Germany,Male,59,1,130854.59,1,Yes,Yes,30722.52,Yes,0.521,Medium
15772250,Spain,Male,46,9,0,1,No,No,17268.02,No,0.521,Medium
15757607,France,Male,45,0,0,1,Yes,No,196533.72,Yes,0.5209,Medium
15715047,Spain,Male,43,9,172478.15,1,Yes,No,191084.4,Yes,0.5202,Medium
15737025,France,Male,33,1,0,3,No,No,178067.33,Yes,0.5199,Medium
15696674,Germany,Female,45,2,150842.93,1,No,Yes,2319.96,Yes,0.5197,Medium
15641389,Germany,Male,48,4,123593.22,2,Yes,No,82469.06,Yes,0.519,Medium
15602043,Germany,Female,46,5,141788.63,2,No,No,164967.21,No,0.5189,Medium
15684951,France,Female,59,2,68892.77,2,Yes,No,7905.06,Yes,0.5188,Medium
15629846,Germany,Female,47,8,143001.5,2,Yes,No,108977.5,No,0.5188,Medium
15761713,France,Female,43,7,178074.33,1,No,No,110405.9,No,0.5187,Medium
15807269,Germany,Male,43,2,166522.78,1,No,No,119644.59,Yes,0.5181,Medium
15793890,France,Female,59,4,0,1,Yes,Yes,163365.85,Yes,0.518,Medium
15680920,France,Male,46,7,49512.55,1,Yes,No,133007.34,No,0.5178,Medium
15662884,Germany,Male,58,1,110597.76,1,No,Yes,160122.66,Yes,0.5171,Medium
15749472,France,Male,45,8,0,1,Yes,No,130376.68,No,0.5171,Medium
15739123,Germany,Male,50,4,127552.85,2,Yes,No,4225.11,No,0.5168,Medium
15778320,Germany,Female,40,5,148495.64,1,No,No,158853.98,No,0.5164,Medium
15757559,France,Female,53,7,0,2,Yes,No,41371.68,Yes,0.5163,Medium
15804131,Spain,Female,53,7,65407.16,2,No,No,182633.63,Yes,0.5152,Medium
15649280,Germany,Female,40,9,134504.78,1,Yes,No,18082.06,No,0.5151,Medium
15802274,France,Female,44,7,55053.62,1,Yes,No,181757.19,No,0.5139,Medium
15677804,Spain,Male,38,1,0,3,Yes,Yes,80178.54,Yes,0.5129,Medium
15807728,France,Female,45,1,0,1,No,Yes,190663.89,Yes,0.5121,Medium
15799626,Germany,Male,50,4,126345.55,1,No,Yes,17323,Yes,0.5115,Medium
15778154,Germany,Male,50,4,122227.71,1,No,Yes,14217.77,Yes,0.5115,Medium
15654859,Spain,Female,63,2,131629.17,2,Yes,No,122109.58,Yes,0.5109,Medium
15608541,France,Male,46,1,91857.66,1,Yes,No,101954.78,Yes,0.5108,Medium
15706268,Germany,Male,51,1,147910.3,1,Yes,Yes,53581.14,No,0.5106,Medium
15737832,Spain,Male,45,0,139825.56,1,No,No,170984.97,Yes,0.5103,Medium
15765694,Spain,Female,59,1,0,1,No,Yes,130260.11,Yes,0.5098,Medium
15673372,France,Female,58,1,0,1,Yes,Yes,58907.08,Yes,0.5098,Medium
15794273,France,Female,56,0,62732.65,1,No,Yes,124954.56,No,0.5098,Medium
15678916,France,Female,75,2,0,1,Yes,No,123304.62,No,0.5097,Medium
15728005,France,Female,57,9,111359.55,2,Yes,No,105715.01,No,0.5086,Medium
15603749,France,Female,53,2,45472.28,1,Yes,Yes,41055.71,Yes,0.5076,Medium
15716984,Spain,Female,56,4,0,2,Yes,No,84644.76,No,0.5074,Medium
15807709,Germany,Female,55,9,180075.22,1,Yes,Yes,100127.71,No,0.5071,Medium
15814930,Germany,Female,40,10,125534.51,1,Yes,No,121504.18,Yes,0.5068,Medium
15670205,Germany,Female,41,5,110624.99,1,Yes,No,89327.67,No,0.5068,Medium
15639552,Germany,Female,40,8,148897.02,1,No,No,105052.9,No,0.5068,Medium
15574119,Spain,Female,64,1,62979.93,1,Yes,Yes,152273.57,No,0.5064,Medium
15745533,France,Female,63,1,110314.21,2,Yes,No,37464,Yes,0.506,Medium
15788442,Spain,Female,57,2,173306.13,1,No,Yes,131964.66,No,0.5055,Medium
15594762,Spain,Male,46,1,183276.32,1,Yes,Yes,13460.27,No,0.5054,Medium
15640409,Germany,Female,46,0,89087.89,1,No,Yes,87941.85,Yes,0.5054,Medium
15769216,France,Female,43,2,0,1,Yes,No,49713.87,Yes,0.5052,Medium
15577107,Spain,Female,22,6,0,3,No,Yes,168412.07,Yes,0.5046,Medium
15691625,Germany,Female,41,3,138306.34,1,Yes,No,106761.47,No,0.5045,Medium
15713463,Germany,Female,41,2,138881.04,1,Yes,No,129936.53,Yes,0.5045,Medium
15797910,Germany,Male,51,2,123783.25,1,Yes,Yes,134901.57,No,0.5042,Medium
15675337,Germany,Female,34,5,106011.59,1,Yes,Yes,17376.57,Yes,0.5038,Medium
15569641,Germany,Female,41,8,130701.29,1,Yes,No,59354.24,Yes,0.5037,Medium
15582849,France,Female,51,1,0,1,Yes,Yes,22835.13,Yes,0.5035,Medium
15621227,Germany,Female,46,7,161806.09,1,Yes,Yes,173052.19,No,0.5032,Medium
15775335,Germany,Female,48,4,81556.89,2,Yes,No,191914.37,No,0.5029,Medium
15760085,Germany,Female,48,10,126384.42,1,Yes,Yes,198129.36,No,0.5015,Medium
15755241,France,Female,52,2,0,1,No,Yes,144045.08,Yes,0.5008,Medium
15671137,France,Female,52,1,0,1,No,Yes,8636.05,Yes,0.5002,Medium
15677906,Spain,Female,54,5,0,1,No,Yes,150836.98,No,0.4998,Medium
15694098,France,Female,54,9,68332.96,1,Yes,Yes,144390.75,No,0.4998,Medium
15790299,Spain,Male,37,9,0,3,Yes,Yes,10656.89,No,0.4993,Medium
15812607,Germany,Female,46,6,95439.4,1,Yes,Yes,21038.58,Yes,0.4985,Medium
15797190,Germany,Female,40,7,96202.32,1,No,No,161154.85,No,0.4977,Medium
15722632,Germany,Male,50,2,119655.77,1,Yes,Yes,12944.17,Yes,0.4976,Medium
15795990,Germany,Female,48,10,138311.76,1,Yes,Yes,3472.63,Yes,0.4974,Medium
15772363,Germany,Female,42,0,101979.16,1,Yes,No,90928.48,No,0.497,Medium
15576683,Spain,Female,43,9,0,1,Yes,No,125870.79,Yes,0.4968,Medium
15792722,France,Female,43,8,64897.75,1,Yes,No,114996.33,No,0.4968,Medium
15631310,France,Female,53,3,0,1,Yes,Yes,91406.62,No,0.4968,Medium
15600832,France,Female,43,9,0,1,Yes,No,103726.71,No,0.4968,Medium
15800583,Spain,Female,43,8,0,1,No,No,102806.6,No,0.4968,Medium
15790455,France,Female,50,2,0,1,No,Yes,93332.64,Yes,0.4968,Medium
15681402,Germany,Female,61,1,66101.89,1,Yes,Yes,143981.27,No,0.4958,Medium
15633648,Spain,Female,51,5,0,2,Yes,No,55022.43,No,0.4952,Medium
15687658,France,Female,52,7,65971.61,2,Yes,No,14608,Yes,0.4952,Medium
15638047,Germany,Female,45,9,142765.24,2,Yes,No,34749.65,No,0.4952,Medium
15603111,Spain,Male,71,10,69608.14,1,Yes,No,97893.4,Yes,0.4951,Medium
15729238,Germany,Male,48,1,106396.48,1,Yes,Yes,150661.42,Yes,0.49370000000000003,Medium
15799600,Germany,Male,48,1,111599.32,1,No,Yes,135995.58,No,0.49370000000000003,Medium
15756751,Spain,Female,54,0,78126.28,1,Yes,Yes,153482.91,Yes,0.4936,Medium
15794276,France,Female,64,3,0,1,Yes,Yes,189703.65,No,0.4934,Medium
15641366,Germany,Male,61,1,124737.96,1,No,Yes,90389.61,Yes,0.4925,Medium
15582116,Germany,Female,45,7,132746.2,2,Yes,No,26628.88,Yes,0.4914,Medium
15687372,Germany,Male,49,8,121537.71,2,Yes,No,46521.45,Yes,0.491,Medium
15722246,France,Female,60,4,0,1,Yes,Yes,13161.66,Yes,0.4905,Medium
15583073,Spain,Female,56,2,0,1,Yes,Yes,25222.6,Yes,0.4905,Medium
15641413,Germany,Female,49,7,155393.98,2,Yes,No,13308.2,Yes,0.4904,Medium
15746203,Germany,Male,62,4,119817.33,1,No,Yes,43507.1,Yes,0.4903,Medium
15611669,Germany,Male,50,7,126608.37,1,No,Yes,645.61,Yes,0.4901,Medium
15778410,Spain,Female,52,7,0,1,No,Yes,194113.99,Yes,0.4899,Medium
15771569,Germany,Male,46,4,137367.94,1,Yes,Yes,33450.11,No,0.4897,Medium
15779586,Germany,Female,46,3,115074.02,2,Yes,No,26249.86,No,0.4895,Medium
15805429,Germany,Male,59,3,106819.65,1,No,Yes,163570.25,No,0.4869,Medium
15615430,Germany,Male,55,4,129646.91,1,Yes,Yes,184125.1,Yes,0.4869,Medium
15607690,Germany,Male,47,2,118812.5,2,No,No,31121.42,No,0.4866,Medium
15655574,Germany,Female,40,8,150777.1,1,Yes,No,114732.62,No,0.4857,Medium
15728838,France,Male,45,1,148600.91,1,Yes,No,143397.14,Yes,0.4856,Medium
15598846,France,Female,44,2,58781.76,1,Yes,No,16874.92,No,0.4842,Medium
15663194,Germany,Female,40,3,110150.43,1,Yes,Yes,191757.65,Yes,0.4842,Medium
15719377,France,Female,50,4,0,1,Yes,Yes,8546.87,Yes,0.4838,Medium
15591286,Germany,Female,49,4,88826.07,1,Yes,Yes,33759.41,Yes,0.4832,Medium
15720583,Germany,Female,44,0,119638.21,1,Yes,Yes,34265.08,Yes,0.4827,Medium
15796957,Spain,Male,35,9,0,3,No,Yes,73181.39,Yes,0.4824,Medium
15775891,Germany,Male,48,2,107247.69,1,Yes,Yes,103712.05,Yes,0.4808,Medium
15577587,Germany,Male,52,5,121016.23,1,Yes,Yes,41730.37,Yes,0.4808,Medium
15789158,Germany,Male,49,6,113599.74,2,Yes,No,158887.09,Yes,0.4803,Medium
15640454,Germany,Male,40,0,120711.73,1,No,No,27345.18,Yes,0.4802,Medium
15733234,France,Female,58,4,0,1,Yes,Yes,62449.07,Yes,0.4798,Medium
15796813,France,Male,54,3,167831.88,2,Yes,No,150159.95,Yes,0.4791,Medium
15617065,Spain,Male,42,4,194532.66,1,Yes,No,171045.31,Yes,0.478,Medium
15735246,Spain,Female,58,9,0,2,No,No,119071.56,Yes,0.477,Medium
15598259,Germany,Female,41,9,98612.1,1,Yes,No,151349.35,No,0.4766,Medium
15640078,Germany,Female,39,5,135134.99,1,Yes,No,173683,Yes,0.4755,Medium
15569976,Germany,Male,65,1,136186.44,1,Yes,Yes,121529.59,Yes,0.4755,Medium
15694510,France,Male,45,1,129855.32,1,No,No,24218.65,No,0.4753,Medium
15577806,Germany,Female,54,1,75900.84,1,Yes,Yes,192154.66,No,0.4751,Medium
15572050,Germany,Male,48,3,122831.58,1,Yes,Yes,24533.89,Yes,0.4745,Medium
15587640,France,Female,43,0,93143.39,1,Yes,No,167554.86,No,0.4733,Medium
15669887,France,Female,51,3,0,1,Yes,Yes,69101.23,Yes,0.4731,Medium
15726403,Germany,Male,41,1,129901.21,1,Yes,No,26025.6,Yes,0.4728,Medium
15595728,Germany,Male,41,0,119276.31,1,No,No,122284.38,Yes,0.4726,Medium
15690589,France,Male,37,9,212314.03,1,No,Yes,148814.54,No,0.4726,Medium
15754342,Germany,Female,60,0,78539.84,1,No,Yes,48502.88,No,0.4725,Medium
15804919,Spain,Female,65,1,0,1,Yes,Yes,177655.68,Yes,0.4722,Medium
15583552,Germany,Male,44,3,88902.21,1,Yes,No,73731.32,No,0.4714,Medium
15664610,Germany,Male,48,4,133994.52,1,Yes,Yes,19287.06,Yes,0.4712,Medium
15654457,Spain,Female,30,2,0,3,Yes,Yes,172576.43,Yes,0.4705,Medium
15746553,Germany,Male,50,5,124233.24,1,No,Yes,159456.87,Yes,0.4701,Medium
15755731,Germany,Male,53,8,117005.55,1,No,Yes,123646.57,Yes,0.4701,Medium
15784736,France,Male,45,6,136855.24,1,Yes,No,46864,No,0.4698,Medium
15641474,France,Male,46,9,139859.54,1,Yes,No,38967.29,No,0.4698,Medium
15588186,Spain,Male,45,7,107023.03,1,Yes,No,32903.93,No,0.4698,Medium
15724684,Spain,Male,46,5,91897.8,1,Yes,No,54394.28,No,0.4698,Medium
15646535,France,Male,46,5,113226.47,1,Yes,No,56770.76,No,0.4698,Medium
15754177,Spain,Male,53,2,111061.01,2,No,No,26542.17,No,0.4688,Medium
15727944,Germany,Female,48,1,92072.68,1,Yes,Yes,133992.36,No,0.4683,Medium
15807481,France,Female,46,1,0,1,Yes,Yes,158750.53,No,0.4677,Medium
15669957,Germany,Male,52,9,144696.75,1,Yes,Yes,49025.79,No,0.4676,Medium
15759250,Germany,Male,51,3,99183.9,1,Yes,Yes,28922.25,No,0.4675,Medium
15585888,Spain,Female,48,3,0,1,No,Yes,30730.95,Yes,0.4672,Medium
15773013,France,Female,47,0,0,1,Yes,Yes,6342.84,Yes,0.4662,Medium
15764432,Germany,Female,42,2,164307.77,1,Yes,No,48498.19,No,0.466,Medium
15743871,France,Male,59,3,0,2,Yes,No,25843.7,Yes,0.4658,Medium
15631685,Germany,Male,60,1,163894.35,1,No,Yes,57061.71,No,0.4647,Medium
15659092,France,Female,50,5,0,2,Yes,No,191756.54,Yes,0.4646,Medium
15621520,Germany,Female,42,2,139707.28,1,Yes,No,2150.22,No,0.4642,Medium
15680752,France,Female,49,0,0,1,Yes,Yes,80496.71,Yes,0.4637,Medium
15644280,France,Male,45,4,138825.19,1,No,No,10828.78,No,0.4631,Medium
15736126,Germany,Male,55,0,98710.89,1,Yes,Yes,83617.17,Yes,0.463,Medium
15782360,Germany,Male,65,2,131935.51,1,Yes,Yes,96399.67,Yes,0.4626,Medium
15747358,Germany,Male,59,3,170331.37,1,Yes,Yes,32171.79,No,0.4625,Medium
15698791,France,Male,45,3,146758.24,1,Yes,No,48466.89,No,0.4624,Medium
15801169,Germany,Female,39,9,138341.51,1,Yes,No,50072.94,Yes,0.4622,Medium
15777054,Germany,Male,42,3,137479.13,1,Yes,No,25669.1,No,0.4622,Medium
15770474,France,Female,33,1,0,3,No,Yes,70221.13,Yes,0.4617,Medium
15677020,France,Female,58,8,0,1,No,Yes,116503.92,Yes,0.4616,Medium
15722902,Germany,Male,50,8,125437.64,1,Yes,Yes,17160.94,Yes,0.4605,Medium
15705860,Germany,Male,40,3,107949.45,1,Yes,No,52449.62,Yes,0.4599,Medium
15797160,France,Female,49,8,0,1,Yes,Yes,182865.09,Yes,0.4594,Medium
15797767,France,Female,49,6,0,1,No,Yes,148087.88,Yes,0.4594,Medium
15662854,Germany,Male,48,5,139714.4,2,No,No,73066.72,No,0.4593,Medium
15630053,France,Male,45,5,127864.4,1,Yes,No,87107.57,No,0.4592,Medium
15723894,France,Male,45,7,137555.44,1,No,No,124607.7,No,0.4592,Medium
15597536,Spain,Male,45,5,133618.01,1,No,No,135244.87,No,0.4592,Medium
15678206,France,Male,46,6,161798.53,1,Yes,No,182944.47,No,0.4592,Medium
15725906,Spain,Female,51,8,0,1,Yes,Yes,38928.48,Yes,0.4591,Medium
15752300,Germany,Male,47,4,148826.32,1,Yes,Yes,79450.61,No,0.4587,Medium
15786153,Germany,Male,47,9,137774.11,2,Yes,No,151902.78,No,0.4583,Medium
15590327,Germany,Female,42,10,166031.45,1,Yes,No,98293.14,No,0.4576,Medium
15578671,Spain,Female,29,1,209490.21,1,Yes,Yes,133267.69,Yes,0.4572,Medium
15634950,Germany,Male,57,8,107174.58,1,Yes,Yes,126369.55,Yes,0.4569,Medium
15777045,Spain,Female,44,3,81811.71,1,Yes,No,164213.53,Yes,0.4566,Medium
15766686,Germany,Female,39,1,104502.11,1,Yes,No,20652.69,No,0.4564,Medium
15798200,France,Male,35,2,0,3,Yes,Yes,94148.3,No,0.4563,Medium
15782550,Germany,Female,41,0,139659.04,1,Yes,Yes,176254.12,No,0.4561,Medium
15726832,Germany,Male,61,3,141784.02,1,Yes,Yes,92053.75,No,0.4558,Medium
15581198,Germany,Female,39,0,122104.79,1,Yes,No,112946.67,Yes,0.4555,Medium
15749123,Spain,Male,45,7,157332.26,1,Yes,No,125424.42,No,0.4554,Medium
15688963,France,Female,52,10,0,1,Yes,Yes,24998.75,Yes,0.4553,Medium
15709441,Spain,Female,59,8,0,1,Yes,Yes,36124.98,No,0.4553,Medium
15645496,France,Female,43,7,139972.18,1,Yes,No,143668.58,No,0.4553,Medium
15625964,France,Female,43,5,153313.67,1,No,No,170563.73,No,0.4553,Medium
15814675,Germany,Female,39,8,128264.03,1,Yes,No,61792.76,Yes,0.4553,Medium
15717010,France,Female,60,5,0,1,Yes,Yes,38914.51,No,0.4553,Medium
15687079,Spain,Male,69,10,115462.44,1,Yes,No,40421.87,No,0.4548,Medium
15697201,Spain,Female,46,3,0,1,Yes,Yes,156260.08,No,0.4548,Medium
15713596,France,Female,62,1,107735.93,1,No,Yes,58381.77,No,0.4534,Medium
15696514,Germany,Female,37,6,104414.03,1,Yes,No,192026.02,No,0.4532,Medium
15708504,Germany,Male,50,8,121438.58,1,Yes,Yes,176471.78,Yes,0.4531,Medium
15657529,Germany,Male,53,1,99141.86,1,Yes,Yes,72496.05,Yes,0.4526,Medium
15792862,Germany,Male,41,1,104584.11,1,Yes,No,15126.32,Yes,0.4525,Medium
15569764,Germany,Female,41,2,154007.21,1,Yes,No,158408.23,No,0.4523,Medium
15622527,France,Female,55,6,0,1,Yes,Yes,22442.13,No,0.452,Medium
15588450,France,Female,60,8,69365.25,1,Yes,Yes,10288.24,No,0.452,Medium
15662100,Germany,Female,44,5,128605.32,1,No,Yes,171096.2,No,0.4519,Medium
15700300,Germany,Female,44,4,131593.85,1,No,Yes,171345.02,Yes,0.4516,Medium
15606149,Germany,Female,66,9,111577.01,1,No,Yes,189271.9,No,0.4515,Medium
15726494,France,Male,44,9,175303.06,1,Yes,No,65500.53,Yes,0.4507,Medium
15686974,France,Female,48,4,0,1,No,Yes,30165.06,Yes,0.4503,Medium
15743714,France,Male,46,7,91443.75,1,Yes,No,10958.18,No,0.4496,Medium
15803941,France,Male,46,10,95502.21,1,No,No,19842.18,No,0.4496,Medium
15741197,Spain,Male,22,8,0,3,Yes,No,107292.91,No,0.4494,Medium
15705890,France,Male,45,7,142072.02,1,Yes,No,37013.29,No,0.4489,Medium
15690021,Germany,Female,42,0,132002.7,1,No,Yes,28204.98,Yes,0.4489,Medium
15702499,Spain,Male,46,9,190678.02,1,Yes,Yes,14725.36,No,0.4483,Medium
15714227,France,Female,53,7,0,1,Yes,Yes,136910.18,No,0.4482,Medium
15728693,Germany,Female,43,3,141349.43,1,Yes,Yes,100187.43,No,0.4477,Medium
15701160,Germany,Female,43,4,125890.72,1,Yes,Yes,74854.97,No,0.4477,Medium
15646817,France,Male,51,9,156773.78,2,Yes,No,40257.79,No,0.4475,Medium
15585580,Germany,Female,52,9,167194.36,1,Yes,Yes,62808.93,Yes,0.4471,Medium
15586970,Germany,Male,52,8,103023.26,1,Yes,Yes,22485.64,No,0.4467,Medium
15693893,Germany,Male,59,9,122471.09,1,No,Yes,15807.07,No,0.4467,Medium
15650591,Germany,Male,50,10,118098.62,1,Yes,Yes,100720.02,Yes,0.4464,Medium
15814405,France,Female,46,9,0,1,Yes,Yes,81014.5,Yes,0.4462,Medium
15782247,France,Male,22,4,0,3,Yes,Yes,186233.26,Yes,0.4458,Medium
15735080,France,Female,64,2,0,1,Yes,Yes,6076.62,No,0.4458,Medium
15810444,Germany,Female,39,6,130565.02,1,Yes,No,9854.72,Yes,0.4458,Medium
15583212,France,Female,43,5,134022.06,1,Yes,No,194764.83,No,0.4456,Medium
15807923,Germany,Female,39,10,115301.31,1,Yes,No,43527.4,Yes,0.4451,Medium
15811978,Germany,Male,46,2,104763.41,1,Yes,Yes,62368.33,No,0.4449,Medium
15723907,Germany,Female,49,5,154776.42,2,No,No,196257.68,No,0.4445,Medium
15775203,France,Male,45,3,129209.48,1,No,No,60151.77,No,0.4443,Medium
15723717,Germany,Male,41,1,118334.44,1,No,No,163147.99,Yes,0.4443,Medium
15612505,Spain,Male,45,3,100212.13,1,Yes,No,152577.62,No,0.4443,Medium
15687421,Spain,Male,67,9,125919.35,1,Yes,No,175910.95,Yes,0.4441,Medium
15607993,France,Female,52,2,79468.96,1,Yes,Yes,84606.03,No,0.4426,Medium
15621075,Germany,Female,45,1,162150.42,2,Yes,No,174531.27,No,0.4424,Medium
15774586,Germany,Female,43,10,118588.83,1,Yes,Yes,161241.65,Yes,0.4416,Medium
15574072,France,Female,62,8,0,1,Yes,Yes,165702.64,No,0.4414,Medium
15619343,France,Male,56,7,152759,2,Yes,No,133167.11,Yes,0.4407,Medium
15784676,France,Male,51,6,125268.03,2,Yes,No,165082.25,No,0.4407,Medium
15630466,France,Male,45,8,0,1,No,No,125110.02,No,0.4399,Medium
15663987,Spain,Male,30,1,0,3,Yes,No,164647.72,Yes,0.4398,Medium
15621210,Germany,Male,46,9,123444.72,1,Yes,Yes,31368.08,Yes,0.4388,Medium
15756299,France,Female,64,2,69311.16,1,Yes,Yes,59237.72,No,0.4385,Medium
15651713,France,Male,45,6,148071.39,1,Yes,No,183575.01,No,0.4383,Medium
15632118,Spain,Male,45,5,164450.94,1,Yes,No,141970.02,Yes,0.4383,Medium
15640686,France,Male,46,5,95872.86,1,Yes,No,98273.01,Yes,0.4383,Medium
15637891,Germany,Female,43,4,140681.68,1,No,Yes,20134.07,No,0.4382,Medium
15624744,Germany,Male,42,9,115766.26,1,No,No,72155.85,Yes,0.4381,Medium
15587647,Germany,Female,66,0,127120.62,1,No,Yes,118929.64,Yes,0.4379,Medium
15692137,France,Female,46,2,0,1,Yes,Yes,138380.11,No,0.4379,Medium
15758769,France,Female,44,7,0,1,Yes,No,4791.8,No,0.4379,Medium
15767358,Germany,Female,45,1,97486.15,2,Yes,No,50610.62,No,0.4378,Medium
15718912,Germany,Female,44,5,126147.84,1,No,Yes,132424.69,Yes,0.4377,Medium
15577423,Germany,Female,39,5,124586.93,1,Yes,No,93132.61,Yes,0.4376,Medium
15735909,Germany,Female,39,8,105103.33,1,Yes,No,104721.5,Yes,0.4376,Medium
15681075,France,Female,58,1,0,1,Yes,Yes,706.5,No,0.4371,Medium
15775104,France,Female,38,1,182065.85,1,Yes,No,49503.5,No,0.4367,Medium
15786800,Germany,Male,52,5,131694.97,1,No,Yes,92873.5,Yes,0.4361,Medium
15655436,Germany,Male,47,2,136911.07,1,Yes,Yes,168184.62,Yes,0.4352,Medium
15668818,Spain,Female,40,2,200322.45,1,Yes,Yes,113244.73,No,0.4349,Medium
15769389,Germany,Female,39,9,124723.92,1,Yes,No,73641.86,No,0.4345,Medium
15684211,Spain,Female,44,9,153656.85,1,Yes,No,158742.81,No,0.4345,Medium
15771299,France,Female,57,1,92053,1,Yes,Yes,164064.44,Yes,0.4343,Medium
15774401,Spain,Male,51,4,0,2,No,No,123587.83,Yes,0.4336,Medium
15795488,Spain,Male,52,2,0,2,Yes,No,57337.79,No,0.4336,Medium
15658052,France,Female,44,10,81553.93,1,Yes,No,20063.63,Yes,0.4331,Medium
15695034,France,Female,44,4,123322.15,1,Yes,No,137136.29,No,0.4321,Medium
15712849,Germany,Male,41,3,126550.7,1,No,No,177644.52,Yes,0.4315,Medium
15612524,Germany,Male,41,2,127841.52,1,Yes,No,172363.41,No,0.4315,Medium
15714575,Germany,Female,44,8,107926.02,1,No,Yes,17375.27,Yes,0.4315,Medium
15619514,Germany,Male,40,3,120105.43,1,Yes,No,92075.01,Yes,0.4315,Medium
15707120,France,Male,46,9,117640.39,1,Yes,No,88920.68,No,0.4309,Medium
15722765,Spain,Female,57,0,136820.99,1,No,Yes,108528.74,No,0.4304,Medium
15733964,Spain,Female,53,1,109330.06,1,Yes,Yes,75860.01,No,0.4304,Medium
15733447,France,Female,51,1,124662.54,1,Yes,Yes,65390.46,Yes,0.4304,Medium
15596552,Germany,Male,48,5,134542.73,1,Yes,Yes,58203.67,Yes,0.4301,Medium
15639303,Germany,Male,48,5,126111.61,1,No,Yes,133961.19,No,0.4301,Medium
15736730,France,Female,45,2,0,1,Yes,Yes,143458.31,No,0.4299,Medium
15649853,France,Female,45,3,0,1,Yes,Yes,184474.15,Yes,0.4299,Medium
15678201,France,Female,46,1,0,1,Yes,Yes,104469.06,Yes,0.4298,Medium
15611331,France,Female,46,1,0,1,Yes,Yes,115779.48,Yes,0.4298,Medium
15632521,Germany,Male,45,0,130170.82,2,Yes,No,150856.38,No,0.4297,Medium
15600700,Germany,Male,63,6,116227.27,1,Yes,Yes,119404.63,No,0.4289,Medium
15650313,Germany,Male,65,6,129472.33,1,Yes,Yes,85179.48,No,0.4289,Medium
15573452,Germany,Male,42,7,115930.87,1,Yes,No,19862.78,No,0.4287,Medium
15612455,Germany,Male,45,6,124240.93,1,Yes,Yes,146372.51,No,0.4283,Medium
15785358,Germany,Male,46,8,106968.96,1,Yes,Yes,79366.98,Yes,0.4283,Medium
15569590,Germany,Male,42,1,98495.72,1,Yes,No,40014.76,Yes,0.4282,Medium
15597951,France,Female,58,4,114713.57,1,Yes,Yes,36315.03,No,0.4282,Medium
15623502,Spain,Female,56,4,98365.33,1,Yes,Yes,44251.33,No,0.4282,Medium
15735636,France,Female,53,2,121389.78,1,Yes,Yes,48201.64,Yes,0.4282,Medium
15591985,France,Female,51,8,70754.18,1,Yes,Yes,92920.04,Yes,0.4277,Medium
15711618,Germany,Female,39,1,124640.51,1,Yes,No,116511.12,Yes,0.4274,Medium
15615207,Spain,Male,47,0,0,1,Yes,Yes,5557.88,Yes,0.4274,Medium
15590828,Germany,Male,42,7,126428.38,1,Yes,No,39830.1,No,0.4272,Medium
15744691,France,Female,29,3,0,3,Yes,No,4733.94,No,0.427,Medium
15566891,Germany,Female,41,3,88594.93,1,Yes,No,178997.89,No,0.427,Medium
15674551,Germany,Male,40,7,111756.5,1,Yes,No,8128.32,Yes,0.4264,Medium
15606097,Germany,Male,63,7,104469.58,1,Yes,Yes,25165.36,Yes,0.4264,Medium
15603465,Germany,Female,45,5,155447.65,2,Yes,No,51871.95,Yes,0.4262,Medium
15634359,Germany,Female,41,5,98635.77,1,Yes,No,199970.74,No,0.4253,Medium
15815040,Germany,Female,42,8,103362.14,1,No,Yes,186869.58,Yes,0.4252,Medium
15744240,Germany,Female,46,0,74458.25,1,No,Yes,6866.31,No,0.425,Medium
15755678,France,Male,62,2,0,2,No,No,42763.12,Yes,0.4247,Medium
15625929,France,Female,44,7,159316.64,1,No,No,24780.13,No,0.4245,Medium
15709459,Spain,Female,63,5,0,1,Yes,Yes,173576.71,No,0.4244,Medium
15574213,France,Female,53,1,158271.74,1,Yes,Yes,5036.39,Yes,0.4243,Medium
15613886,Spain,Male,43,1,0,1,Yes,No,44560.17,Yes,0.4243,Medium
15716085,Spain,Female,41,8,0,1,Yes,No,191694.77,Yes,0.4239,Medium
15815095,Spain,Male,54,7,108185.81,2,No,No,24093.4,Yes,0.4231,Medium
15643908,France,Female,49,10,0,1,Yes,Yes,87711.61,No,0.4218,Medium
15778135,Spain,Male,43,3,0,1,Yes,No,83594.51,No,0.4217,Medium
15635502,France,Male,44,2,0,1,Yes,No,159165.7,No,0.4217,Medium
15716491,Spain,Female,51,4,93656.95,1,No,Yes,141400.51,Yes,0.4216,Medium
15686780,Spain,Female,55,1,133676.65,1,No,Yes,17095.49,No,0.421,Medium
15706365,France,Female,50,9,102535.57,1,Yes,Yes,189543.19,No,0.4206,Medium
15767129,France,Female,60,6,121730.49,1,Yes,Yes,142963.29,No,0.4206,Medium
15685279,Spain,Female,57,8,122950.31,1,Yes,Yes,181258.76,No,0.4206,Medium
15690743,France,Female,61,8,65190.29,1,Yes,Yes,64308.49,Yes,0.4206,Medium
15749638,France,Female,51,9,104760.82,1,Yes,Yes,165574.54,Yes,0.4206,Medium
15726087,France,Female,62,5,0,1,Yes,Yes,100941.57,No,0.4206,Medium
15799358,France,Female,46,6,62212.29,1,No,Yes,171681.86,Yes,0.42,Medium
15599078,Germany,Female,41,5,92467.58,1,Yes,No,38270.47,No,0.4198,Medium
15714642,Spain,Female,40,7,0,1,Yes,No,141652.2,No,0.4188,Medium
15702298,Germany,Male,41,8,125561.97,1,No,No,164040.94,Yes,0.4183,Medium
15765650,Germany,Male,40,5,114655.58,1,No,No,126535.92,No,0.4183,Medium
15730673,Germany,Male,40,7,122265.24,1,Yes,No,138552.74,No,0.4183,Medium
15810834,Spain,Female,57,2,145965.33,1,Yes,Yes,64448.36,No,0.4178,Medium
15682048,France,Female,51,3,136188.78,1,Yes,Yes,67110.59,Yes,0.4178,Medium
15658486,Spain,Female,59,3,148021.12,1,Yes,Yes,74878.22,No,0.4178,Medium
15744942,Spain,Female,55,2,155828.22,1,No,Yes,108987.25,Yes,0.4178,Medium
15700460,France,Female,55,4,120905.03,1,No,Yes,123475.88,Yes,0.4178,Medium
15804797,France,Female,54,3,138547.97,1,Yes,Yes,70196.23,Yes,0.4178,Medium
15720636,France,Female,50,4,143054.56,1,No,Yes,109608.81,Yes,0.4178,Medium
15614962,Spain,Female,50,2,87116.71,1,Yes,Yes,104382.11,No,0.4178,Medium
15570060,France,Female,43,8,132558.26,1,Yes,No,67046.83,Yes,0.4177,Medium
15617078,France,Female,44,6,148481.09,1,Yes,No,130529.13,No,0.4177,Medium
15728912,France,Female,44,6,92436.86,1,Yes,No,126033.9,No,0.4177,Medium
15676576,France,Female,43,8,143061.88,1,Yes,No,61937.6,No,0.4177,Medium
15591724,France,Female,44,5,143244.97,1,Yes,No,98661.27,No,0.4177,Medium
15775797,Spain,Female,32,7,0,3,No,Yes,10674.62,No,0.4175,Medium
15809087,France,Male,64,1,0,2,Yes,No,195635.3,Yes,0.4173,Medium
15609562,Spain,Female,43,1,116360.07,1,Yes,No,17004.14,No,0.4173,Medium
15704053,Spain,Male,62,3,131078.42,2,Yes,No,119348.76,Yes,0.4172,Medium
15785385,Spain,Male,51,5,0,2,Yes,No,153917.41,No,0.4171,Medium
15587611,France,Male,59,9,0,2,No,No,103799.77,Yes,0.4171,Medium
15651001,Germany,Female,39,5,116803.8,1,Yes,No,124052.97,No,0.4169,Medium
15605742,France,Male,43,0,80090.93,1,Yes,No,39920,Yes,0.4158,Medium
15650424,France,Female,48,3,147341.43,1,Yes,Yes,157458.61,Yes,0.4157,Medium
15668444,Spain,Female,44,3,139432.37,1,Yes,No,62222.81,No,0.4155,Medium
15775238,Germany,Female,41,4,133432.59,1,No,Yes,151303.48,No,0.4154,Medium
15636820,Germany,Male,40,8,104149.66,1,Yes,No,62027.9,No,0.4153,Medium
15698184,France,Female,50,2,90408.16,2,No,No,48170.57,No,0.4152,Medium
15727384,Germany,Female,43,10,146547.78,1,No,Yes,10072.55,Yes,0.4146,Medium
15587451,Germany,Male,41,7,139706.31,1,Yes,No,63337.19,No,0.4145,Medium
15589230,France,Female,63,2,126473.33,1,No,Yes,147545.65,No,0.4145,Medium
15803005,Germany,Female,57,5,86568.75,1,No,Yes,103660.31,No,0.4143,Medium
15672082,France,Male,62,3,0,2,Yes,No,105986.01,No,0.4142,Medium
15580956,Germany,Female,43,4,115888.04,1,Yes,Yes,117349.19,Yes,0.4141,Medium
15610355,France,Male,44,1,63438.91,1,Yes,No,64375.4,No,0.4139,Medium
15691910,Spain,Male,30,4,0,3,Yes,No,101371.05,No,0.4135,Medium
15643630,Spain,Male,55,9,63127.41,2,Yes,No,185211.28,Yes,0.4134,Medium
15643671,Germany,Male,49,5,97036.22,2,Yes,No,152450.84,Yes,0.4128,Medium
15674765,Spain,Male,44,4,0,1,Yes,No,10789.3,No,0.4124,Medium
15774382,Germany,Male,49,4,169377.31,1,Yes,Yes,123535.05,No,0.4122,Medium
15814772,Germany,Male,49,4,160133.88,1,No,Yes,88391.97,No,0.4122,Medium
15715142,Germany,Male,45,7,102703.62,1,No,Yes,147802.94,Yes,0.4117,Medium
15595303,Germany,Male,46,5,130812.91,1,Yes,Yes,77981.54,Yes,0.4117,Medium
15595537,Germany,Male,49,9,171787.84,2,Yes,No,187192.23,No,0.4117,Medium
15811565,Spain,Female,47,3,63488.7,1,No,Yes,28640.92,Yes,0.4117,Medium
15807889,Germany,Male,74,5,108891.7,1,Yes,No,10078.02,No,0.4116,Medium
15760446,France,Female,64,9,0,1,No,Yes,13181.37,Yes,0.4112,Medium
15698474,Germany,Female,54,1,131039.97,2,Yes,Yes,199661.5,No,0.411,Medium
15651983,France,Female,56,9,128882.49,1,Yes,Yes,196241.94,Yes,0.411,Medium
15629985,Germany,Female,47,10,90450,2,No,No,103379.31,Yes,0.411,Medium
15732299,France,Male,67,4,0,3,Yes,Yes,93081.87,No,0.4107,Medium
15671630,Germany,Female,40,1,99745.95,1,Yes,No,177524.19,No,0.41,Medium
15691875,Germany,Female,39,5,114491.82,1,Yes,No,99689.48,No,0.4096,Medium
15788535,Spain,Male,44,5,0,1,Yes,No,128046.98,No,0.4086,Medium
15676117,France,Male,44,9,0,1,Yes,No,138328.24,No,0.4086,Medium
15646859,Germany,Male,47,7,107363.29,1,Yes,Yes,66799.28,No,0.4085,Medium
15618703,Spain,Female,53,6,150200.23,1,No,Yes,151317.27,Yes,0.4078,Medium
15734578,France,Female,53,1,113537.73,1,No,Yes,28367.21,No,0.4075,Medium
15578835,Spain,Female,50,1,133204.91,1,No,Yes,8270.06,No,0.4075,Medium
15685290,Germany,Male,46,5,142360.62,2,Yes,No,48421.4,Yes,0.4071,Medium
15608804,Germany,Male,49,8,133231.48,1,Yes,Yes,67885.37,No,0.4069,Medium
15787204,Spain,Female,43,1,110646.54,1,No,No,108804.28,No,0.4069,Medium
15579566,Spain,Female,43,3,120867.18,1,Yes,No,18761.92,Yes,0.4062,Medium
15648362,Germany,Male,45,3,108924.33,2,Yes,No,84300.4,Yes,0.4061,Medium
15725141,France,Female,44,3,109528.28,1,Yes,No,27341.63,Yes,0.4055,Medium
15628813,France,Female,43,4,152341.55,1,Yes,No,9241.78,No,0.4055,Medium
15613048,Germany,Female,40,5,139973.65,1,Yes,Yes,667.66,Yes,0.4054,Medium
15768574,Spain,Male,58,1,178713.98,1,Yes,Yes,21768.21,No,0.4053,Medium
15806967,France,Female,65,7,0,1,Yes,Yes,77867.23,No,0.4041,Medium
15767432,France,Female,25,7,0,3,Yes,Yes,9679.28,No,0.404,Medium
15769412,Spain,Male,39,4,207034.96,2,No,No,157694.76,Yes,0.4035,Medium
15606397,Germany,Female,44,1,152086.15,1,No,Yes,44719.5,Yes,0.4029,Medium
15664339,Spain,Male,48,4,178144.91,2,No,No,50168.41,Yes,0.4028,Medium
15757912,Germany,Female,37,0,125977.81,1,No,No,160162.42,No,0.4028,Medium
15708917,Germany,Male,53,10,167772.96,1,Yes,Yes,136886.86,No,0.4018,Medium
15581197,France,Female,51,3,99286.98,1,No,Yes,85578.63,No,0.4013,Medium
15594456,Spain,Female,56,4,99097.33,1,Yes,Yes,85016.64,Yes,0.4013,Medium
15706799,Spain,Male,44,4,0,1,No,No,84972.9,Yes,0.4013,Medium
15630241,France,Male,61,3,62391.22,1,Yes,Yes,192434.11,No,0.4011,Medium
15792646,Spain,Female,64,1,91216,1,Yes,Yes,41800.18,No,0.4004,Medium
15795124,Germany,Male,50,9,94504.35,1,No,Yes,5078.9,No,0.4004,Medium
15584156,Spain,Male,27,10,0,3,No,No,94620,Yes,0.4004,Medium
15644692,France,Female,47,8,0,1,Yes,Yes,66408.01,Yes,0.4003,Medium
15802368,France,Female,47,6,0,1,Yes,Yes,126012.57,No,0.4003,Medium
15625706,Germany,Male,45,2,116546.59,2,No,No,23140.28,Yes,0.3998,Low
15601569,France,Female,40,2,171178.25,1,Yes,No,137980.58,Yes,0.3995,Low
15762928,Spain,Male,44,8,0,1,Yes,No,16989.77,No,0.3993,Low
15776947,Spain,Male,43,8,0,1,Yes,No,12156.93,Yes,0.3993,Low
15806486,France,Female,48,0,0,2,No,No,149772.61,No,0.3991,Low
15604497,Germany,Male,44,7,84386.57,1,Yes,No,178642.73,No,0.3991,Low
15772896,Germany,Male,42,6,100160.75,1,Yes,No,33462.94,Yes,0.3988,Low
15584536,Germany,Male,46,3,97042.6,1,Yes,Yes,133516.51,Yes,0.3987,Low
15806467,Germany,Male,40,1,99282.63,1,No,No,134600.94,Yes,0.3981,Low
15793478,Germany,Female,39,8,151391.68,1,Yes,No,27274.6,Yes,0.3978,Low
15742272,France,Female,44,8,96418.09,1,No,No,131609.48,Yes,0.3974,Low
15776128,France,Female,44,6,155114.9,1,No,No,133871.83,No,0.3974,Low
15644878,Spain,Female,43,6,117302.62,1,No,No,68701.73,No,0.3974,Low
15650018,France,Female,43,8,154100.3,1,No,No,114659.81,No,0.3974,Low
15634772,Spain,Female,59,0,122661.39,1,No,Yes,84803.76,No,0.3972,Low
15603082,France,Male,51,9,0,2,No,No,61961.57,No,0.3967,Low
15583849,France,Male,40,3,0,2,No,No,124874.23,No,0.3966,Low
15744914,Germany,Male,42,1,177728.55,1,Yes,No,105013.63,No,0.3963,Low
15658364,Germany,Female,40,1,134590.21,1,Yes,Yes,46253.65,No,0.3957,Low
15606076,Germany,Male,63,7,123204.88,1,Yes,Yes,100538.8,No,0.3957,Low
15610930,Germany,Female,35,1,139979.07,1,Yes,No,185662.84,No,0.3956,Low
15571081,France,Female,41,7,190238.93,1,Yes,Yes,57549.65,No,0.3953,Low
15571002,France,Female,44,4,129605.99,1,No,No,69865.49,No,0.3952,Low
15741385,Germany,Male,45,9,108231.37,1,Yes,Yes,188574.08,No,0.3951,Low
15689201,France,Female,49,1,120108.56,1,No,Yes,183421.76,No,0.3951,Low
15681274,Spain,Female,56,2,105473.74,1,Yes,Yes,46044.7,No,0.395,Low
15633640,France,Female,52,4,161209.66,1,Yes,Yes,89081.41,No,0.3948,Low
15687634,Germany,Male,49,5,94754,1,Yes,Yes,26691.31,No,0.3946,Low
15718216,Spain,Male,43,3,0,1,Yes,No,72051.44,No,0.3941,Low
15761487,France,Female,55,5,0,1,No,Yes,196794.11,Yes,0.3941,Low
15715003,Spain,Female,49,2,80816.45,1,Yes,Yes,20018.79,No,0.394,Low
15798348,Spain,Female,50,6,94684.27,1,Yes,Yes,50488.91,No,0.394,Low
15753110,Spain,Male,64,3,45752.78,2,Yes,No,79623.28,Yes,0.394,Low
15709643,France,Male,32,1,0,3,Yes,No,85901.09,No,0.3932,Low
15595153,Germany,Female,44,8,106022.73,2,No,No,148727.42,No,0.393,Low
15719856,France,Female,45,3,47134.75,1,Yes,Yes,57236.44,No,0.3929,Low
15618765,Germany,Female,42,0,99948.45,1,No,Yes,97338.62,No,0.3924,Low
15582714,Germany,Male,47,9,110022.74,1,No,Yes,135655.29,Yes,0.3922,Low
15567860,Spain,Female,44,7,189318.16,2,Yes,No,45026.23,Yes,0.3922,Low
15721207,Germany,Male,42,6,100047.33,1,Yes,No,93429.95,No,0.3921,Low
15603247,Germany,Female,35,1,146781.24,1,Yes,No,189307.7,No,0.392,Low
15769064,Germany,Male,39,3,135309.36,1,Yes,No,31728.86,Yes,0.3919,Low
15770039,Germany,Male,39,4,112290.22,1,Yes,No,49373.97,Yes,0.3919,Low
15764916,Germany,Female,43,7,95984.21,1,No,Yes,115262.54,Yes,0.3917,Low
15577771,Germany,Female,40,1,111524.49,1,Yes,Yes,120373.84,Yes,0.3911,Low
15795275,Spain,Female,49,4,82940.25,2,No,No,62413.01,Yes,0.3903,Low
15580845,Germany,Male,57,7,101868.51,1,No,Yes,113483.96,No,0.3902,Low
15673333,Germany,Male,52,8,96781.39,1,Yes,Yes,153373.71,No,0.3902,Low
15572265,Germany,Male,46,1,170826.55,2,Yes,No,45041.32,No,0.39,Low
15745307,Spain,Female,48,2,129120.64,1,No,Yes,26475.79,No,0.3892,Low
15796179,France,Male,43,8,0,1,Yes,No,96754.8,No,0.3884,Low
15646726,France,Male,43,5,0,1,No,No,63833.09,No,0.3884,Low
15594612,Spain,Male,44,9,0,1,No,No,59207.41,Yes,0.3884,Low
15567367,Germany,Female,42,9,133636.16,1,No,Yes,103315.74,No,0.3883,Low
15605341,France,Female,58,8,93173.88,1,Yes,Yes,139761.25,No,0.3876,Low
15738088,Spain,Male,63,10,0,2,Yes,No,30772.86,Yes,0.3874,Low
15616471,Spain,Male,51,0,0,1,Yes,Yes,175235.99,No,0.3867,Low
15634844,Germany,Male,41,3,91536.93,1,Yes,No,191468.78,Yes,0.3865,Low
15589754,Germany,Male,45,2,151421.44,1,No,Yes,115333.43,No,0.3863,Low
15661903,France,Female,43,3,80764.03,1,Yes,No,199378.58,Yes,0.3862,Low
15735346,Germany,Female,41,10,136733.24,1,Yes,Yes,57589.29,No,0.3862,Low
15784124,Germany,Male,41,2,93925.3,1,Yes,No,123982.14,Yes,0.3858,Low
15621611,Germany,Male,55,5,155196.17,1,No,Yes,121207.66,Yes,0.3856,Low
15578369,Germany,Female,37,9,145219.3,1,Yes,No,159132.83,No,0.3855,Low
15680112,Germany,Female,35,7,131504.73,1,Yes,No,189560.43,No,0.3855,Low
15789201,Germany,Female,35,9,145623.36,1,Yes,No,163181.62,No,0.3855,Low
15709183,France,Female,58,3,102346.86,1,Yes,Yes,114672.64,No,0.3848,Low
15806913,France,Female,54,2,95507.12,1,Yes,Yes,63213.31,No,0.3848,Low
15612931,Spain,Female,50,4,132088.59,1,Yes,Yes,128262.14,No,0.3848,Low
15804771,France,Male,51,4,40685.92,1,Yes,Yes,46775.28,No,0.3846,Low
15786454,Spain,Male,55,3,0,1,Yes,Yes,40333.94,No,0.3846,Low
15755242,France,Female,46,2,0,1,Yes,Yes,114442.66,No,0.3843,Low
15746490,Spain,Female,53,6,111201.41,1,Yes,Yes,121542.29,No,0.3839,Low
15737071,France,Female,60,5,162039.78,1,Yes,Yes,84361.72,Yes,0.3839,Low
15602994,France,Female,53,10,89550.85,1,No,Yes,90076.85,No,0.3839,Low
15663234,France,Female,60,7,143262.04,1,Yes,Yes,129562.74,No,0.3839,Low
15701932,France,Female,52,6,140900.97,1,Yes,Yes,67288.89,No,0.3839,Low
15682839,France,Female,57,8,137936.94,1,Yes,Yes,84475.13,No,0.3839,Low
15620204,Germany,Female,57,1,106138.33,2,Yes,Yes,120657.32,Yes,0.3838,Low
15806389,Germany,Female,55,1,137592.31,2,No,Yes,116548.02,Yes,0.3838,Low
15720284,Germany,Female,37,4,135927.06,1,No,No,180890.4,No,0.3833,Low
15592028,France,Female,46,7,0,1,Yes,Yes,109057.56,No,0.3833,Low
15785339,France,Female,50,9,117565.03,2,No,No,82559.77,No,0.3829,Low
15660316,Germany,Female,34,1,135549.9,1,No,No,149471.13,Yes,0.3826,Low
15792388,France,Female,48,7,90612.34,1,Yes,Yes,149139.13,No,0.3818,Low
15612050,Spain,Female,48,8,168522.37,1,Yes,Yes,151310.16,No,0.3818,Low
15738884,Germany,Male,41,4,157777.58,1,Yes,No,67484.6,No,0.3818,Low
15625461,France,Female,45,1,187841.99,2,Yes,Yes,147224.27,No,0.3814,Low
15733777,France,Male,44,8,0,1,No,No,65501.91,Yes,0.3813,Low
15685329,France,Female,63,1,114715.71,1,No,Yes,24506.95,Yes,0.381,Low
15626491,France,Female,45,7,57327.04,1,No,Yes,47349,No,0.3809,Low
15589431,Germany,Male,47,1,171937.27,1,Yes,Yes,65636.92,No,0.3806,Low
15586976,France,Female,42,6,0,1,Yes,No,180702.12,Yes,0.38,Low
15736760,Spain,Female,42,9,0,1,No,No,152855.96,No,0.38,Low
15784161,Germany,Male,39,8,102945.01,1,No,No,52861.89,No,0.3791,Low
15785485,Germany,Female,41,2,138878.81,1,No,Yes,112269.67,No,0.3788,Low
15684908,Germany,Male,64,1,91869.69,1,No,Yes,95421,No,0.3787,Low
15688880,Germany,Male,40,10,102980.44,1,Yes,No,1285.81,Yes,0.3781,Low
15687946,France,Female,61,2,117419.35,1,Yes,Yes,94153.83,No,0.3779,Low
15738267,France,Female,64,3,124043.8,1,Yes,Yes,111402.97,Yes,0.3779,Low
15630698,France,Female,55,9,110123.59,1,No,Yes,51548.14,Yes,0.3779,Low
15722611,France,Female,53,8,114233.18,1,Yes,Yes,51587.04,No,0.3779,Low
15725945,Spain,Female,42,2,0,1,No,No,162734.31,Yes,0.3779,Low
15615938,France,Female,64,3,139663.37,1,No,Yes,100995.11,No,0.3779,Low
15679551,Spain,Female,46,2,163764.84,1,Yes,Yes,165122.55,Yes,0.3774,Low
15576196,Spain,Female,48,5,118207.69,2,No,No,186489.14,Yes,0.3773,Low
15676519,Spain,Male,61,9,0,2,Yes,No,150227.85,Yes,0.3772,Low
15784148,France,Male,62,9,0,2,No,No,155870.82,No,0.3772,Low
15616367,Germany,Male,39,1,121523.51,1,No,No,161655.55,Yes,0.3771,Low
15569247,Spain,Female,57,1,109679.72,1,No,Yes,753.37,No,0.3767,Low
15756610,Germany,Female,38,5,123770.46,1,No,No,47019.66,Yes,0.3764,Low
15583580,Germany,Female,35,1,123042,1,Yes,No,66245.44,Yes,0.3764,Low
15756272,Germany,Female,35,9,118536.4,1,Yes,No,40980.87,Yes,0.3764,Low
15760521,France,Female,50,1,94164,1,Yes,Yes,189414.74,No,0.3763,Low
15594685,France,Female,49,2,0,2,No,No,164482.92,No,0.3762,Low
15766288,Germany,Female,36,5,103700.69,1,Yes,No,194072.56,Yes,0.3762,Low
15723488,Germany,Male,47,7,106854.21,1,No,Yes,157959.02,Yes,0.3759,Low
15625175,Germany,Female,43,6,97067.69,1,No,Yes,60920.03,Yes,0.3756,Low
15773779,Spain,Female,46,2,76597.79,1,Yes,Yes,54453.72,No,0.3753,Low
15754952,Germany,Female,48,7,76595.08,2,No,No,127095.14,No,0.3748,Low
15656912,Spain,Male,51,4,0,1,Yes,Yes,150390.57,No,0.3745,Low
15645323,France,Male,55,2,0,1,Yes,Yes,106202.07,Yes,0.3745,Low
15614934,Germany,Female,37,4,142711.81,1,Yes,No,35625.41,No,0.3743,Low
15711789,Spain,Female,42,3,0,1,No,No,161242.99,Yes,0.3743,Low
15738501,Germany,Male,48,9,163630.76,1,No,Yes,41816.49,Yes,0.3736,Low
15774151,Spain,Female,41,7,179915.85,1,No,No,14666.35,Yes,0.3733,Low
15657868,Germany,Male,40,6,94607.08,1,Yes,No,36690.49,No,0.3731,Low
15577831,Germany,Male,41,4,152532.3,1,No,No,10779.69,No,0.3728,Low
15659694,Germany,Female,53,3,113781.5,2,Yes,Yes,106345.05,Yes,0.3716,Low
15710928,France,Female,55,8,136354.16,1,Yes,Yes,93769.89,No,0.3714,Low
15569571,Germany,Female,46,6,87361.02,2,Yes,No,120376.87,Yes,0.3711,Low
15731507,France,Female,33,1,188285.68,1,No,No,58363.94,No,0.371,Low
15757140,France,Male,51,0,58137.08,1,No,Yes,142538.31,No,0.3707,Low
15757568,France,Female,45,6,0,1,Yes,Yes,137739.45,No,0.3706,Low
15571305,Germany,Female,35,1,103060.63,1,Yes,No,179866.01,Yes,0.3704,Low
15631070,Germany,Male,55,9,154393.43,1,Yes,Yes,137674.96,Yes,0.3693,Low
15776725,Germany,Male,54,8,172192.49,1,Yes,Yes,136902.01,No,0.3693,Low
15670738,Germany,Male,45,2,113939.36,2,Yes,No,3218.71,No,0.3693,Low
15595039,Germany,Female,37,8,114754.08,1,Yes,No,136050.44,Yes,0.3691,Low
15619857,France,Female,64,2,129555.7,1,Yes,Yes,13601.79,No,0.3689,Low
15758606,France,Male,54,4,0,1,No,Yes,55725.04,Yes,0.3686,Low
15726490,Spain,Male,52,4,0,1,Yes,Yes,52759.82,Yes,0.3686,Low
15747878,Spain,Male,60,4,0,1,Yes,Yes,51637.67,No,0.3686,Low
15607263,France,Male,55,3,0,1,No,Yes,13288.46,Yes,0.3686,Low
15749300,France,Female,47,2,139914.27,1,Yes,Yes,50390.98,No,0.3684,Low
15684171,Spain,Female,61,5,155931.11,1,Yes,Yes,158338.39,No,0.3683,Low
15621768,Spain,Male,45,6,112994.65,1,No,No,198398.68,No,0.3682,Low
15689614,Spain,Female,63,1,137715.66,1,Yes,Yes,37938.74,No,0.368,Low
15629273,Germany,Male,42,8,145177.84,1,Yes,No,193471.74,Yes,0.368,Low
15719302,France,Female,50,9,126547.8,1,Yes,Yes,79579.94,Yes,0.3679,Low
15662337,Germany,Female,50,1,121498.11,2,No,Yes,106061.47,Yes,0.3679,Low
15814331,Germany,Female,43,7,119127.46,2,Yes,No,55809.92,No,0.3671,Low
15788183,Germany,Female,43,1,106870.12,2,Yes,No,100564.37,No,0.3671,Low
15600651,France,Male,24,1,0,3,Yes,Yes,47911.03,No,0.3665,Low
15807008,Germany,Female,35,6,128100.28,1,No,No,69454.24,Yes,0.3664,Low
15588372,Germany,Female,37,9,105489.31,1,No,No,143096.49,Yes,0.3657,Low
15680611,France,Male,67,9,0,3,Yes,Yes,72318.77,No,0.3657,Low
15703979,Germany,Male,39,3,119688.81,1,Yes,No,137041.26,No,0.365,Low
15720511,Germany,Male,41,3,151191.31,1,Yes,No,175295.89,Yes,0.365,Low
15661290,Germany,Female,38,9,107199.75,1,No,No,146398.51,No,0.365,Low
15613656,France,Male,58,1,63492.94,1,Yes,Yes,83172.19,No,0.3644,Low
15667476,Germany,Female,36,3,117700.86,1,No,No,74042,No,0.3643,Low
15738588,Germany,Female,37,2,133200.09,1,No,No,71433.88,No,0.3643,Low
15618816,Germany,Female,40,2,147171.2,1,No,Yes,69850.04,No,0.3635,Low
15803365,Spain,Male,55,2,70263.83,1,No,Yes,62347.71,No,0.3622,Low
15699467,Spain,Female,41,0,0,1,No,No,87959.83,No,0.362,Low
15718039,Germany,Female,47,0,137138.2,2,No,Yes,53784.22,No,0.362,Low
15737104,Germany,Female,47,0,126597.89,2,Yes,Yes,38798.79,Yes,0.362,Low
15763029,Germany,Male,46,9,161450.03,1,Yes,Yes,96961,Yes,0.362,Low
15693526,France,Female,40,0,0,1,Yes,No,119059.13,No,0.362,Low
15733387,Spain,Female,53,6,109663.47,1,Yes,Yes,52110.45,No,0.3618,Low
15735078,Germany,Female,53,1,139687.66,2,Yes,Yes,12913.92,No,0.3618,Low
15750407,Germany,Female,43,2,129264.05,2,No,No,19150.14,No,0.3615,Low
15639133,France,Female,50,4,0,2,Yes,No,129372.94,No,0.3614,Low
15582154,France,Female,45,5,47884.92,1,Yes,Yes,54340.24,No,0.3613,Low
15782390,France,Female,40,6,0,1,Yes,No,155155.25,No,0.3612,Low
15803456,France,Female,40,9,0,1,No,No,151648.66,Yes,0.3612,Low
15616530,France,Male,36,6,188455.19,1,No,No,47031.4,Yes,0.3612,Low
15726720,France,Female,40,7,0,1,Yes,No,170332.67,Yes,0.3612,Low
15692664,France,Female,58,1,90022.85,1,No,Yes,2988.28,No,0.3607,Low
15737542,Germany,Female,36,10,103294.56,1,Yes,No,160548.12,No,0.3605,Low
15591047,Spain,Female,47,6,157296.02,2,No,No,147278.43,Yes,0.3602,Low
15796334,Germany,Male,39,10,144757.02,1,Yes,No,22878.16,Yes,0.3601,Low
15730433,Germany,Female,38,1,128218.47,1,Yes,No,125953.83,Yes,0.3597,Low
15591628,Germany,Male,41,9,164046.1,1,Yes,No,49405.93,No,0.3595,Low
15598744,Germany,Female,71,6,140273.47,1,Yes,Yes,193135.25,Yes,0.3592,Low
15791991,France,Male,52,4,0,1,No,Yes,144113.42,No,0.3587,Low
15701537,France,Male,60,2,0,1,Yes,Yes,166513.49,Yes,0.3587,Low
15621870,Spain,Female,40,8,0,1,Yes,No,167030.51,No,0.3577,Low
15771750,Germany,Female,36,10,122314.39,1,Yes,No,9181.66,No,0.3575,Low
15750638,Germany,Female,33,5,116765.7,1,No,No,190659.17,Yes,0.3574,Low
15815070,Germany,Female,44,5,141428.99,2,No,No,68408.74,No,0.3572,Low
15773221,Spain,Male,43,8,79757.21,1,Yes,No,135650.72,Yes,0.3571,Low
15591091,France,Male,44,5,73348.56,1,Yes,No,157166.79,Yes,0.3571,Low
15665385,France,Male,44,6,76495.04,1,Yes,No,79071.89,No,0.3571,Low
15670345,Germany,Female,33,6,127211.45,1,No,No,191961.83,No,0.3568,Low
15594928,Germany,Female,38,4,129055.13,1,Yes,No,157147.59,No,0.3566,Low
15675896,Germany,Female,42,7,105722.69,1,Yes,Yes,90558.24,Yes,0.3563,Low
15805955,France,Female,48,10,138333.03,1,Yes,Yes,47679.14,No,0.3562,Low
15586264,France,Male,43,2,140431.98,1,Yes,No,26450.57,Yes,0.3562,Low
15783883,Germany,Female,38,1,117314.92,1,Yes,No,122021.33,Yes,0.3562,Low
15786215,France,Male,56,8,119496.25,2,Yes,No,29880.99,No,0.356,Low
15709474,Germany,Female,57,3,113386.36,2,Yes,Yes,65121.63,Yes,0.3559,Low
15658532,Spain,Female,63,5,162278.32,1,Yes,Yes,34765.33,No,0.3551,Low
15649414,France,Female,61,6,142105.35,1,Yes,Yes,45214.04,No,0.3551,Low
15710743,France,Male,47,0,0,1,Yes,Yes,133831.37,Yes,0.355,Low
15693877,France,Female,47,3,123365.34,2,No,No,171995.34,No,0.355,Low
15726466,France,Male,43,1,114974.24,1,Yes,No,125920.54,No,0.3547,Low
15621063,France,Female,42,8,56228.25,1,Yes,No,46857.52,No,0.3545,Low
15726791,Spain,Female,45,2,157929.45,1,Yes,Yes,145134.49,Yes,0.354,Low
15753102,Spain,Male,44,6,83870.33,1,Yes,No,178722.24,No,0.3537,Low
15567630,Germany,Male,40,6,100275.88,1,Yes,No,138564.48,Yes,0.3535,Low
15709117,Spain,Female,46,3,81576.75,1,Yes,Yes,28370.95,Yes,0.3533,Low
15747974,France,Male,49,1,0,2,Yes,No,192440.54,No,0.3528,Low
15669782,Germany,Male,39,9,111336.89,1,Yes,No,16770.31,Yes,0.3526,Low
15738662,Germany,Male,41,9,159434.03,1,Yes,No,178373.93,No,0.3526,Low
15592104,France,Female,41,5,0,1,No,No,36548,Yes,0.3524,Low
15616630,Germany,Female,41,5,77647.6,1,Yes,No,190429.52,No,0.3521,Low
15625941,Spain,Female,50,10,128039.01,1,Yes,Yes,102260.16,No,0.352,Low
15700826,Germany,Female,54,1,123699.28,2,No,Yes,105221.76,No,0.352,Low
15742824,Germany,Male,42,7,162318.61,1,Yes,No,121061.89,No,0.3518,Low
15675964,France,Female,45,9,0,1,Yes,Yes,92027.69,Yes,0.3514,Low
15568748,Germany,Male,45,6,99564.22,1,Yes,Yes,108872.45,Yes,0.3508,Low
15797475,France,Male,44,3,86102.27,1,Yes,No,180134.88,Yes,0.3503,Low
15715527,Spain,Female,41,4,0,1,No,No,194902.16,No,0.35,Low
15585287,Germany,Female,35,9,119948.09,1,Yes,No,48217.97,Yes,0.35,Low
15584620,Germany,Female,36,6,143644.16,1,Yes,No,22102.25,Yes,0.35,Low
15742091,Germany,Female,35,6,118336.95,1,Yes,No,26342.33,Yes,0.35,Low
15812628,Germany,Female,38,8,120623.21,1,Yes,No,129697.99,No,0.3499,Low
15774192,Germany,Female,38,8,105435.74,1,No,No,80575.44,Yes,0.3499,Low
15666982,Germany,Female,38,9,123948.85,1,Yes,No,76053.07,No,0.3499,Low
15720687,France,Female,41,4,112609.91,1,No,No,191035.18,Yes,0.3498,Low
15674433,Germany,Female,28,2,115265.14,1,No,No,191627.85,No,0.3498,Low
15584518,Germany,Female,50,5,144895.05,2,Yes,Yes,34941.23,No,0.349,Low
15645572,France,Female,40,6,0,1,Yes,No,28280.8,Yes,0.3489,Low
15599452,Germany,Female,43,8,125338.8,2,Yes,No,23970.13,No,0.3484,Low
15710365,France,Male,50,0,104129.24,2,Yes,No,181794.86,Yes,0.3481,Low
15727299,Spain,Male,62,1,64119.38,1,Yes,Yes,76569.64,Yes,0.348,Low
15614936,Spain,Female,49,10,82321.88,1,No,Yes,11144.4,No,0.348,Low
15781534,Germany,Female,35,4,121520.36,1,No,No,77178.42,No,0.3479,Low
15700540,Germany,Female,38,2,129893.56,1,No,No,102076.03,No,0.3479,Low
15576216,Germany,Female,37,4,108862.76,1,Yes,No,79555.08,Yes,0.3479,Low
15617432,Germany,Female,40,9,109003.26,1,Yes,Yes,79580.56,No,0.3474,Low
15764284,Spain,Male,27,3,0,3,Yes,Yes,129130.09,No,0.3471,Low
15789313,Germany,Female,44,4,96553.52,2,Yes,No,143952.24,Yes,0.3468,Low
15736069,Germany,Female,35,6,132253.22,1,Yes,No,115566.57,Yes,0.3465,Low
15736533,Germany,Female,37,5,124053.03,1,Yes,No,118591.67,No,0.3465,Low
15806983,France,Male,44,3,137148.68,1,Yes,No,92381.01,No,0.3464,Low
15774738,France,Male,44,3,107764.75,1,Yes,No,185667.72,No,0.3464,Low
15645956,Spain,Male,44,3,88915.85,1,Yes,No,69697.74,No,0.3464,Low
15759874,France,Male,44,3,148595.55,1,Yes,No,74838.64,Yes,0.3464,Low
15797329,France,Male,43,4,137638.69,1,Yes,No,130442.08,Yes,0.3464,Low
15641004,Spain,Female,48,10,150315.92,1,No,Yes,133486.36,No,0.3464,Low
15710316,Spain,Female,48,5,144837.79,1,Yes,Yes,93151.77,No,0.3464,Low
15636860,France,Male,43,4,122351.29,1,Yes,No,71216.6,No,0.3464,Low
15650488,France,Female,48,6,127253.98,1,Yes,Yes,92144.09,Yes,0.3464,Low
15802560,Spain,Female,48,6,140576.11,1,Yes,Yes,116971.05,No,0.3464,Low
15791111,France,Female,47,2,125724.95,2,Yes,No,63236.97,No,0.3462,Low
15807335,Spain,Female,64,4,116954.32,1,Yes,Yes,91149.48,No,0.3462,Low
15666197,Germany,Female,38,8,153058.64,1,Yes,No,99377.27,No,0.3457,Low
15800793,Germany,Female,39,4,182491.57,1,Yes,No,185830.72,No,0.3455,Low
15780362,France,Female,49,9,119960.29,2,Yes,No,103068.22,No,0.3455,Low
15651103,Spain,Female,69,9,183744.98,1,Yes,Yes,196993.69,No,0.3453,Low
15765415,Spain,Female,45,4,89122.3,1,Yes,Yes,199256.98,No,0.3451,Low
15711455,Germany,Female,36,4,109044.6,1,No,No,94554.74,Yes,0.3444,Low
15790763,Spain,Female,49,2,0,2,Yes,No,111190.53,No,0.3444,Low
15569098,France,Male,44,6,153548.12,1,No,No,35300.08,Yes,0.3438,Low
15602851,France,Male,40,9,0,1,Yes,No,106.67,No,0.3438,Low
15622631,France,Male,44,8,154409.74,1,Yes,No,49324.03,Yes,0.3438,Low
15613463,Germany,Female,50,6,132598.38,2,Yes,Yes,184017.98,No,0.3428,Low
15754796,Germany,Female,46,4,135070.58,2,Yes,Yes,44244.49,Yes,0.3427,Low
15750728,Spain,Female,42,2,0,1,Yes,No,102889.34,No,0.3427,Low
15734674,France,Female,41,6,0,1,Yes,No,65170.66,No,0.3426,Low
15594878,Spain,Female,41,5,28082.95,1,Yes,No,69586.27,Yes,0.3426,Low
15643158,France,Female,40,9,0,1,Yes,No,68462.59,Yes,0.3426,Low
15705403,Spain,Female,46,3,106521.49,1,No,Yes,86587.37,No,0.3422,Low
15803804,Germany,Female,35,5,103214.71,1,Yes,No,172172.7,No,0.3413,Low
15726313,Spain,Female,50,5,0,2,Yes,No,110230.4,No,0.3412,Low
15691396,Germany,Male,31,5,133299.67,2,Yes,Yes,72950.14,No,0.3408,Low
15657284,Germany,Male,47,6,106901.94,1,Yes,Yes,2079.2,Yes,0.3402,Low
15664860,Spain,Female,47,3,0,2,Yes,No,150802.41,Yes,0.34,Low
15569452,Germany,Female,58,3,116353.2,2,No,Yes,193502.9,No,0.3398,Low
15623536,Germany,Male,39,0,154439.86,1,Yes,No,171519.06,No,0.3394,Low
15636444,Germany,Female,53,5,141616.55,2,Yes,Yes,75888.65,No,0.3393,Low
15616666,Germany,Female,52,6,111739.4,2,No,Yes,68367.18,No,0.3393,Low
15633378,Spain,Female,49,9,0,2,Yes,No,178342.63,No,0.3393,Low
15726178,Spain,Female,48,8,0,2,Yes,No,183235.33,No,0.3393,Low
15706647,France,Male,31,7,0,3,Yes,Yes,166698.18,No,0.3392,Low
15785559,France,Male,43,1,133237.21,1,Yes,No,111032.79,Yes,0.3391,Low
15799924,Spain,Male,43,1,147167.25,1,No,No,141679.73,No,0.3391,Low
15611189,Spain,Male,43,1,97792.21,1,No,No,120225.62,No,0.3391,Low
15644200,Spain,Female,42,1,0,1,Yes,No,16500.66,Yes,0.3383,Low
15766609,France,Female,47,10,0,2,Yes,No,167778.62,No,0.3383,Low
15780142,France,Male,43,2,100013.51,1,Yes,No,24275.32,No,0.3377,Low
15577313,France,Male,44,3,116967.68,1,Yes,No,5075.17,Yes,0.3377,Low
15782454,France,Male,49,4,0,1,Yes,Yes,190296.76,Yes,0.3375,Low
15785782,Spain,Male,48,2,0,1,Yes,Yes,114709.13,Yes,0.3375,Low
15603764,France,Male,49,4,0,1,Yes,Yes,100075.1,Yes,0.3375,Low
15774854,France,Male,54,8,0,1,Yes,Yes,28737.71,Yes,0.3374,Low
15568162,Spain,Male,53,8,0,1,Yes,Yes,51711.57,No,0.3374,Low
15797081,Germany,Female,49,9,115488.52,2,Yes,Yes,138656.81,Yes,0.3373,Low
15788723,Germany,Female,49,10,143888.22,2,Yes,Yes,166236.38,Yes,0.3373,Low
15808544,France,Female,40,3,0,1,No,No,57817.84,Yes,0.3372,Low
15732987,Spain,Male,43,3,88798.34,1,No,No,45610.63,No,0.3371,Low
15728167,France,Male,44,2,122806.95,1,No,No,15120.86,No,0.3371,Low
15776229,France,Male,44,3,115282.3,1,No,No,23766.4,No,0.3371,Low
15624641,Spain,Male,43,9,0,1,Yes,No,199290.68,Yes,0.3369,Low
15614847,France,Female,45,6,72494.69,1,No,Yes,140041.78,No,0.3367,Low
15753888,Spain,Female,62,8,108004.64,1,Yes,Yes,23386.77,Yes,0.3366,Low
15607301,Spain,Female,63,8,129968.67,1,Yes,Yes,11830.53,No,0.3366,Low
15590146,France,Male,50,1,81947.76,1,No,Yes,63606.22,Yes,0.3365,Low
15638003,Spain,Male,55,1,81370.07,1,No,Yes,181534.04,No,0.3365,Low
15683544,Spain,Male,62,3,0,1,Yes,Yes,65010.74,No,0.3364,Low
15613623,Spain,Male,62,3,0,1,Yes,Yes,101663.47,No,0.3364,Low
15689351,Germany,Female,41,4,92805.72,1,No,Yes,73743.95,Yes,0.3361,Low
15766458,France,Male,33,1,198113.86,1,Yes,No,69664.35,No,0.3358,Low
15674922,France,Male,54,6,171137.62,1,Yes,Yes,167023.95,Yes,0.3356,Low
15614716,France,Female,37,0,196853.62,1,Yes,Yes,132770.11,No,0.3354,Low
15581620,France,Male,28,2,0,3,Yes,Yes,78707.97,No,0.3348,Low
15797381,Germany,Female,48,3,133903.12,2,Yes,Yes,85902.39,Yes,0.3347,Low
15745452,Germany,Male,41,1,90218.11,1,Yes,No,174337.68,No,0.3343,Low
15669589,Germany,Female,68,1,95039.12,1,No,Yes,116471.14,Yes,0.3343,Low
15630419,France,Male,44,9,149961.11,1,Yes,No,57121.51,No,0.3342,Low
15771417,France,Male,43,7,132412.38,1,No,No,69584.3,Yes,0.3342,Low
15683758,France,Male,44,7,111833.47,1,Yes,No,67202.74,No,0.3342,Low
15653753,Spain,Male,43,6,113567.94,1,Yes,No,89543.25,No,0.3342,Low
15746127,France,Female,47,2,0,2,Yes,No,36099.7,No,0.3342,Low
15703707,France,Male,44,10,143571.52,1,No,No,127444.14,No,0.3342,Low
15718765,Spain,Male,43,6,104533.24,1,No,No,81123.59,Yes,0.3342,Low
15687765,Germany,Female,42,4,80380.24,1,Yes,No,119216.46,No,0.3338,Low
15746737,Germany,Male,59,9,69129.59,1,Yes,Yes,170705.53,No,0.3336,Low
15601263,Spain,Female,48,7,0,2,Yes,No,48545.1,No,0.3335,Low
15750684,France,Female,42,4,0,1,Yes,No,28465.86,Yes,0.3334,Low
15639277,France,Female,41,9,0,1,No,No,13160.03,No,0.3334,Low
15663446,Germany,Female,29,4,107601.79,1,Yes,No,18922.18,Yes,0.3331,Low
15672012,Spain,Female,41,5,0,1,Yes,No,28266.9,Yes,0.3327,Low
15619935,Spain,Female,59,9,126224.87,1,Yes,Yes,4423.63,No,0.3326,Low
15721469,Germany,Male,45,9,170295.04,2,No,No,164741.81,No,0.3325,Low
15677610,Germany,Female,41,8,153895.65,1,Yes,Yes,39087.42,No,0.3321,Low
15772528,France,Female,47,7,121376.15,2,Yes,No,54473.6,Yes,0.3319,Low
15783026,France,Female,41,2,0,1,Yes,No,47856.78,No,0.3314,Low
15753370,Germany,Female,38,5,114753.76,1,Yes,No,107665.02,No,0.331,Low
15790254,Spain,Male,50,1,78737.61,1,Yes,Yes,13018.96,No,0.3309,Low
15703264,France,Male,44,9,120681.63,1,Yes,No,74836.34,No,0.3308,Low
15694456,France,Male,62,3,0,1,Yes,Yes,11199.04,Yes,0.3308,Low
15601383,Spain,Male,44,5,120654.68,1,Yes,No,82290.81,No,0.3308,Low
15702416,France,Male,43,7,107805.67,1,No,No,182505.68,No,0.3308,Low
15766017,Germany,Male,58,3,72309.3,1,Yes,Yes,85687.09,Yes,0.3306,Low
15669491,France,Female,46,2,157866.77,1,Yes,Yes,18986.12,No,0.3305,Low
15815530,France,Female,42,10,75497.51,1,No,No,149682.78,No,0.3302,Low
15616451,France,Female,47,6,128252.66,1,Yes,Yes,168053.4,No,0.3301,Low
15616028,France,Male,30,2,0,3,No,Yes,15039.41,No,0.3298,Low
15567399,Germany,Male,43,3,144164.29,1,Yes,Yes,158646.46,No,0.3295,Low
15705777,Germany,Male,49,10,129164.88,1,Yes,Yes,193266.72,No,0.3295,Low
15701738,Germany,Male,44,2,115163.38,1,Yes,Yes,97677.52,Yes,0.3295,Low
15733973,France,Female,42,8,0,1,Yes,No,19632.64,Yes,0.3288,Low
15653521,Germany,Female,40,7,104449.8,1,Yes,Yes,747.88,No,0.3287,Low
15600974,Spain,Male,50,5,0,1,No,Yes,146145.93,Yes,0.3279,Low
15688071,Spain,Male,53,10,0,1,Yes,Yes,154642.91,No,0.3279,Low
15683403,Spain,Male,52,7,0,1,No,Yes,73585.18,Yes,0.3279,Low
15794560,France,Male,57,5,0,1,Yes,Yes,133501.94,No,0.3279,Low
15739858,France,Male,56,7,0,1,Yes,Yes,142400.27,Yes,0.3279,Low
15584271,France,Male,59,5,0,1,Yes,Yes,137273.97,No,0.3279,Low
15627203,Spain,Male,54,10,0,1,Yes,Yes,175749.36,No,0.3279,Low
15706232,France,Male,52,9,0,1,Yes,Yes,106340.66,Yes,0.3279,Low
15591035,Spain,Male,54,6,0,1,No,Yes,84622.37,No,0.3279,Low
15745266,Spain,Male,55,6,0,1,No,Yes,73562.05,Yes,0.3279,Low
15600110,Germany,Female,41,3,57745.76,1,Yes,No,4035.46,No,0.3277,Low
15745605,France,Female,47,2,88011.4,1,Yes,Yes,90655.94,Yes,0.3276,Low
15638989,France,Female,25,5,190066.54,1,No,No,51345.39,Yes,0.3273,Low
15704763,Germany,Female,39,1,143903.11,1,Yes,Yes,118711.75,Yes,0.3272,Low
15737792,France,Female,31,1,186796.37,1,No,No,178252.63,No,0.327,Low
15738291,France,Female,48,8,115713.84,2,No,No,83210.84,No,0.3267,Low
15611699,France,Female,40,7,0,1,Yes,No,126996.67,No,0.3267,Low
15568742,France,Female,41,9,0,1,Yes,No,121299.14,No,0.3267,Low
15774285,Spain,Female,47,8,110783.28,1,Yes,Yes,71420.16,No,0.3266,Low
15801431,Spain,Female,48,9,101198.01,1,Yes,Yes,49732.9,No,0.3254,Low
15600337,Spain,Male,42,2,178820.91,1,No,No,29358.57,Yes,0.3251,Low
15658258,France,Male,43,6,128760.32,1,Yes,No,36342.79,No,0.3251,Low
15755405,France,Male,43,9,128284.45,1,Yes,No,32996.89,Yes,0.3251,Low
15566740,Spain,Male,51,3,83739.32,1,No,Yes,148798.45,No,0.325,Low
15673908,Germany,Female,42,6,158414.85,1,Yes,Yes,131886.46,No,0.3247,Low
15575759,Spain,Female,40,3,54428.37,1,Yes,No,109638.78,Yes,0.3247,Low
15611756,Germany,Female,47,4,124192.28,2,Yes,Yes,50881.51,No,0.3247,Low
15674880,Spain,Male,50,2,0,2,Yes,No,52137.73,No,0.3246,Low
15783030,France,Female,40,7,0,1,Yes,No,72852.74,Yes,0.3239,Low
15716218,France,Female,45,3,104118.5,1,No,Yes,174032,No,0.3233,Low
15746695,France,Female,39,6,48023.83,1,Yes,No,74870.99,No,0.3226,Low
15795511,Germany,Male,39,4,95252.72,1,Yes,No,13906.34,No,0.3223,Low
15603096,France,Male,33,6,125789.69,1,No,No,66333.56,Yes,0.3214,Low
15570601,France,Female,47,9,122031.55,1,Yes,Yes,33823.5,Yes,0.3211,Low
15772559,France,Female,47,10,148636.21,1,No,Yes,16119.96,Yes,0.3211,Low
15746664,Spain,Male,20,8,204223.03,1,Yes,No,128268.39,No,0.321,Low
15788480,Germany,Female,33,0,122325.58,1,No,No,34712.34,Yes,0.3209,Low
15793311,Germany,Female,46,8,119492.88,2,No,Yes,166896.01,Yes,0.3207,Low
15729975,France,Female,46,8,167795.6,1,No,Yes,44390.38,No,0.3204,Low
15594404,France,Female,49,8,160602.25,2,Yes,No,129273.94,No,0.3201,Low
15646490,Spain,Male,42,1,190569.23,1,No,Yes,127154.8,No,0.3196,Low
15645637,Germany,Female,39,6,119787.76,1,Yes,Yes,164248.33,No,0.3195,Low
15611058,Germany,Female,60,5,138597.54,2,Yes,Yes,41536.59,Yes,0.3185,Low
15576313,Germany,Female,40,9,71340.09,1,Yes,No,76192.21,No,0.318,Low
15648933,Germany,Male,44,3,111100.98,1,Yes,Yes,28144.07,Yes,0.318,Low
15695792,France,Male,65,0,0,1,Yes,Yes,85733.33,No,0.3176,Low
15571121,France,Female,50,8,138340.06,1,No,Yes,3159.15,No,0.3174,Low
15776124,Spain,Male,51,7,0,1,No,Yes,40855.79,No,0.3165,Low
15581626,France,Male,54,8,0,1,Yes,Yes,162719.69,Yes,0.3164,Low
15698792,France,Female,48,6,119769.77,1,No,Yes,66032.65,No,0.3161,Low
15617331,Germany,Female,39,3,109698.41,1,Yes,Yes,88391.29,Yes,0.3158,Low
15626414,France,Male,44,6,98862.54,1,Yes,No,151516.7,No,0.3157,Low
15644400,France,Male,44,9,128601.98,1,Yes,No,117031.2,No,0.3157,Low
15690898,France,Male,44,8,161889.79,1,No,No,75562.47,No,0.3157,Low
15752809,Spain,Male,43,6,116121.67,1,Yes,No,61602.42,No,0.3157,Low
15660608,France,Male,44,8,158697.61,1,Yes,No,107181.22,No,0.3157,Low
15689953,Spain,Male,43,10,128226.37,1,No,No,188486.94,No,0.3157,Low
15632665,France,Male,61,2,0,1,No,Yes,127804.66,Yes,0.3154,Low
15688409,France,Female,28,2,191864.51,1,Yes,No,108457.99,Yes,0.3153,Low
15795936,France,Male,50,3,0,2,Yes,No,84531.79,No,0.3153,Low
15807568,France,Male,50,2,0,2,No,No,57942.88,No,0.3153,Low
15701096,France,Male,44,8,123863.64,1,Yes,No,144494.94,No,0.3151,Low
15737509,Spain,Male,34,8,199229.14,1,No,No,68106.29,No,0.3151,Low
15759140,France,Female,64,10,128306.7,1,No,Yes,66040.83,No,0.315,Low
15694821,Germany,Male,43,4,148962.76,1,No,Yes,173878.87,Yes,0.3147,Low
15687130,France,Female,43,0,0,1,Yes,Yes,170072.9,No,0.3146,Low
15742442,Spain,Female,46,5,89364.91,1,No,Yes,139162.15,No,0.3145,Low
15650068,France,Male,58,0,149117.31,1,Yes,Yes,162599.51,No,0.3142,Low
15646558,Spain,Male,51,1,122874.74,1,Yes,Yes,149648.45,No,0.3142,Low
15675854,Spain,Male,50,0,159304.07,1,No,Yes,155915.24,Yes,0.3142,Low
15634501,France,Male,60,1,140614.15,1,No,Yes,174381.23,No,0.3142,Low
15788683,Germany,Female,34,10,129417.82,1,Yes,No,153727.32,No,0.3141,Low
15794396,Germany,Female,38,7,174937.64,1,Yes,No,40084.32,No,0.3137,Low
15573319,Germany,Female,35,8,178317.6,1,No,No,197428.64,No,0.3135,Low
15596647,France,Male,54,8,69712.74,1,Yes,Yes,69381.05,No,0.3131,Low
15571193,Germany,Male,42,0,144386.32,1,Yes,Yes,22497.1,Yes,0.3129,Low
15814268,France,Female,40,5,84350.07,1,Yes,No,143835.76,No,0.3125,Low
15613923,Spain,Female,43,4,170172.9,1,No,Yes,100236.02,No,0.3125,Low
15751180,France,Female,40,7,81132.21,1,Yes,No,167289.82,No,0.3125,Low
15665053,Spain,Male,52,4,111284.53,1,No,Yes,32936.44,Yes,0.3123,Low
15614635,France,Male,52,2,151457.88,1,No,Yes,40893.61,No,0.3123,Low
15691287,Germany,Female,33,0,141816.25,1,Yes,No,64815.05,Yes,0.3122,Low
15810218,Spain,Male,29,9,0,3,No,Yes,83912.24,No,0.312,Low
15629244,Spain,Male,50,7,159453.64,2,No,No,54560.79,Yes,0.3119,Low
15801188,France,Female,47,6,94722.88,1,No,Yes,61450.96,No,0.3119,Low
15626948,France,Female,42,6,86167.82,1,Yes,No,153342.38,No,0.3118,Low
15647301,Germany,Female,45,3,143734.01,2,Yes,Yes,96404.38,No,0.3111,Low
15713912,Spain,Female,45,8,109044.3,1,No,Yes,115818.16,No,0.3111,Low
15805025,France,Female,45,7,139859.23,1,Yes,Yes,108402.54,No,0.3111,Low
15784361,Spain,Female,46,5,140355.6,1,Yes,Yes,85086.78,No,0.3111,Low
15684395,Spain,Female,45,10,125191.69,1,Yes,Yes,128260.86,Yes,0.3111,Low
15750837,Germany,Male,41,0,141749.68,1,No,Yes,9201.53,No,0.3109,Low
15624729,France,Male,27,0,197041.8,1,No,No,151912.49,No,0.3099,Low
15720774,Spain,Male,44,7,89118.26,1,Yes,No,104240.77,Yes,0.3093,Low
15754537,France,Male,40,0,0,1,No,No,60416.76,No,0.3092,Low
15663826,Spain,Female,66,3,0,1,Yes,Yes,115227.02,No,0.3092,Low
15635177,Spain,Female,66,3,0,1,Yes,Yes,70532.53,No,0.3092,Low
15797627,Spain,Male,54,0,134249.7,1,No,Yes,13404.4,No,0.3088,Low
15716334,Spain,Female,45,2,122311.21,1,Yes,Yes,19482.5,No,0.3086,Low
15814092,France,Female,44,2,0,1,No,Yes,173117.22,Yes,0.3084,Low
15694143,France,Female,41,10,0,1,Yes,No,133086.45,No,0.3084,Low
15596671,Spain,Female,42,8,91611.12,1,No,No,144675.3,Yes,0.3082,Low
15813850,France,Male,52,7,0,1,Yes,Yes,14781.12,No,0.3075,Low
15607269,Germany,Female,49,2,151249.45,2,Yes,Yes,167237.94,No,0.3075,Low
15729557,Germany,Male,36,5,119984.07,1,Yes,No,191535.11,Yes,0.3074,Low
15793324,Spain,Male,32,9,0,3,No,Yes,38533.79,No,0.3072,Low
15702442,Germany,Female,56,9,100781.75,2,Yes,Yes,54448.41,No,0.3072,Low
15771573,Germany,Female,39,9,137843.8,1,Yes,Yes,117622.8,Yes,0.3071,Low
15679453,Germany,Female,39,8,125997.22,1,Yes,Yes,128049.34,Yes,0.3071,Low
15638494,Germany,Female,39,10,129845.26,1,Yes,Yes,96444.88,No,0.3071,Low
15627232,Germany,Male,44,7,114203.47,1,Yes,Yes,77830.36,Yes,0.307,Low
15746076,Spain,Male,50,3,0,2,Yes,No,12016.79,No,0.307,Low
15593280,Germany,Male,43,8,140733.74,1,Yes,Yes,166588.76,No,0.307,Low
15658169,Spain,Female,47,6,127299.34,2,Yes,No,124694.99,No,0.3069,Low
15811327,Spain,Male,54,1,79415.67,1,No,Yes,139735.54,No,0.3066,Low
15626795,France,Female,40,3,0,1,Yes,No,113171.61,Yes,0.3065,Low
15667289,Spain,Male,50,2,0,2,No,No,10772.13,No,0.3064,Low
15680278,Spain,Female,42,9,75361.44,1,Yes,No,27608.12,Yes,0.3063,Low
15778526,Spain,Female,48,5,0,2,No,No,78563.66,No,0.3059,Low
15797905,France,Female,48,7,0,2,Yes,No,65069.03,No,0.3059,Low
15670416,France,Female,43,0,0,1,No,Yes,15705.27,No,0.3058,Low
15737778,Spain,Female,41,4,0,1,Yes,No,132943.88,No,0.3058,Low
15766378,Germany,Female,45,9,106431.97,2,Yes,Yes,164117.69,No,0.3058,Low
15774936,Germany,Male,41,6,143350.41,1,Yes,Yes,192070.16,Yes,0.3057,Low
15764922,Spain,Male,20,3,187294.46,1,Yes,No,103456.47,No,0.3055,Low
15769980,Germany,Female,40,3,92889.91,1,Yes,Yes,109496.69,No,0.3055,Low
15671243,France,Female,47,9,0,2,Yes,No,103787.28,No,0.305,Low
15778604,France,Female,47,7,0,2,No,No,112366.98,No,0.305,Low
15675185,Germany,Female,48,2,108128.96,2,Yes,Yes,103944.37,No,0.3049,Low
15727177,France,Male,42,6,177822.03,1,Yes,No,150944.31,Yes,0.3042,Low
15763415,Germany,Male,41,0,134378.89,1,Yes,Yes,105746.94,No,0.3038,Low
15806132,France,Male,55,4,146798.81,1,Yes,Yes,74149.77,No,0.3032,Low
15675380,Spain,Male,56,3,154669.77,1,No,Yes,115462.27,Yes,0.3032,Low
15791191,France,Male,59,2,103996.74,1,Yes,Yes,103159.11,No,0.3032,Low
15582591,Spain,Male,59,4,155766.05,1,Yes,Yes,110275.17,No,0.3032,Low
15596339,France,Male,54,3,140014.42,1,No,Yes,86350.97,No,0.3032,Low
15641285,Spain,Male,50,3,163085.79,1,No,Yes,131048.36,No,0.3032,Low
15633474,France,Male,51,2,138553.57,1,Yes,Yes,92406.22,No,0.3032,Low
15758048,France,Male,50,2,148942,1,Yes,Yes,116944.3,No,0.3032,Low
15658504,Germany,Female,62,9,137727.34,2,No,Yes,121102.9,No,0.303,Low
15657540,France,Male,50,5,151215.34,2,Yes,No,169804.4,No,0.3028,Low
15736078,Germany,Female,33,7,130367.87,1,Yes,No,15142.1,Yes,0.3027,Low
15749489,Germany,Female,22,10,115743.6,1,No,No,43852.05,No,0.3026,Low
15664849,Spain,Male,46,3,65269.23,1,No,Yes,189988.65,Yes,0.3026,Low
15626787,Spain,Female,31,8,185078.26,1,No,No,115337.74,Yes,0.3025,Low
15717736,Germany,Female,46,10,110031.09,2,Yes,Yes,133995.59,No,0.3025,Low
15783477,Germany,Female,39,8,112889.91,1,No,Yes,6723.66,No,0.3024,Low
15590234,France,Female,42,1,0,1,Yes,No,1262.83,Yes,0.3017,Low
15664498,France,Male,26,7,205962,1,Yes,No,156424.4,No,0.301,Low
15607275,Spain,Male,39,6,206014.94,2,No,Yes,42774.84,Yes,0.3007,Low
15713826,Germany,Female,20,0,117356.19,1,No,No,113557.7,Yes,0.3005,Low
15708513,France,Female,39,1,90217.07,1,Yes,No,191350.48,No,0.3002,Low
15708139,France,Female,40,1,139532.34,1,Yes,No,181294.39,No,0.3001,Low
15672246,Germany,Male,43,2,134896.03,1,Yes,Yes,97847.05,No,0.3,Low
15762927,Germany,Female,36,6,100762.64,1,Yes,No,182156.86,No,0.3,Low
15715709,Germany,Male,43,4,114091.38,1,No,Yes,159888.1,No,0.3,Low
15769522,France,Male,51,1,118537.47,1,Yes,Yes,116912.45,No,0.2998,Low
15619087,France,Male,53,1,102520.37,1,Yes,Yes,170195.4,No,0.2998,Low
15704788,Spain,Female,49,8,66079.45,2,No,No,91556.57,Yes,0.2995,Low
15728006,France,Male,40,2,180516.9,1,Yes,No,180002.42,No,0.2986,Low
15709387,France,Male,52,5,0,1,Yes,Yes,159808.95,No,0.2984,Low
15793693,France,Male,60,9,0,1,Yes,Yes,57088.97,No,0.2984,Low
15625545,Spain,Male,52,9,0,1,Yes,Yes,117977.45,Yes,0.2984,Low
15642870,France,Male,58,9,0,1,No,Yes,168650.4,No,0.2984,Low
15722965,France,Male,57,3,89079.41,1,Yes,Yes,53179.21,Yes,0.2979,Low
15785490,France,Male,50,3,105229.72,1,Yes,Yes,16281.68,Yes,0.2979,Low
15622750,Germany,Female,21,1,114292.48,1,Yes,No,31520.4,No,0.2975,Low
15804937,France,Male,50,3,0,2,No,No,94949.84,No,0.2974,Low
15632125,Germany,Male,45,5,63832.43,1,Yes,Yes,93707.8,No,0.2972,Low
15740406,Germany,Male,38,10,113525.84,1,Yes,No,46044.48,Yes,0.297,Low
15588419,Germany,Female,34,10,148962.46,1,Yes,No,66389.43,Yes,0.2969,Low
15803842,Germany,Female,45,3,105426.5,2,No,Yes,89773.45,No,0.2967,Low
15612667,Spain,Male,42,0,0,1,Yes,No,136377.21,No,0.2966,Low
15725639,France,Female,63,9,116270.72,1,Yes,Yes,184243.25,No,0.2963,Low
15649536,Germany,Male,38,4,128015.83,1,Yes,No,58440.43,No,0.2962,Low
15632079,Germany,Female,37,8,156282.79,1,Yes,No,45985.52,No,0.2959,Low
15751137,Germany,Female,36,3,169025.83,1,Yes,No,174235.06,No,0.2957,Low
15642162,Germany,Male,35,1,123407.69,1,Yes,No,152541.89,Yes,0.2952,Low
15604706,Germany,Male,38,1,133105.47,1,Yes,No,105732.9,Yes,0.2952,Low
15625501,Germany,Male,38,1,127201.58,1,Yes,No,147168.28,Yes,0.2952,Low
15764448,Germany,Male,35,0,144037.6,1,Yes,No,145325.32,No,0.2951,Low
15714062,France,Female,40,9,77641.99,1,No,No,189051.59,Yes,0.2947,Low
15717286,Spain,Female,40,8,79035.95,1,Yes,No,142783.98,Yes,0.2947,Low
15778481,France,Male,59,1,118962.58,1,Yes,Yes,120819.58,No,0.2941,Low
15665238,Germany,Male,36,8,145071.24,1,No,No,6078.46,No,0.2938,Low
15721740,Germany,Male,50,7,88302.65,1,Yes,Yes,195937.16,No,0.2938,Low
15569682,Germany,Male,37,9,108308.11,1,Yes,No,41788.25,Yes,0.2938,Low
15724623,Germany,Female,24,7,113034.22,1,Yes,No,162503.48,Yes,0.293,Low
15579808,Germany,Female,39,8,129401.87,1,Yes,Yes,87684.93,No,0.2928,Low
15698716,France,Female,70,3,87926.24,2,Yes,No,33350.26,Yes,0.2926,Low
15714391,France,Female,35,2,183572.84,1,Yes,Yes,66006.75,Yes,0.2924,Low
15647203,France,Female,35,3,0,1,Yes,No,191520.5,No,0.2923,Low
15682600,Germany,Male,39,9,159492.79,1,Yes,No,80582.34,Yes,0.2919,Low
15633043,Spain,Female,39,6,0,1,No,No,38410.74,Yes,0.2917,Low
15707362,Germany,Male,43,1,95556.31,1,No,Yes,199273.98,Yes,0.2916,Low
15719606,France,Male,50,9,0,2,No,No,37171.46,No,0.2916,Low
15809736,France,Male,46,2,0,1,Yes,Yes,177423.02,Yes,0.2916,Low
15678882,Germany,Male,37,3,129965.18,1,No,No,19374.08,No,0.2913,Low
15728669,Germany,Female,30,8,112013.81,1,Yes,No,177772.03,Yes,0.2912,Low
15815656,Germany,Female,39,9,100116.67,1,Yes,Yes,199808.1,Yes,0.2912,Low
15684669,France,Female,41,9,137891.35,1,Yes,No,142009.46,Yes,0.2912,Low
15769353,France,Female,40,8,150490.32,1,No,No,166468.21,Yes,0.2912,Low
15687558,Germany,Female,31,10,118613.34,1,Yes,No,168469.65,No,0.2912,Low
15785024,France,Female,40,9,137409.19,1,Yes,No,175877.7,Yes,0.2912,Low
15570073,Spain,Male,57,1,0,1,Yes,Yes,195940.96,No,0.2911,Low
15645544,Germany,Female,30,5,129753.69,1,Yes,No,582.53,No,0.291,Low
15794360,Germany,Female,70,5,71816.74,2,Yes,No,105096.82,Yes,0.291,Low
15775678,France,Female,44,1,0,1,Yes,Yes,152108.47,No,0.2905,Low
15751628,France,Male,60,7,78391.17,1,No,Yes,49424.6,No,0.2905,Low
15712930,France,Male,42,1,0,1,No,No,123006.91,No,0.2904,Low
15684318,Germany,Female,50,6,96486.57,2,Yes,Yes,20344.02,No,0.2902,Low
15691950,France,Male,49,3,0,2,Yes,No,50123.44,No,0.2902,Low
15745324,Spain,Female,39,4,0,1,Yes,No,194273.2,Yes,0.2896,Low
15607988,Germany,Female,37,8,155303.71,1,Yes,No,118716.63,No,0.2896,Low
15716164,France,Female,41,3,144260.5,1,Yes,No,172114.67,No,0.2893,Low
15623791,Spain,Female,40,3,109740.62,1,Yes,No,141896.74,No,0.2893,Low
15791131,Germany,Female,30,2,143340.44,1,Yes,No,145796.49,No,0.2893,Low
15699492,Germany,Female,27,2,147435.96,1,No,No,187508.06,No,0.2893,Low
15785170,Germany,Female,32,0,116968.91,1,No,No,175094.62,No,0.2892,Low
15591357,France,Male,51,3,123372.3,1,Yes,Yes,115429.32,No,0.289,Low
15723299,France,Male,53,4,113709.28,1,Yes,Yes,153887.93,Yes,0.289,Low
15772573,Spain,Male,55,2,103176.62,1,No,Yes,163516.16,No,0.289,Low
15773338,France,Male,58,2,101579.28,1,Yes,Yes,72168.53,No,0.289,Low
15737265,Germany,Male,39,6,152182.83,1,No,No,161203.6,No,0.2888,Low
15669011,France,Female,44,9,23503.31,1,No,Yes,169862.01,Yes,0.2888,Low
15616555,Germany,Male,41,8,60880.68,1,Yes,No,31825.84,No,0.2887,Low
15715117,France,Female,39,6,0,1,No,No,10662.58,No,0.2886,Low
15799217,Germany,Female,35,7,52436.2,1,Yes,No,161051.75,No,0.2885,Low
15807993,Germany,Female,30,0,110148.49,1,Yes,No,5790.9,Yes,0.2881,Low
15635396,Germany,Female,29,9,139106.19,1,Yes,No,141872.05,Yes,0.2881,Low
15704168,Germany,Male,38,8,127475.24,1,No,No,60775.76,Yes,0.2881,Low
15761168,France,Female,38,4,171913.87,1,Yes,No,51820.87,Yes,0.2875,Low
15679307,France,Female,43,1,0,1,No,Yes,86634.3,No,0.2873,Low
15721047,Germany,Male,37,1,135650.88,1,Yes,No,199428.19,No,0.2871,Low
15731463,Germany,Male,43,10,105301.5,1,Yes,Yes,78941.59,No,0.2871,Low
15804201,Germany,Male,42,4,126772.57,1,No,Yes,126106.4,No,0.2862,Low
15808228,Spain,Female,44,6,60603.4,1,Yes,Yes,178045.97,No,0.2857,Low
15616811,France,Male,47,0,160729.1,1,No,Yes,145986.35,No,0.2856,Low
15762605,France,Male,58,1,104796.54,1,Yes,Yes,154181.41,No,0.2855,Low
15596649,France,Female,39,8,0,1,Yes,No,137452.57,No,0.2853,Low
15726557,France,Female,42,7,165679.92,1,No,No,32916.29,No,0.2852,Low
15648479,France,Female,45,0,0,2,Yes,No,166830.71,No,0.2852,Low
15619953,Spain,Female,42,6,105021.28,1,Yes,No,48242.38,No,0.2852,Low
15633141,Germany,Female,35,4,174902.26,1,Yes,No,69079.85,No,0.2851,Low
15742834,France,Male,45,1,0,1,Yes,Yes,10908.33,No,0.2845,Low
15669219,Germany,Male,35,3,104356.38,1,Yes,No,94498.82,No,0.2845,Low
15801316,France,Male,61,8,66250.71,1,Yes,Yes,21859.06,No,0.2844,Low
15812262,Germany,Female,37,2,100431.84,1,Yes,No,35140.49,Yes,0.284,Low
15724466,Germany,Female,41,2,84113.41,1,Yes,No,197548.63,No,0.2837,Low
15652400,Spain,Male,56,2,168883.08,1,No,Yes,18897.78,No,0.2836,Low
15567832,France,Female,40,7,114354.95,1,Yes,No,54018.93,No,0.2833,Low
15602405,Germany,Female,38,9,99167.54,1,Yes,No,65720.92,No,0.2833,Low
15635703,Germany,Female,39,1,131513.26,1,Yes,Yes,193715,No,0.2833,Low
15663808,Germany,Female,59,8,152614.51,2,Yes,Yes,188782.3,No,0.2832,Low
15661670,Germany,Female,31,8,107818.63,1,Yes,No,199725.39,Yes,0.2831,Low
15579996,Germany,Female,25,7,131402.21,1,No,No,193668.49,No,0.2831,Low
15657957,Germany,Female,26,8,113674.2,1,Yes,No,197861.16,Yes,0.2831,Low
15690540,Spain,Female,41,1,134177.06,1,No,No,177506.66,No,0.2827,Low
15668747,France,Female,46,9,98444.19,1,No,Yes,109563.28,No,0.2825,Low
15612140,Spain,Female,46,7,137933.39,1,Yes,Yes,67976.57,No,0.2825,Low
15807045,Germany,Female,37,3,103457.76,1,No,No,1114.12,No,0.2823,Low
15593295,France,Male,57,6,76165.65,1,Yes,Yes,133537.53,No,0.2818,Low
15753847,Spain,Male,45,4,0,1,No,Yes,174916.85,Yes,0.2818,Low
15722090,Spain,Male,51,6,81818.49,1,Yes,Yes,169149.38,No,0.2818,Low
15760873,France,Male,50,7,81310.34,1,Yes,Yes,183868.01,No,0.2818,Low
15641416,Germany,Female,61,9,94867.18,2,Yes,Yes,157527.6,Yes,0.2814,Low
15681924,Germany,Male,38,2,129728.6,1,Yes,No,89289.54,No,0.2814,Low
15813974,Germany,Male,37,3,116880.53,1,No,No,172718.35,Yes,0.2814,Low
15755262,Spain,Female,41,3,89763.84,1,No,No,199304.74,Yes,0.2813,Low
15741403,Spain,Female,38,1,171848.38,1,No,No,16957.45,No,0.2809,Low
15752026,France,Male,58,3,0,1,No,Yes,194930.3,Yes,0.2805,Low
15622985,France,Female,39,4,0,1,No,No,172939.3,Yes,0.2805,Low
15804017,Germany,Female,33,4,123246.7,1,No,No,112687.57,No,0.2803,Low
15705991,Germany,Male,38,9,113599.42,1,No,No,11950.29,No,0.2803,Low
15611029,Germany,Female,33,4,140002.35,1,Yes,No,123613.81,No,0.2803,Low
15795290,France,Female,42,2,133616.39,1,Yes,No,28615.8,No,0.2803,Low
15763460,France,Male,33,10,183768.47,1,Yes,No,164119.35,No,0.2801,Low
15646810,Germany,Male,44,6,108122.39,2,Yes,No,108488.33,Yes,0.28,Low
15811026,Germany,Male,43,5,136855.94,2,Yes,No,171070.52,No,0.28,Low
15795246,Germany,Female,51,9,155903.82,2,Yes,Yes,71159.84,No,0.28,Low
15695819,Germany,Male,43,5,134740.19,2,Yes,No,181430.91,No,0.28,Low
15641110,France,Male,41,0,0,1,Yes,No,128400.62,No,0.28,Low
15677955,Germany,Male,33,1,122088.67,1,Yes,No,42581.09,No,0.2797,Low
15693267,Germany,Female,34,7,121063.85,1,Yes,No,56984.58,No,0.2796,Low
15800440,Spain,Male,61,1,152968.73,1,No,Yes,82970.69,No,0.2795,Low
15741032,France,Male,48,5,0,1,No,Yes,117830.57,No,0.2794,Low
15672216,France,Female,40,4,82441.75,1,No,No,80852.11,No,0.2788,Low
15796015,Germany,Male,42,3,126041.02,1,No,Yes,11796.89,No,0.2784,Low
15619360,Spain,Male,40,4,0,1,Yes,No,70154.22,No,0.278,Low
15689096,France,Male,47,0,117879.32,1,Yes,Yes,8214.46,No,0.2779,Low
15688691,Germany,Female,51,9,110610.41,2,No,Yes,1112.76,Yes,0.2777,Low
15673837,Spain,Male,61,3,113858.95,1,Yes,Yes,38129.22,No,0.2777,Low
15705544,France,Male,61,3,157201.48,1,No,Yes,50368.63,No,0.2777,Low
15777067,France,Male,64,2,136770.67,1,No,Yes,43678.06,No,0.2777,Low
15571973,France,Female,38,2,169824.46,1,Yes,No,169291.7,No,0.2776,Low
15801832,Germany,Male,42,1,117691,1,Yes,Yes,23135.65,Yes,0.2776,Low
15732235,France,Male,64,0,98848.19,1,No,Yes,42730.12,No,0.2775,Low
15653780,France,Female,43,5,0,1,Yes,Yes,47578.45,No,0.2772,Low
15714993,France,Female,41,9,124349.34,1,Yes,No,135635.25,No,0.277,Low
15788189,France,Female,41,8,96147.55,1,Yes,No,137037.97,No,0.277,Low
15661409,France,Female,42,1,0,1,Yes,Yes,178256.58,Yes,0.277,Low
15744607,Germany,Male,43,9,121152.05,2,Yes,No,64166.7,Yes,0.2769,Low
15687959,Spain,Female,44,4,0,1,Yes,Yes,94862.93,No,0.2768,Low
15585066,France,Female,43,1,0,1,No,Yes,112026.1,Yes,0.2766,Low
15725818,Germany,Male,40,4,107041.3,1,Yes,Yes,5635.63,No,0.2765,Low
15583764,Germany,Male,31,1,130240.33,1,No,No,96546.55,No,0.2763,Low
15648800,Germany,Female,21,8,132312.06,1,Yes,No,106663.46,Yes,0.2759,Low
15668774,Germany,Female,23,5,122739.1,1,Yes,No,102460.84,Yes,0.2759,Low
15581440,Germany,Female,48,6,110463.25,2,Yes,Yes,80552.11,Yes,0.2758,Low
15666856,France,Male,49,1,142767.39,1,Yes,Yes,8214.41,No,0.2754,Low
15784209,France,Male,47,6,0,1,Yes,Yes,90055.08,No,0.2753,Low
15697441,France,Male,29,7,182123.79,1,Yes,No,116828.51,Yes,0.2752,Low
15581282,France,Female,39,6,0,1,Yes,No,24176.44,No,0.2752,Low
15770548,Germany,Female,28,3,139986.65,1,Yes,No,136846.75,No,0.2752,Low
15609558,Germany,Female,47,5,108289.28,2,Yes,Yes,45859.55,Yes,0.2751,Low
15601274,Spain,Female,40,1,146502.07,1,Yes,No,19162.89,No,0.275,Low
15644361,France,Female,40,1,103549.24,1,No,No,9712.52,Yes,0.275,Low
15579891,France,Male,52,4,100755.66,1,Yes,Yes,186775.25,No,0.275,Low
15796838,Spain,Male,58,4,92930.92,1,No,Yes,85148.78,No,0.275,Low
15789339,France,Male,59,4,122781.51,1,No,Yes,140166.95,No,0.275,Low
15592707,Germany,Female,64,2,175754.87,2,Yes,Yes,60721.4,No,0.2749,Low
15760294,France,Female,41,8,145150.28,1,Yes,No,64869.32,Yes,0.2747,Low
15800287,Spain,Female,46,2,127660.46,2,Yes,No,150156.82,Yes,0.2746,Low
15661974,France,Male,46,2,57037.74,1,Yes,Yes,158531.01,No,0.2745,Low
15600911,France,Male,33,2,182888.08,1,Yes,No,3061,No,0.2742,Low
15799964,Germany,Female,30,7,139872.81,1,Yes,No,188795.85,No,0.2741,Low
15576124,France,Male,41,1,40488.76,1,Yes,No,128528.83,No,0.2741,Low
15748608,Germany,Male,42,5,141927.1,1,Yes,Yes,43018.98,No,0.2739,Low
15589698,Germany,Male,42,6,107104.5,1,Yes,Yes,41304.44,Yes,0.2739,Low
15638806,Spain,Male,49,2,0,2,No,No,10023.15,No,0.2737,Low
15699772,Germany,Female,40,3,129248.11,2,Yes,No,72876.43,Yes,0.2737,Low
15650288,Germany,Male,35,6,116269.01,1,Yes,No,129964.94,No,0.2736,Low
15690182,Germany,Male,37,5,113488.68,1,Yes,No,95611.74,Yes,0.2736,Low
15668058,Germany,Male,35,8,124098.54,1,Yes,No,86678.48,No,0.2736,Low
15812497,Germany,Male,37,5,112146.12,1,Yes,No,75927.35,No,0.2736,Low
15717893,Germany,Male,36,8,143421.74,1,Yes,No,97879.02,No,0.2736,Low
15572038,Germany,Male,35,9,113948.58,1,Yes,No,188891.96,Yes,0.2736,Low
15623063,Germany,Male,35,8,110067.71,1,Yes,No,127678.95,Yes,0.2736,Low
15766683,Germany,Male,36,6,139422.37,1,No,No,83983.39,Yes,0.2736,Low
15795370,Germany,Male,37,6,131753.41,1,Yes,No,86894.67,No,0.2736,Low
15595135,Germany,Female,29,7,123229.46,1,Yes,No,181221.09,No,0.2735,Low
15799300,Germany,Male,31,0,113688.63,1,Yes,No,33099.41,Yes,0.2734,Low
15678129,Spain,Female,45,9,150840.03,2,Yes,No,155516.35,No,0.2731,Low
15736420,France,Male,21,4,210433.08,2,No,Yes,197297.77,Yes,0.2731,Low
15605461,Germany,Female,29,3,130830.22,1,Yes,No,61048.53,No,0.2729,Low
15691808,France,Male,43,7,134919.85,1,Yes,No,194691.95,No,0.2727,Low
15814430,Spain,Male,41,9,0,1,Yes,No,32430.94,Yes,0.2727,Low
15705512,Germany,Female,37,6,167864.4,1,Yes,No,115638.29,No,0.2726,Low
15728012,Spain,Female,40,3,128398.38,1,Yes,No,168658.3,No,0.2723,Low
15807003,France,Male,32,10,191775.65,1,Yes,No,179657.83,No,0.2722,Low
15720910,France,Female,66,9,0,1,Yes,Yes,15928.49,No,0.2721,Low
15758451,Germany,Male,37,7,102708.77,1,Yes,No,9087.81,No,0.2721,Low
15755330,Germany,Male,41,7,122403.24,1,No,Yes,37439.9,Yes,0.272,Low
15648881,Germany,Male,40,0,101016.53,1,No,Yes,7926.35,Yes,0.2718,Low
15686812,Spain,Female,44,8,0,1,No,Yes,159069.37,No,0.2718,Low
15750104,Germany,Male,43,5,132615.73,2,Yes,No,32999.1,No,0.2717,Low
15672798,France,Female,45,7,145933.27,1,Yes,Yes,199392.14,No,0.2716,Low
15747795,Germany,Female,38,4,129499.42,1,Yes,Yes,154071.27,No,0.2712,Low
15798749,Germany,Female,43,3,152063.59,2,Yes,No,97910.06,No,0.2711,Low
15651280,Germany,Male,35,5,136857,1,No,No,84509.57,No,0.2706,Low
15723864,Spain,Male,47,1,109876.82,2,Yes,No,83611.45,Yes,0.2705,Low
15572158,Spain,Male,41,3,0,1,No,No,11819.84,No,0.2704,Low
15812706,Spain,Male,49,4,111087.5,1,No,Yes,146680.25,No,0.2701,Low
15777772,Spain,Male,55,9,119618.42,1,Yes,Yes,29861.13,No,0.2701,Low
15713819,France,Male,48,3,92347.96,1,Yes,Yes,163116.75,No,0.2701,Low
15595991,France,Male,54,8,87105.32,1,Yes,Yes,55346.14,No,0.2701,Low
15741180,France,Male,54,6,102141.9,1,Yes,Yes,45325.26,No,0.2701,Low
15626383,Spain,Male,60,7,121907.97,1,No,Yes,30314.04,No,0.2701,Low
15762729,Germany,Female,28,1,111071.36,1,Yes,No,73275.96,Yes,0.2699,Low
15679048,Germany,Male,41,2,124227.14,1,Yes,Yes,111184.67,No,0.2699,Low
15775662,France,Male,43,8,121911.59,1,Yes,No,193312.33,No,0.2697,Low
15585255,France,Male,42,9,0,1,Yes,No,74077.91,No,0.2691,Low
15737506,France,Male,42,6,0,1,No,No,149807.01,No,0.2691,Low
15740345,Spain,Male,42,5,41473.33,1,Yes,No,112979.6,Yes,0.2691,Low
15625311,Germany,Female,41,7,92618.62,1,Yes,Yes,101178.85,No,0.2688,Low
15725355,France,Female,43,8,0,1,No,Yes,104889.3,No,0.2687,Low
15694644,Spain,Female,43,6,0,1,Yes,Yes,81250.79,No,0.2687,Low
15702462,Spain,Female,44,6,52831.13,1,Yes,Yes,112649.22,Yes,0.2687,Low
15717398,Spain,Female,39,7,0,1,No,No,81259.25,Yes,0.2686,Low
15808175,France,Female,39,7,49572.73,1,Yes,No,115287.99,Yes,0.2686,Low
15732437,Germany,Female,44,0,131873.07,2,Yes,Yes,158036.72,Yes,0.2686,Low
15672132,France,Female,42,7,121453.63,1,No,No,46374.64,No,0.2684,Low
15684319,Germany,Female,37,10,95196.26,1,Yes,No,126310.39,Yes,0.2684,Low
15731478,France,Female,42,1,87842.98,1,No,No,92223.59,No,0.2683,Low
15568025,France,Male,51,8,81710.46,1,Yes,Yes,116520.07,No,0.2682,Low
15661034,Germany,Female,29,5,106059.4,1,No,No,187976.88,Yes,0.2682,Low
15598162,Germany,Female,39,3,160761.41,1,Yes,Yes,24156.03,No,0.2681,Low
15811958,Germany,Male,44,2,112755.34,2,No,No,158171.36,No,0.268,Low
15789560,France,Male,42,8,187534.79,1,Yes,Yes,32900.41,Yes,0.2678,Low
15678944,Germany,Female,32,6,130935.56,1,Yes,No,9241.83,Yes,0.2671,Low
15582335,France,Female,40,9,129860.37,1,No,No,17992.94,No,0.2671,Low
15610912,Spain,Female,41,6,112119.48,1,Yes,No,17536.82,No,0.2671,Low
15732113,Spain,Male,50,8,0,1,No,Yes,2560.11,No,0.267,Low
15610271,Spain,Female,42,3,103210.27,1,Yes,No,31002.03,No,0.2666,Low
15762268,France,Female,41,10,141162.08,1,Yes,No,50908.48,No,0.2665,Low
15707007,France,Female,39,8,0,1,Yes,No,94263.44,No,0.2657,Low
15727490,France,Male,47,5,0,1,No,Yes,107243.31,Yes,0.2649,Low
15664897,France,Female,35,2,181166.44,1,Yes,Yes,63737.19,Yes,0.2648,Low
15593454,Spain,Female,40,4,113794.22,1,Yes,No,16618.76,No,0.2648,Low
15786617,Germany,Male,34,3,133658.24,1,Yes,No,70209.83,No,0.264,Low
15640521,Germany,Male,33,3,144962.74,1,Yes,No,58844.84,Yes,0.264,Low
15765461,Spain,Male,47,3,0,2,Yes,No,178822.32,No,0.2639,Low
15614687,Germany,Female,44,4,148770.61,2,Yes,Yes,191057.76,No,0.2639,Low
15672185,France,Male,47,3,0,2,Yes,No,171774.5,No,0.2639,Low
15580366,Germany,Male,54,4,118614.6,2,Yes,Yes,172601.62,No,0.2639,Low
15744327,France,Male,40,4,0,1,Yes,No,85455.62,Yes,0.2638,Low
15713770,Spain,Male,41,3,63873.56,1,Yes,No,83753.64,No,0.2638,Low
15656710,France,Male,40,4,0,1,No,No,151325.24,No,0.2638,Low
15653952,Germany,Female,38,3,135157.05,1,Yes,Yes,32919.42,No,0.2637,Low
15605672,France,Female,38,5,195926.39,1,Yes,Yes,85522.84,No,0.2636,Low
15802617,Germany,Male,43,7,115371.94,2,Yes,No,64139.1,No,0.2633,Low
15761241,Germany,Female,36,8,129745.1,1,Yes,Yes,143683.75,No,0.2633,Low
15576065,Spain,Female,40,5,171325.98,1,Yes,Yes,159718.27,Yes,0.2633,Low
15801436,France,Male,42,4,0,1,No,No,126353.13,Yes,0.2632,Low
15756560,Spain,Female,46,7,81742.84,2,Yes,No,83282.21,No,0.263,Low
15729908,France,Female,36,10,0,1,No,No,120694.35,No,0.2627,Low
15658158,Germany,Female,23,10,110741.56,1,Yes,No,80778.5,No,0.2623,Low
15642824,Spain,Female,56,8,174506.1,2,No,Yes,161802.82,Yes,0.2622,Low
15673367,Germany,Male,33,6,132603.36,1,Yes,No,55775.72,No,0.2618,Low
15621116,Germany,Male,33,5,138664.24,1,Yes,No,29076.27,No,0.2618,Low
15675926,Germany,Male,34,7,118028.35,1,Yes,No,51226.32,Yes,0.2618,Low
15780804,France,Male,55,5,97318.25,1,No,Yes,78416.14,No,0.2617,Low
15613880,Spain,Male,58,5,128468.69,1,No,Yes,137254.55,No,0.2617,Low
15742229,France,Male,59,7,127450.14,1,No,Yes,67552.71,No,0.2617,Low
15612108,France,Male,52,5,164978.01,1,Yes,Yes,67788.49,No,0.2617,Low
15744368,Spain,Male,58,6,98308.51,1,Yes,Yes,132034.13,No,0.2617,Low
15801658,France,Male,55,6,104305.74,1,No,Yes,175750.21,No,0.2617,Low
15722072,France,Male,53,5,138053.67,1,No,Yes,114110.97,No,0.2617,Low
15656086,Spain,Male,54,8,105770.14,1,No,Yes,140929.98,Yes,0.2617,Low
15730272,France,Male,58,5,152199.33,1,Yes,Yes,86022.09,No,0.2617,Low
15649616,Spain,Male,60,7,124447.73,1,Yes,Yes,141364.62,Yes,0.2617,Low
15783865,France,Male,59,5,119380.37,1,Yes,Yes,60429.43,No,0.2617,Low
15735572,France,Male,59,9,113657.83,1,Yes,Yes,116848.79,Yes,0.2617,Low
15675176,France,Male,51,6,144953.31,1,Yes,Yes,165035.17,No,0.2617,Low
15615219,France,Male,59,5,138772.15,1,No,Yes,123872,No,0.2617,Low
15784042,France,Male,55,7,118793.6,1,Yes,Yes,95022.02,Yes,0.2617,Low
15803136,Germany,Female,41,10,122189.66,2,Yes,No,98301.61,No,0.2615,Low
15800083,France,Male,45,8,24043.45,1,No,Yes,169781.45,Yes,0.2613,Low
15643916,Spain,Male,46,8,62400.48,1,Yes,Yes,132498.39,Yes,0.2613,Low
15709199,Spain,Female,40,1,0,1,Yes,Yes,184118.73,No,0.2611,Low
15797219,France,Female,40,10,123497.58,1,Yes,No,131953.23,Yes,0.2607,Low
15659651,Germany,Female,31,7,117052.82,1,Yes,No,118508.09,Yes,0.2607,Low
15792818,Germany,Female,29,6,148051.52,1,Yes,No,118623.94,No,0.2607,Low
15747821,Germany,Female,31,6,135470.9,1,Yes,No,107074.81,No,0.2607,Low
15749068,France,Female,40,9,139625.34,1,Yes,No,93702.96,Yes,0.2607,Low
15621815,France,Female,40,6,165526.71,1,Yes,No,12328.08,No,0.2607,Low
15809837,Germany,Female,66,6,135392.31,2,Yes,Yes,172852.06,Yes,0.2601,Low
15700223,France,Male,48,4,164701.68,1,Yes,Yes,21439.49,No,0.2599,Low
15579262,France,Male,41,9,0,1,No,No,22074.48,No,0.2598,Low
15595221,Germany,Female,33,7,134678.13,1,Yes,No,113177.95,No,0.2596,Low
15658668,Spain,Male,49,10,0,2,No,No,41623.59,No,0.2594,Low
15593283,Germany,Female,48,1,156848.13,2,Yes,Yes,99475.95,Yes,0.2592,Low
15705521,Germany,Female,33,0,101084.36,1,Yes,No,42749.85,No,0.2591,Low
15690134,Germany,Female,42,3,85679.25,1,Yes,Yes,164104.74,No,0.2591,Low
15767722,France,Female,39,0,117704.73,1,Yes,No,197933.5,No,0.2591,Low
15764892,Spain,Female,51,10,84474.62,2,Yes,Yes,190937.09,No,0.2591,Low
15654700,France,Female,40,2,102967.41,1,Yes,No,128702.1,Yes,0.2589,Low
15797276,Spain,Female,41,4,90350.77,1,Yes,No,75884.65,Yes,0.2589,Low
15594041,Spain,Female,41,2,138734.94,1,Yes,No,90020.74,No,0.2589,Low
15590286,France,Female,40,2,125879.29,1,Yes,No,93203.43,No,0.2589,Low
15645593,France,Female,41,2,91328.71,1,Yes,No,115724.78,No,0.2589,Low
15697249,Germany,Female,25,3,132837.7,1,Yes,No,131647.31,No,0.2589,Low
15781598,Germany,Male,41,6,149049.92,1,No,Yes,50422.36,Yes,0.2588,Low
15810485,Germany,Male,37,1,101438,1,No,No,51364.56,No,0.2588,Low
15802869,Germany,Female,45,2,99169.67,2,Yes,Yes,78650.95,No,0.2588,Low
15695280,Germany,Male,24,8,142755.25,1,No,No,34231.48,No,0.2588,Low
15796569,Spain,Female,44,10,0,1,No,Yes,47729.33,No,0.2586,Low
15578866,France,Female,43,2,0,1,Yes,Yes,55119.53,No,0.2583,Low
15763544,France,Male,47,1,0,2,No,No,108762.16,No,0.2577,Low
15669301,Germany,Female,29,6,150358.97,1,Yes,No,62454.01,Yes,0.2577,Low
15701238,France,Male,47,1,0,2,Yes,No,148989.15,No,0.2577,Low
15598331,France,Female,40,9,100480.53,1,Yes,No,124095.69,No,0.2577,Low
15683007,Germany,Female,25,5,113113.12,1,Yes,No,129181.27,No,0.2577,Low
15792729,Germany,Female,34,9,176311.36,1,Yes,No,160213.27,No,0.2575,Low
15602456,Germany,Female,47,4,99219.47,2,Yes,Yes,122141.13,No,0.2573,Low
15765014,France,Female,48,1,179380.74,2,No,Yes,69263.1,No,0.2572,Low
15804709,Germany,Male,35,5,111578.18,1,No,No,166165.93,Yes,0.2572,Low
15696355,Germany,Male,37,6,125489.4,1,Yes,No,118570.53,No,0.2572,Low
15784000,Germany,Female,34,9,102277.52,1,No,No,177852.57,Yes,0.2566,Low
15617301,Germany,Male,36,9,130809.77,1,Yes,No,152290.28,No,0.2566,Low
15682268,Germany,Female,26,1,108348.66,1,No,No,60231.74,Yes,0.2565,Low
15783629,Germany,Female,42,6,117899.95,2,No,No,150266.81,No,0.2565,Low
15610801,Germany,Male,41,5,123049.21,1,No,Yes,5066.76,No,0.2562,Low
15646366,Germany,Male,41,8,120586.54,1,No,Yes,20491.15,No,0.2562,Low
15662698,Spain,Female,43,7,81153.82,1,Yes,Yes,144532.85,Yes,0.2561,Low
15633574,France,Female,41,4,167545.32,1,Yes,No,128246.81,No,0.256,Low
15567431,France,Male,64,2,145578.28,1,No,Yes,186172.85,No,0.256,Low
15581286,France,Female,40,9,176914.8,1,Yes,Yes,12799.23,No,0.2559,Low
15800049,Spain,Female,43,5,0,1,Yes,Yes,120088.17,No,0.2556,Low
15588580,Germany,Female,36,4,109646.83,1,Yes,Yes,70240.79,No,0.2555,Low
15614103,Germany,Male,42,8,119839.69,1,No,Yes,51016.02,Yes,0.2553,Low
15662397,France,Female,42,5,176099.13,1,Yes,Yes,8404.73,No,0.2551,Low
15625942,Spain,Female,45,0,0,2,No,No,113645.4,No,0.2551,Low
15751208,Spain,Male,56,8,78707.16,1,Yes,Yes,99398.36,No,0.2549,Low
15758252,Germany,Female,45,2,168085.38,2,No,Yes,115719.08,No,0.2549,Low
15747591,Spain,Female,40,1,173432.55,1,No,Yes,116766.79,No,0.2546,Low
15706071,Germany,Male,39,0,127631.62,1,No,Yes,22197.8,Yes,0.2546,Low
15675501,France,Male,59,5,153861.1,1,Yes,Yes,17699.48,No,0.2544,Low
15813159,France,Male,52,8,93590.47,1,No,Yes,21228.71,Yes,0.2544,Low
15574369,Spain,Male,53,5,167259.44,1,Yes,Yes,22357.25,No,0.2544,Low
15663489,Germany,Female,29,0,138577.34,1,Yes,No,193362.99,No,0.2541,Low
15660768,France,Male,40,1,84315.02,1,No,No,36209.1,No,0.254,Low
15790282,Germany,Male,58,3,114327.59,2,Yes,Yes,42831.11,No,0.2539,Low
15580579,France,Female,40,1,0,1,Yes,Yes,49594.19,Yes,0.2538,Low
15583725,France,Male,48,1,138778.15,1,No,Yes,168840.23,No,0.2537,Low
15792986,Germany,Male,24,1,133811.78,1,Yes,No,17185.95,Yes,0.2536,Low
15780254,France,Male,40,6,0,1,No,No,183872.88,Yes,0.2535,Low
15710689,Spain,Male,40,6,63609.92,1,No,No,74965.61,Yes,0.2535,Low
15615254,France,Male,40,10,43028.77,1,Yes,No,170514.21,No,0.2535,Low
15806964,France,Male,45,0,80793.58,1,Yes,Yes,27474.81,No,0.2532,Low
15566156,Germany,Female,44,0,71497.79,2,No,No,151083.8,No,0.2529,Low
15657937,Germany,Male,22,0,112949.71,1,No,No,155231.55,No,0.2529,Low
15761453,France,Male,42,6,0,1,Yes,No,88890.05,No,0.2528,Low
15566708,France,Female,45,4,0,2,Yes,No,161653.5,Yes,0.2527,Low
15573171,Spain,Male,63,1,146202.93,1,Yes,Yes,126688.83,Yes,0.2527,Low
15705765,Spain,Female,46,1,0,2,Yes,No,104272.04,No,0.2526,Low
15679294,France,Female,46,10,107238.85,2,Yes,No,37024.28,No,0.2518,Low
15798256,France,Female,45,1,153697.53,2,No,No,89891.4,Yes,0.2518,Low
15625944,France,Male,58,5,98668.18,1,Yes,Yes,60887.58,No,0.2517,Low
15627190,France,Male,51,6,146606.6,1,Yes,Yes,68021.9,No,0.2517,Low
15659002,France,Female,45,6,0,2,No,No,147184.74,No,0.2515,Low
15739847,Germany,Male,38,5,146756.68,1,Yes,No,78268.61,No,0.2515,Low
15613017,Germany,Male,32,1,149814.54,1,Yes,No,31830.06,No,0.2514,Low
15608701,Germany,Male,29,3,121890.06,1,Yes,No,54530.51,Yes,0.2514,Low
15595228,France,Male,45,7,0,1,No,Yes,52885.23,Yes,0.2513,Low
15573876,Spain,Male,48,8,0,2,Yes,No,71139.8,No,0.2512,Low
15815043,Spain,Male,49,8,0,2,Yes,No,162012.6,No,0.2512,Low
15754168,France,Female,40,3,0,1,Yes,Yes,144345.58,No,0.2512,Low
15714920,Germany,Male,44,7,163867.86,1,Yes,Yes,112333.22,No,0.2512,Low
15649508,Spain,Male,48,8,0,2,Yes,No,174729.3,No,0.2512,Low
15718843,Spain,Male,41,1,72509.91,1,Yes,No,25723.73,No,0.2511,Low
15612103,Germany,Female,35,2,137852.96,1,Yes,Yes,172269.21,Yes,0.2508,Low
15671293,Germany,Female,37,2,128389.63,1,Yes,Yes,6589.16,Yes,0.2507,Low
15576111,Germany,Male,33,5,121898.58,1,Yes,No,61829.89,No,0.2507,Low
15780909,Germany,Male,34,7,115101.5,1,No,No,57841.89,Yes,0.2507,Low
15662067,France,Male,40,8,68155.59,1,Yes,No,94876.65,No,0.2506,Low
15585853,Spain,Male,41,7,0,1,Yes,No,163736.09,Yes,0.2506,Low
15579781,Germany,Male,31,10,138653.51,1,Yes,No,190803.37,No,0.2505,Low
15802625,Germany,Male,48,7,85915.52,1,Yes,Yes,23860.5,No,0.2504,Low
15778696,Spain,Female,36,5,174180.39,1,Yes,No,119830.08,No,0.2503,Low
15771059,Germany,Female,34,2,148200.72,1,No,No,194584.48,No,0.2503,Low
15602354,Germany,Male,33,3,109341.87,1,Yes,No,75632.78,No,0.2503,Low
15599090,Germany,Male,40,7,108407.34,1,Yes,Yes,83681.2,No,0.2499,Low
15766289,France,Male,47,5,142669.93,2,Yes,No,162760.96,No,0.2498,Low
15725221,Germany,Male,62,10,83008.31,1,Yes,Yes,42766.03,No,0.2494,Low
15704844,Spain,Male,62,7,80927.56,1,No,Yes,64490.67,No,0.2493,Low
15710543,France,Male,46,1,130666.2,1,Yes,Yes,161125.67,Yes,0.2493,Low
15610972,Germany,Female,44,4,91115.76,2,No,No,24208.84,Yes,0.2491,Low
15621466,Germany,Male,38,3,99897.53,1,No,No,37054.65,No,0.249,Low
15613630,France,Male,52,8,109922.61,1,Yes,Yes,96823.32,Yes,0.2488,Low
15581115,France,Female,39,9,76769.68,1,No,No,48224.72,No,0.2488,Low
15655464,France,Female,67,3,0,1,No,Yes,42964.63,No,0.2487,Low
15787655,France,Male,47,3,0,2,Yes,No,174303.29,No,0.2479,Low
15713532,Germany,Female,29,4,105957.44,1,Yes,No,15470.91,No,0.2479,Low
15813871,France,Male,47,2,0,2,Yes,No,151375.73,No,0.2479,Low
15723851,Spain,Male,40,2,0,1,Yes,No,78387.32,No,0.2478,Low
15582892,France,Male,46,2,99786.07,1,Yes,Yes,32683.88,Yes,0.2477,Low
15707189,Germany,Female,36,1,114391.62,1,Yes,Yes,53412.54,No,0.2475,Low
15625151,France,Female,66,9,116037.76,1,No,Yes,184636.05,No,0.2475,Low
15696287,Germany,Female,38,1,116520.28,1,Yes,Yes,49833.5,Yes,0.2475,Low
15710366,Spain,Female,42,1,0,1,Yes,Yes,83629.6,Yes,0.2474,Low
15814664,Germany,Male,33,2,126524.11,1,Yes,No,136869.31,No,0.2474,Low
15809823,Germany,Male,19,2,125860.2,1,No,No,129690.5,No,0.2473,Low
15616676,Germany,Male,23,3,122478.51,1,Yes,No,147230.77,Yes,0.2473,Low
15722701,Germany,Male,18,1,132694.73,1,Yes,No,167689.56,No,0.2473,Low
15599126,France,Female,43,0,123815.86,1,Yes,Yes,78463.99,Yes,0.2471,Low
15668853,Spain,Female,44,0,157622.58,1,Yes,Yes,120454.2,No,0.2471,Low
15813911,France,Female,39,5,0,1,Yes,No,77705.75,No,0.2468,Low
15680767,Germany,Female,64,10,98362.35,2,Yes,Yes,21630.21,No,0.2466,Low
15730590,Germany,Female,40,1,115409.18,2,No,No,180456.8,No,0.2465,Low
15566030,Germany,Male,41,5,80542.81,1,No,No,88729.22,Yes,0.2461,Low
15644994,Germany,Male,54,4,137986.58,2,No,Yes,51308.54,Yes,0.246,Low
15812766,Spain,Male,40,6,156111.08,1,No,No,190889.13,No,0.2458,Low
15803965,France,Male,55,3,87485.67,1,Yes,Yes,3299.01,No,0.2457,Low
15712199,Germany,Female,61,2,183997.7,2,Yes,Yes,161217.18,No,0.2454,Low
15727703,Germany,Male,34,10,126979.75,1,No,No,36823.28,No,0.2453,Low
15756277,Germany,Female,43,8,92244.83,2,Yes,No,54949.73,No,0.2452,Low
15781465,Germany,Female,29,8,121326.42,1,Yes,No,133457.52,No,0.2448,Low
15654238,France,Female,40,5,137494.28,1,Yes,No,81753.92,No,0.2447,Low
15735358,Spain,Male,46,4,0,1,Yes,Yes,4654.28,No,0.2447,Low
15605072,France,Female,43,3,145860.98,1,Yes,Yes,142763.51,Yes,0.2447,Low
15737408,France,Female,41,6,109941.51,1,Yes,No,116267.28,No,0.2447,Low
15658972,France,Female,40,8,122038.34,1,Yes,No,102085.35,No,0.2447,Low
15766810,Germany,Female,51,2,92246.14,2,No,Yes,91346.03,No,0.2446,Low
15804075,Germany,Female,36,3,91286.51,1,Yes,No,63085.94,No,0.2444,Low
15652808,France,Female,41,5,126670.37,1,Yes,No,102426.06,No,0.2442,Low
15632050,France,Female,41,10,99786.2,1,Yes,No,86927.53,No,0.2442,Low
15629545,Spain,Female,41,7,109508.68,1,No,No,86776.38,No,0.2442,Low
15808851,Germany,Female,75,9,105609.17,1,No,Yes,105425.18,No,0.2442,Low
15795224,France,Male,39,6,178585.46,1,Yes,No,67131.3,Yes,0.2441,Low
15607278,Spain,Female,46,8,134593.79,1,Yes,Yes,46386.37,No,0.2441,Low
15630363,France,Female,39,0,102721.49,1,No,No,22191.82,No,0.244,Low
15697311,Spain,Male,56,5,110802.03,1,Yes,Yes,50230.31,Yes,0.2439,Low
15653547,France,Male,56,7,131317.48,1,Yes,Yes,119175.45,No,0.2438,Low
15748597,Spain,Male,56,5,99529.7,1,No,Yes,157230.06,Yes,0.2438,Low
15681068,France,Female,45,2,109730.22,1,Yes,Yes,123882.73,No,0.2437,Low
15568885,Germany,Female,34,8,102251.57,1,Yes,No,120672.09,No,0.2437,Low
15636023,France,Female,40,10,0,1,Yes,Yes,147093.84,Yes,0.2436,Low
15722122,France,Female,40,7,0,1,No,Yes,161076.92,No,0.2436,Low
15746199,France,Female,41,6,0,1,Yes,Yes,143585.29,Yes,0.2436,Low
15663817,France,Male,46,5,0,1,Yes,Yes,55701.62,No,0.2435,Low
15607629,France,Male,48,8,0,2,Yes,No,23344.94,No,0.2435,Low
15679961,Spain,Male,46,7,68799.72,1,Yes,Yes,39704.14,No,0.2435,Low
15746422,France,Female,38,1,0,1,Yes,No,45015.38,No,0.2434,Low
15708228,Germany,Male,30,3,134366.42,1,Yes,No,68343.53,No,0.2434,Low
15698572,Spain,Female,36,1,0,1,Yes,No,43134.58,No,0.2434,Low
15726747,France,Male,63,4,138082.16,1,No,Yes,166677.54,No,0.2431,Low
15627840,France,Female,42,0,0,1,No,Yes,91981.85,Yes,0.2431,Low
15666270,France,Female,40,2,147803.48,1,Yes,No,95181.06,Yes,0.2431,Low
15577018,Germany,Female,26,2,114035.39,1,No,No,96885.19,No,0.2431,Low
15766066,Germany,Female,28,1,124511.01,1,No,No,114258.18,No,0.2431,Low
15711309,Germany,Male,33,3,129834.67,1,Yes,No,193131.42,No,0.243,Low
15606755,Spain,Female,46,4,0,2,Yes,No,58667.16,Yes,0.2429,Low
15568429,Spain,Female,46,3,0,2,Yes,No,120250.58,No,0.2429,Low
15760102,France,Female,36,5,0,1,Yes,No,183479.12,No,0.2426,Low
15740147,France,Female,44,10,0,1,No,Yes,93777.61,No,0.2426,Low
15673984,France,Female,35,8,0,1,Yes,No,171840.24,Yes,0.2426,Low
15625819,France,Female,38,7,0,1,Yes,No,164804.02,No,0.2426,Low
15585892,France,Female,35,8,0,1,No,No,164453.98,No,0.2426,Low
15680895,Spain,Female,35,7,0,1,Yes,No,187718.26,No,0.2426,Low
15790448,France,Female,35,6,69617.36,1,Yes,No,143345.69,No,0.2426,Low
15695465,France,Female,36,6,0,1,Yes,No,164247.51,No,0.2426,Low
15776850,Spain,Female,43,1,124209.02,1,Yes,Yes,167179.48,No,0.2418,Low
15644621,Germany,Female,40,9,106756.01,2,Yes,No,151167.94,No,0.2414,Low
15757829,Germany,Female,40,10,137389.77,2,Yes,No,170122.22,No,0.2414,Low
15742378,Germany,Male,32,5,110029.77,1,Yes,No,56246.69,No,0.2413,Low
15804394,Germany,Male,32,8,130627.66,1,Yes,No,47161.25,Yes,0.2413,Low
15571666,Germany,Male,30,8,134497.27,1,No,No,43250.54,No,0.2413,Low
15777616,Germany,Male,28,10,113690.83,1,Yes,No,33114.24,No,0.2413,Low
15637977,Germany,Male,25,8,139330.1,1,No,No,54372.37,No,0.2413,Low
15778049,Germany,Male,29,6,117412.35,1,No,No,30338.94,No,0.2413,Low
15701936,Germany,Male,28,10,126315.26,1,Yes,No,32349.29,Yes,0.2413,Low
15575694,Spain,Female,45,7,91091.06,2,Yes,No,71133.12,No,0.241,Low
15651352,France,Female,38,2,0,1,Yes,No,146388.85,Yes,0.2409,Low
15693322,Germany,Female,37,9,146748.07,1,No,Yes,11407.58,No,0.2407,Low
15672754,Germany,Male,42,3,152039.7,1,Yes,Yes,53445.17,Yes,0.2406,Low
15692929,Germany,Female,42,10,113657.41,2,No,Yes,139946.68,Yes,0.2405,Low
15757933,Germany,Female,30,1,102452.71,1,Yes,No,21556.95,No,0.2404,Low
15597909,Germany,Male,33,7,128135.99,1,Yes,No,158437.73,No,0.2402,Low
15752375,Germany,Male,33,8,149564.61,1,No,No,149913.84,No,0.2402,Low
15608588,Germany,Male,41,2,100520.92,1,Yes,Yes,19412.8,Yes,0.2402,Low
15714970,Germany,Male,32,0,103846.65,1,Yes,No,20560.69,No,0.2399,Low
15638621,Spain,Male,39,1,60374.98,1,Yes,No,40223.74,No,0.2399,Low
15750099,France,Female,36,6,0,1,No,No,152128.36,No,0.2398,Low
15712807,Spain,Male,46,3,131764.96,1,Yes,Yes,108500.66,Yes,0.2398,Low
15677369,Germany,Female,37,4,58629.97,1,No,No,182038.6,No,0.2397,Low
15738318,France,Female,40,5,97764.41,1,Yes,No,98640.15,Yes,0.2392,Low
15739160,France,Female,41,9,115465.28,1,Yes,No,103174.5,No,0.2392,Low
15717056,Germany,Female,25,7,144351.86,1,Yes,No,116613.26,No,0.2392,Low
15770375,Germany,Female,26,8,123126.29,1,Yes,No,74425.41,No,0.2392,Low
15732281,Germany,Male,34,6,146422.22,1,Yes,No,67142.97,Yes,0.238,Low
15784923,Germany,Female,37,3,109974.22,1,Yes,Yes,36320.87,Yes,0.238,Low
15634602,France,Female,42,2,0,1,Yes,Yes,101348.88,Yes,0.2379,Low
15776223,France,Female,42,4,64740.12,1,Yes,Yes,106841.12,No,0.2379,Low
15799811,France,Male,40,10,0,1,Yes,No,127847.25,Yes,0.2378,Low
15680346,Spain,Male,40,8,0,1,Yes,No,75848.22,No,0.2378,Low
15776921,Germany,Male,45,5,83624.55,2,No,No,36899.62,No,0.2376,Low
15733888,Spain,Female,36,3,133686.52,1,Yes,No,190958.48,Yes,0.2376,Low
15606158,France,Female,39,9,0,1,Yes,No,3740.93,No,0.2375,Low
15601719,Germany,Male,24,6,156007.09,1,Yes,No,191368.37,No,0.2375,Low
15744983,Spain,Male,47,1,139887.01,1,Yes,Yes,95719.73,No,0.2373,Low
15583597,Spain,Male,47,1,106758.6,1,Yes,Yes,80591.18,No,0.2373,Low
15648136,Germany,Female,28,9,152812.58,1,Yes,No,166682.57,No,0.2373,Low
15653762,France,Female,39,9,117301.66,1,No,No,182025.95,No,0.2372,Low
15593969,Spain,Female,39,7,135483.17,1,Yes,No,140881.2,Yes,0.2372,Low
15803633,France,Female,46,1,0,2,No,No,82106.19,No,0.237,Low
15637690,Germany,Female,34,7,98675.74,1,Yes,No,138906.85,Yes,0.237,Low
15592937,Germany,Female,41,3,81877.38,1,Yes,Yes,33642.21,No,0.2369,Low
15799422,France,Female,40,8,0,1,Yes,Yes,27689.77,No,0.2367,Low
15701908,Spain,Female,40,7,0,1,Yes,Yes,25904.12,No,0.2367,Low
15770516,Spain,Female,44,7,193213.02,2,Yes,Yes,137392.77,No,0.2366,Low
15692819,Germany,Male,32,1,132178.67,1,No,No,11865.76,No,0.2364,Low
15745417,France,Male,58,6,89685.92,1,No,Yes,126471.13,No,0.2361,Low
15699637,Spain,Male,57,8,116326.07,1,Yes,Yes,117704.65,No,0.2361,Low
15761374,France,Male,54,9,117444.51,1,Yes,Yes,186238.85,No,0.2361,Low
15685844,Germany,Female,35,8,141665.63,1,No,Yes,192776.64,No,0.2361,Low
15628886,Spain,Male,56,5,123959.97,1,Yes,Yes,60590.72,Yes,0.2361,Low
15600813,France,Male,50,9,90305.76,1,Yes,Yes,124626.57,No,0.2361,Low
15615753,Germany,Female,35,8,131101.04,1,Yes,Yes,192852.67,No,0.2361,Low
15641640,Spain,Female,33,7,173331.52,1,Yes,No,150452.88,No,0.236,Low
15614365,Germany,Male,31,3,150604.52,1,No,No,5566.6,No,0.2359,Low
15708610,Germany,Male,44,9,100368.63,2,No,No,35342.33,No,0.2359,Low
15581700,Germany,Male,43,3,86920.86,1,Yes,Yes,150048.37,No,0.2358,Low
15689598,France,Male,46,6,0,1,Yes,Yes,93917.68,Yes,0.2357,Low
15658449,France,Male,45,9,43134.65,1,No,Yes,77330.35,No,0.2357,Low
15731755,France,Male,49,10,0,2,Yes,No,187008.45,No,0.2357,Low
15720649,France,Female,36,5,66392.64,1,Yes,No,31106.67,No,0.2356,Low
15701042,Germany,Female,27,2,151027.56,1,Yes,No,170320.58,No,0.2356,Low
15756481,France,Female,39,3,118336.14,1,Yes,No,184691.77,No,0.2356,Low
15807163,France,Female,38,10,0,1,No,No,52337.97,Yes,0.2356,Low
15636982,Germany,Female,43,7,79974.55,1,Yes,Yes,103108.33,No,0.2355,Low
15634968,Germany,Female,37,6,110689.07,1,Yes,Yes,71121.04,Yes,0.2354,Low
15636407,Germany,Female,34,5,127758.09,1,Yes,No,143357.03,No,0.2354,Low
15782939,France,Male,42,4,80214.36,1,Yes,No,115241.96,Yes,0.2354,Low
15662758,France,Male,41,0,97925.11,1,Yes,No,85000.32,No,0.2351,Low
15766765,Germany,Male,39,7,60263.23,1,Yes,No,170835.32,No,0.235,Low
15598161,France,Male,47,10,0,2,Yes,No,170481.98,No,0.2349,Low
15779267,France,Male,47,5,0,2,Yes,No,89286.29,No,0.2349,Low
15588537,Spain,Female,41,9,109013.23,1,Yes,No,196499.96,No,0.2348,Low
15784010,Germany,Male,33,2,124125.26,1,Yes,No,81884.8,No,0.2348,Low
15795519,Germany,Female,18,3,128743.8,1,No,No,197322.13,No,0.2347,Low
15801336,Germany,Female,37,8,114737.26,1,Yes,Yes,106655.88,Yes,0.2347,Low
15722350,Germany,Female,37,7,147361.57,1,Yes,Yes,133031.96,No,0.2347,Low
15714832,Germany,Male,36,9,150956.71,1,No,No,72350.17,No,0.2346,Low
15776596,Spain,Female,39,6,140094.59,1,Yes,No,172450.04,Yes,0.2345,Low
15595657,Germany,Male,40,4,95001.33,1,No,Yes,123202.99,No,0.2342,Low
15769110,France,Female,46,5,0,2,Yes,No,49707.85,No,0.2341,Low
15808582,France,Female,40,6,0,1,Yes,Yes,161848.03,No,0.234,Low
15738634,France,Male,47,9,83347.25,1,Yes,Yes,137696.25,No,0.234,Low
15772009,France,Female,41,5,0,1,Yes,Yes,152054.33,No,0.234,Low
15710553,Germany,Male,48,3,142055.41,2,No,Yes,79134.78,No,0.2338,Low
15573280,Germany,Male,50,6,145295.31,2,Yes,Yes,27814.74,No,0.2337,Low
15737385,Spain,Female,46,6,0,2,Yes,No,171928.04,No,0.2333,Low
15625740,Germany,Male,62,3,143426.34,2,Yes,Yes,143104.3,No,0.2329,Low
15745455,Germany,Male,62,4,108716.59,2,Yes,Yes,74241.09,No,0.2329,Low
15610416,France,Female,36,9,0,1,Yes,No,19605.18,Yes,0.2329,Low
15698839,Germany,Male,46,4,127559.97,2,Yes,Yes,126952.5,No,0.2325,Low
15628219,Germany,Female,37,3,111911.63,1,Yes,Yes,110359.68,Yes,0.2325,Low
15627847,France,Male,40,6,0,1,Yes,No,136985.08,Yes,0.2324,Low
15709232,Germany,Female,47,5,157099.47,2,Yes,Yes,65481.86,No,0.2324,Low
15683522,Germany,Female,37,2,113383.07,1,Yes,Yes,135123.96,No,0.2323,Low
15807909,France,Male,47,9,0,2,Yes,No,113163.17,No,0.2322,Low
15632977,France,Male,47,5,0,2,No,No,145789.71,No,0.2322,Low
15705657,France,Female,44,2,114427.86,1,Yes,Yes,136330.26,No,0.2321,Low
15792102,France,Female,42,3,137781.65,1,No,No,199316.19,No,0.232,Low
15626608,Spain,Male,48,5,87070.23,1,No,Yes,85646.41,No,0.2317,Low
15566378,France,Male,48,5,129387.94,1,No,Yes,147955.91,Yes,0.2317,Low
15603794,France,Male,48,5,118469.38,1,Yes,Yes,158590.25,No,0.2317,Low
15748552,Germany,Male,37,4,155994.15,1,No,No,143665.44,No,0.2314,Low
15702912,Spain,Female,35,2,0,1,Yes,No,44335.54,Yes,0.2312,Low
15568595,France,Male,64,9,113829.45,1,Yes,Yes,124341.49,No,0.2309,Low
15777211,France,Male,65,7,92113.61,1,Yes,Yes,142548.33,No,0.2309,Low
15759381,Spain,Male,61,7,91070.43,1,Yes,Yes,101839.77,No,0.2309,Low
15700209,France,Male,63,9,97009.15,1,Yes,Yes,85101,No,0.2309,Low
15726487,France,Male,63,6,160982.89,1,Yes,Yes,168008.17,No,0.2309,Low
15589147,Spain,Male,61,8,125921.37,1,Yes,Yes,94677.83,No,0.2309,Low
15788291,Germany,Female,38,7,144606.22,1,Yes,Yes,56594.36,Yes,0.2307,Low
15731790,Germany,Female,38,6,132591.36,1,Yes,Yes,7387.8,Yes,0.2307,Low
15577514,Germany,Female,36,7,121263.62,1,Yes,Yes,13387.88,No,0.2307,Low
15808760,Spain,Female,42,6,0,1,Yes,Yes,90437.87,No,0.2306,Low
15766908,Germany,Male,32,3,114540.38,1,Yes,No,92568.07,No,0.2304,Low
15743067,Germany,Male,26,3,130483.95,1,Yes,No,122810.53,No,0.2304,Low
15593715,Germany,Male,27,3,107027.52,1,Yes,No,173425.68,No,0.2304,Low
15706116,Germany,Female,30,8,154159.51,1,Yes,No,40441.1,No,0.2304,Low
15657449,Germany,Male,25,3,136202.78,1,Yes,No,176743.51,No,0.2304,Low
15713426,Germany,Male,30,1,122185.53,1,Yes,No,102566.46,Yes,0.2304,Low
15632609,France,Female,39,10,160132.75,1,Yes,No,32824.15,No,0.2304,Low
15710315,Germany,Male,29,4,135759.4,1,No,No,112813.79,Yes,0.2304,Low
15624013,France,Female,39,6,109844.81,1,Yes,No,25289.23,No,0.2304,Low
15593694,France,Male,49,8,0,2,No,No,157822.54,No,0.2303,Low
15622507,Germany,Female,40,3,103499.09,2,No,No,38153.19,No,0.2301,Low
15773869,Spain,Male,59,4,129321.44,1,Yes,Yes,93624.55,No,0.2296,Low
15572777,Spain,Male,47,7,86006.21,1,Yes,Yes,37973.13,No,0.2295,Low
15624715,Spain,Female,40,2,0,1,Yes,Yes,5194.95,No,0.2294,Low
15778005,France,Female,39,1,130147.98,1,Yes,No,163798.41,Yes,0.2293,Low
15774250,France,Male,42,1,159024.71,1,Yes,No,100982.93,Yes,0.2293,Low
15786042,Germany,Female,44,2,185932.18,2,Yes,No,65413.41,No,0.2293,Low
15590177,France,Female,44,1,133866.22,1,No,Yes,139049.24,No,0.2293,Low
15640769,France,Male,63,8,137841.53,1,Yes,Yes,42790.29,No,0.2291,Low
15795954,France,Male,35,2,172274.01,1,Yes,No,22374.97,No,0.2286,Low
15623471,Germany,Male,38,3,98205.77,1,Yes,No,176318.27,No,0.2282,Low
15566139,France,Female,37,5,53573.18,1,Yes,No,62830.97,No,0.228,Low
15655961,Germany,Male,27,1,131899,1,Yes,No,93302.29,No,0.2278,Low
15640034,France,Male,42,2,139561.46,1,Yes,No,43435.43,Yes,0.2277,Low
15651627,Germany,Male,39,1,115341.19,1,Yes,Yes,107674.3,Yes,0.2277,Low
15732628,France,Male,46,2,122220.19,1,Yes,Yes,118024.1,No,0.2276,Low
15640161,Germany,Male,44,5,157955.83,2,No,No,139297.71,No,0.2275,Low
15694860,France,Female,38,6,68065.8,1,No,No,138777,Yes,0.2274,Low
15599289,France,Female,37,10,68598.56,1,Yes,No,157862.82,No,0.2274,Low
15668323,France,Female,41,1,143443.61,1,Yes,No,196622.28,Yes,0.2274,Low
15640407,Germany,Male,45,0,135827.33,2,Yes,Yes,131778.58,No,0.2271,Low
15635078,Spain,Male,45,0,124693.48,1,No,Yes,187194.15,No,0.2269,Low
15764335,Germany,Female,41,8,123151.51,2,Yes,No,70127.93,No,0.2268,Low
15596379,Germany,Male,39,3,119695.75,1,No,Yes,26136.13,No,0.2268,Low
15776348,Germany,Male,20,4,124365.42,1,No,No,180197.74,Yes,0.2267,Low
15749328,France,Female,45,1,0,2,Yes,No,46807.62,Yes,0.2267,Low
15659843,France,Female,46,6,0,2,No,No,106781.59,No,0.2265,Low
15642937,France,Female,46,7,0,2,Yes,No,130590.35,No,0.2265,Low
15742854,Spain,Female,46,8,0,2,Yes,No,89043.19,No,0.2265,Low
15700212,France,Female,46,10,0,2,No,No,122953,Yes,0.2265,Low
15579040,France,Female,46,10,0,2,No,No,109184.24,No,0.2265,Low
15665378,France,Female,46,6,0,2,Yes,No,73457.55,No,0.2265,Low
15747288,Spain,Female,40,6,61671.19,1,No,Yes,150659.35,Yes,0.2265,Low
15798943,France,Female,46,8,0,2,Yes,No,133059.15,No,0.2265,Low
15749050,France,Female,36,3,0,1,Yes,No,65996.9,No,0.2264,Low
15593636,France,Female,39,4,80293.81,1,Yes,No,97192.76,No,0.2264,Low
15776494,France,Male,61,5,146622.35,1,Yes,Yes,41815.22,Yes,0.2264,Low
15674328,France,Female,40,3,47364.45,1,Yes,Yes,148579.43,Yes,0.2263,Low
15667588,Spain,Female,40,3,0,1,Yes,Yes,182650.15,No,0.2263,Low
15805565,Germany,Male,30,7,116927.89,1,Yes,No,21198.39,No,0.2262,Low
15671322,Germany,Male,30,7,115315.04,1,Yes,No,15216.53,No,0.2262,Low
15618410,Germany,Male,26,7,147527.03,1,No,No,51099.56,No,0.2262,Low
15746995,Germany,Male,31,9,138166.3,1,Yes,No,12920.43,No,0.2262,Low
15629010,Germany,Female,35,5,111743.43,1,Yes,Yes,183584.14,No,0.2262,Low
15658980,Germany,Male,26,9,128793.63,1,Yes,No,19262.05,No,0.2262,Low
15732020,Germany,Male,57,6,106938.11,2,No,Yes,186612.47,No,0.2261,Low
15762134,Germany,Male,59,8,119152.1,2,Yes,Yes,170679.74,No,0.2261,Low
15575146,Germany,Male,51,8,117808.74,2,Yes,Yes,67311.12,No,0.2261,Low
15718572,Germany,Male,57,9,138456.03,2,Yes,Yes,103548.25,No,0.2261,Low
15765857,Spain,Male,41,2,142412.13,1,Yes,No,28778.98,No,0.2261,Low
15586479,France,Female,36,4,0,1,Yes,No,185580.89,Yes,0.2258,Low
15655590,Spain,Male,46,2,79385.21,2,No,No,188492.82,No,0.2257,Low
15773639,Germany,Male,35,4,98270.34,1,Yes,No,133617.43,No,0.2255,Low
15656009,France,Female,36,6,0,1,Yes,No,70496.66,No,0.2253,Low
15756167,Spain,Female,43,5,134204.67,1,Yes,Yes,139971.01,No,0.2252,Low
15770041,Spain,Female,43,8,128412.61,1,No,Yes,139024.31,No,0.2252,Low
15784320,France,Female,44,3,133793.89,1,Yes,Yes,34607.14,Yes,0.225,Low
15699225,France,Male,46,0,0,2,Yes,No,37460.05,No,0.225,Low
15654975,France,Female,53,0,123835.52,2,No,Yes,160110.65,No,0.2249,Low
15715297,Germany,Female,40,2,75470.23,1,Yes,Yes,52894.01,No,0.2248,Low
15721007,Germany,Male,33,8,115130.34,1,No,No,129525.5,Yes,0.2247,Low
15719950,France,Male,61,10,73688.2,1,Yes,Yes,172141.33,No,0.2246,Low
15787322,France,Female,41,6,0,1,Yes,Yes,25571.37,No,0.2246,Low
15595883,Germany,Male,39,4,127278.31,1,Yes,Yes,16150.34,No,0.2244,Low
15740175,Germany,Female,42,2,118889.66,2,No,No,87422.15,No,0.2242,Low
15791851,France,Female,34,0,185734.75,1,Yes,Yes,102036.82,No,0.2242,Low
15608114,Spain,Male,62,7,121286.27,1,No,Yes,6776.92,No,0.2241,Low
15742285,France,Male,62,6,118756.62,1,Yes,Yes,20367.68,No,0.2241,Low
15566111,France,Male,39,9,0,1,Yes,No,48963.59,No,0.2238,Low
15611729,Germany,Male,39,1,141559.5,1,Yes,Yes,31257.1,Yes,0.2238,Low
15698117,Germany,Male,41,0,150844.94,1,No,Yes,127623.36,No,0.2237,Low
15679394,France,Female,41,4,38617.2,1,Yes,Yes,104876.8,No,0.2235,Low
15588859,Spain,Female,44,0,179356.28,2,Yes,No,2919.21,Yes,0.2234,Low
15645778,Spain,Male,42,3,81589.04,1,Yes,No,188227.8,No,0.2232,Low
15640825,Spain,Male,46,3,122549.64,1,Yes,Yes,56297.85,No,0.223,Low
15700255,Germany,Male,44,8,95488.82,2,No,No,107013.59,No,0.223,Low
15657342,Germany,Male,28,4,147972.19,1,Yes,No,60708.72,Yes,0.223,Low
15576550,Spain,Female,38,1,0,1,Yes,No,112442.63,Yes,0.2229,Low
15632848,France,Female,36,1,69518.95,1,Yes,No,116238.39,No,0.2229,Low
15608246,Germany,Female,36,8,103914.17,1,Yes,Yes,110035.88,Yes,0.2227,Low
15615820,France,Male,49,8,103302.37,1,Yes,Yes,50974.57,No,0.2225,Low
15802585,France,Female,41,8,68213.99,1,Yes,Yes,6382.46,No,0.2223,Low
15781619,France,Female,38,1,0,1,Yes,No,134964.85,Yes,0.2222,Low
15711901,France,Male,45,2,109162.82,1,Yes,Yes,126145.08,No,0.2219,Low
15712068,Spain,Male,45,8,84692.5,1,No,Yes,67214.02,No,0.2214,Low
15782364,Spain,Female,39,3,146408.68,1,No,No,72993.67,No,0.2213,Low
15697310,Germany,Female,28,3,152264.81,1,No,No,64242.31,No,0.2213,Low
15781665,France,Female,37,5,0,1,No,No,20708.6,No,0.2212,Low
15813917,Germany,Male,31,9,143321.97,1,Yes,No,83679.46,No,0.221,Low
15575409,Germany,Male,31,6,116891.72,1,Yes,No,107137.3,No,0.221,Low
15647975,Germany,Male,26,5,147037.32,1,No,No,141763.26,No,0.221,Low
15724145,Germany,Male,29,8,149318.55,1,Yes,No,140746.13,No,0.221,Low
15600724,Germany,Male,29,5,129750.68,1,Yes,No,109257.59,No,0.221,Low
15635660,Germany,Male,30,9,142910.15,1,Yes,No,105890.55,Yes,0.221,Low
15576044,Germany,Male,28,6,150329.15,1,Yes,No,145558.42,No,0.221,Low
15654230,Germany,Male,31,5,145537.21,1,Yes,No,132404.64,No,0.221,Low
15763414,Germany,Male,32,9,113447.01,1,Yes,No,82084.3,No,0.221,Low
15724851,Germany,Male,31,9,111589.67,1,Yes,No,150037.19,No,0.221,Low
15656005,Germany,Male,31,7,124593.23,1,Yes,No,86079.67,No,0.221,Low
15783097,Germany,Male,27,6,111348.15,1,Yes,No,46422.46,No,0.221,Low
15772650,France,Male,55,9,136576.02,1,No,Yes,3268.17,Yes,0.2209,Low
15699753,France,Male,41,1,89086.31,1,Yes,No,24499.97,No,0.2209,Low
15601873,France,Female,36,7,0,1,Yes,No,47318.75,No,0.2208,Low
15738516,Spain,Female,36,5,0,1,Yes,No,17696.22,No,0.2208,Low
15733261,Spain,Female,35,6,0,1,Yes,No,25488.43,Yes,0.2208,Low
15620341,Germany,Male,44,9,160838.13,2,Yes,No,196261.64,No,0.2206,Low
15627395,Germany,Male,41,7,154902.66,1,Yes,Yes,49667.28,No,0.2206,Low
15707974,Spain,Female,38,2,48387,1,Yes,No,184796.84,No,0.2206,Low
15567446,Germany,Male,39,9,111574.41,1,Yes,Yes,30838.51,No,0.2205,Low
15677382,Spain,Female,69,1,107569.96,1,Yes,Yes,182336.45,No,0.2204,Low
15697801,Germany,Female,56,1,74129.18,2,Yes,Yes,62199.78,Yes,0.2204,Low
15641850,France,Male,40,0,98241.04,1,Yes,No,110887.14,No,0.2203,Low
15803947,Germany,Female,30,6,161378.02,1,No,No,71926.28,Yes,0.2203,Low
15715951,France,Male,42,2,100238.35,1,No,No,86797.41,No,0.2202,Low
15673578,Germany,Female,40,7,128486.91,2,Yes,No,10109.47,No,0.2202,Low
15743893,France,Male,42,3,164951.56,1,Yes,No,190531.77,No,0.2202,Low
15671165,France,Female,66,5,149950.19,1,Yes,Yes,76267.59,No,0.2202,Low
15620746,France,Male,42,4,126115.6,1,Yes,No,100998.5,No,0.2202,Low
15743245,France,Male,42,3,145155.37,1,Yes,No,72169.95,Yes,0.2202,Low
15756241,France,Female,44,2,152509.25,1,Yes,Yes,136915.15,No,0.2201,Low
15713354,Germany,Female,22,6,101528.61,1,Yes,No,70529,Yes,0.22,Low
15646037,France,Male,77,9,0,3,Yes,Yes,81514.06,No,0.2198,Low
15728224,Germany,Female,41,9,149155.53,2,Yes,No,42131.26,Yes,0.2197,Low
15618155,France,Male,45,5,83195.12,1,Yes,Yes,48682.1,No,0.2197,Low
15751524,Germany,Female,36,10,68806.84,1,Yes,No,33075.24,No,0.2196,Low
15726234,Spain,Female,41,5,0,1,No,Yes,157003.99,No,0.2193,Low
15589643,Spain,Female,41,7,0,1,Yes,Yes,138394.37,No,0.2193,Low
15789109,France,Female,41,10,0,1,Yes,Yes,144272.71,Yes,0.2193,Low
15684269,Spain,Female,35,3,56674.48,1,Yes,No,17987.4,Yes,0.2192,Low
15758035,France,Male,61,7,155973.13,1,No,Yes,147554.26,No,0.219,Low
15665416,France,Male,62,10,119096.55,1,No,Yes,116977.89,No,0.219,Low
15616929,Spain,Male,62,5,112181.08,1,No,Yes,61513.87,No,0.219,Low
15717962,Spain,Male,63,9,111179.83,1,Yes,Yes,93091.02,No,0.219,Low
15744689,Germany,Male,35,9,92833.89,1,Yes,No,99449.86,Yes,0.2188,Low
15743532,Germany,Male,27,5,147004.34,1,Yes,No,64381.33,Yes,0.2188,Low
15706199,Germany,Male,36,6,96643.32,1,No,No,182059.28,No,0.2188,Low
15671934,Germany,Male,39,2,132906.88,1,No,Yes,149384.43,No,0.2187,Low
15667458,Germany,Male,28,10,124023.18,1,Yes,No,166188.28,No,0.2184,Low
15749951,Germany,Male,27,5,126285.73,1,Yes,No,177614.17,Yes,0.2184,Low
15592877,Spain,Male,42,9,132657.55,1,Yes,No,35367.19,No,0.2183,Low
15570895,France,Male,42,10,163548.07,1,Yes,No,38866.85,No,0.2183,Low
15573284,France,Female,45,2,0,2,No,No,11514.39,No,0.2182,Low
15749381,France,Female,41,2,126619.27,1,Yes,No,198224.38,No,0.2179,Low
15613216,Spain,Female,39,1,141789.15,1,Yes,No,92455.96,No,0.2179,Low
15621435,France,Female,39,1,160903.2,1,No,No,78774.36,No,0.2179,Low
15626985,France,Female,39,0,104386.53,1,Yes,No,105886.77,No,0.2178,Low
15623220,Spain,Female,45,4,0,2,Yes,No,37214.39,No,0.2178,Low
15792453,Spain,Female,42,1,138912.17,1,Yes,Yes,139494.75,No,0.2178,Low
15696061,Germany,Female,34,1,101633.04,1,Yes,No,110431.51,No,0.2177,Low
15609987,France,Male,42,2,119919.12,1,Yes,No,156868.21,No,0.2176,Low
15756148,Spain,Male,45,2,91549.78,1,Yes,Yes,47139.44,No,0.2176,Low
15581748,Germany,Male,57,2,101134.87,2,Yes,Yes,70954.41,No,0.217,Low
15616931,France,Male,41,8,102768.42,1,Yes,No,55663.85,No,0.2167,Low
15647807,France,Male,40,8,109219.83,1,Yes,No,52827.51,No,0.2167,Low
15636812,France,Male,40,9,112701.04,1,No,No,29213.63,No,0.2167,Low
15697691,France,Female,41,6,0,1,Yes,Yes,100507.81,No,0.2166,Low
15694366,Germany,Male,42,2,177640.09,1,No,Yes,47166.55,No,0.2165,Low
15693468,Spain,Female,39,9,140553.46,1,No,No,12440.44,No,0.2163,Low
15691703,France,Male,47,8,105792.49,1,No,Yes,67830.2,Yes,0.2163,Low
15633586,France,Female,39,7,120962.13,1,No,No,23305.01,No,0.2163,Low
15682369,France,Male,47,6,146034.74,1,Yes,Yes,77146.14,No,0.2163,Low
15677087,France,Female,39,5,138106.75,1,No,No,19596.73,No,0.2163,Low
15588341,Spain,Male,47,10,99835.17,1,No,Yes,89103.05,No,0.2163,Low
15686255,Germany,Male,35,6,101744.84,1,No,No,85185.44,No,0.2162,Low
15671104,Spain,Male,43,3,172196.23,1,Yes,Yes,104769.96,No,0.216,Low
15632575,France,Female,70,9,0,1,Yes,Yes,122996.76,No,0.2159,Low
15680234,Germany,Male,27,2,138032.15,1,Yes,No,166317.71,No,0.2158,Low
15699911,Spain,Female,35,8,0,1,Yes,No,132295.95,No,0.21560000000000001,Low
15637110,Spain,Female,35,10,0,1,Yes,No,82634.41,No,0.21560000000000001,Low
15679738,Spain,Female,35,8,0,1,Yes,No,98031.53,Yes,0.21560000000000001,Low
15708357,Spain,Female,38,8,0,1,Yes,No,103760.53,No,0.21560000000000001,Low
15809100,France,Female,32,2,172448.77,1,Yes,No,188083.77,Yes,0.2155,Low
15726589,Germany,Male,39,1,82531.11,1,Yes,No,114092.52,No,0.2155,Low
15684995,Spain,Male,49,8,116622.73,1,No,Yes,51011.29,No,0.2154,Low
15567834,France,Male,49,5,105918.1,1,Yes,Yes,16246.59,No,0.2154,Low
15604020,Germany,Female,36,4,105858.71,1,No,Yes,4395.45,No,0.2154,Low
15594349,France,Male,49,5,122486.47,1,No,Yes,59748.19,No,0.2152,Low
15724150,France,Male,48,9,136596.85,1,Yes,Yes,185791.9,No,0.2152,Low
15643966,Germany,Male,45,3,143129.41,2,No,Yes,64327.26,No,0.215,Low
15681878,Germany,Male,45,3,104339.11,2,Yes,Yes,183540.22,Yes,0.215,Low
15691871,Germany,Male,42,9,153279.39,1,Yes,Yes,151336.96,No,0.2148,Low
15710206,France,Female,39,4,150500.64,1,Yes,No,14928.8,No,0.2147,Low
15679062,Germany,Female,47,10,91522.04,2,Yes,Yes,138835.91,No,0.2147,Low
15691104,Germany,Female,40,6,119507.58,2,Yes,No,91560.63,Yes,0.2145,Low
15722061,Germany,Female,41,8,142015.76,2,Yes,No,114323.66,No,0.2145,Low
15763148,France,Male,39,9,84719.98,1,No,No,191063.36,No,0.2145,Low
15740237,Germany,Male,36,2,116695.27,1,No,No,193201.86,No,0.2145,Low
15618203,Germany,Male,51,8,116197.65,2,Yes,Yes,86701.4,No,0.2145,Low
15579223,Germany,Male,30,8,127406.5,1,Yes,No,192950.6,No,0.2143,Low
15699309,Spain,Female,38,4,0,1,Yes,No,118913.53,Yes,0.214,Low
15782735,France,Female,35,3,0,1,No,No,80190.36,No,0.214,Low
15717231,Germany,Male,37,4,98459.6,1,No,No,90821.66,No,0.2137,Low
15711635,Germany,Female,42,6,138650.49,2,Yes,No,64746.07,No,0.2135,Low
15755638,France,Female,43,5,168069.73,1,Yes,Yes,146992.24,Yes,0.2134,Low
15756871,Spain,Male,39,3,0,1,Yes,No,134878.19,No,0.2134,Low
15665168,Germany,Female,44,3,105206.7,2,Yes,Yes,163558.36,No,0.2134,Low
15735339,France,Male,39,4,0,1,Yes,No,76884.05,No,0.2134,Low
15809847,France,Male,46,0,0,2,No,No,29388.02,No,0.2132,Low
15690330,Germany,Female,40,8,77701.64,1,No,Yes,19512.38,No,0.2132,Low
15713949,France,Male,40,1,76914.21,1,Yes,No,174183.44,No,0.2131,Low
15681446,Germany,Female,37,9,157098.52,1,Yes,Yes,153535.27,No,0.213,Low
15650670,Germany,Female,40,2,105222.86,2,Yes,No,93795.86,No,0.213,Low
15643042,Germany,Female,40,2,117641.43,2,No,No,92198.05,No,0.213,Low
15765283,Germany,Female,40,3,149961.99,2,Yes,No,104610.86,No,0.213,Low
15694408,France,Male,40,1,139290.41,1,Yes,No,182855.42,Yes,0.2127,Low
15744295,France,Male,40,1,94773.11,1,Yes,No,114279.63,No,0.2127,Low
15662751,Germany,Female,40,0,81954.6,1,Yes,Yes,198798.44,Yes,0.2124,Low
15750466,Germany,Male,42,1,85839.62,1,Yes,No,198182.73,No,0.2122,Low
15790829,France,Female,45,5,0,2,Yes,No,131906.44,No,0.2121,Low
15595037,France,Male,47,9,152347.01,1,No,Yes,17671.78,No,0.2121,Low
15786905,Germany,Female,40,8,141782.57,2,No,No,86333.63,No,0.212,Low
15584749,Germany,Male,39,4,79896,1,Yes,No,38466.39,No,0.2119,Low
15611371,France,Male,43,4,176134.54,1,Yes,Yes,52856.88,No,0.2118,Low
15577695,France,Male,41,2,148088.11,1,Yes,No,14083.12,No,0.2117,Low
15794414,Spain,Male,46,6,92783.68,1,Yes,Yes,51424.29,No,0.2115,Low
15736778,Germany,Female,60,1,72948.58,2,Yes,Yes,17355.36,No,0.2115,Low
15809909,Spain,Female,54,4,0,2,Yes,Yes,7166.71,No,0.2112,Low
15627360,France,Male,42,9,152603.45,1,Yes,No,110265.24,Yes,0.2111,Low
15668270,Germany,Female,44,5,125584.17,2,Yes,Yes,41852.24,Yes,0.2111,Low
15674720,Germany,Female,37,7,123067.63,1,Yes,Yes,98162.44,Yes,0.211,Low
15600478,France,Male,39,3,0,1,Yes,No,188187.05,No,0.2109,Low
15697789,Germany,Female,43,3,122717.53,2,Yes,Yes,87000.39,No,0.2108,Low
15813697,Germany,Female,44,2,120702.67,2,Yes,Yes,98175.74,No,0.2108,Low
15684469,Germany,Male,32,2,117070.21,1,Yes,No,113482.2,No,0.2108,Low
15616550,Germany,Male,44,10,116363.37,2,Yes,No,198059.16,No,0.2107,Low
15636624,Spain,Female,39,5,165272.13,1,Yes,No,14109.85,Yes,0.2107,Low
15698786,France,Female,39,9,133102.92,1,Yes,No,27046.46,Yes,0.2107,Low
15587596,Spain,Female,39,8,107553.33,1,Yes,No,117523.41,No,0.2107,Low
15628558,France,Female,44,5,89188.83,1,Yes,Yes,75408.24,No,0.2107,Low
15692631,Spain,Female,44,8,115557,1,No,Yes,127506.76,No,0.2107,Low
15570299,Germany,Female,31,6,152622.34,1,Yes,No,99298.8,No,0.2107,Low
15765402,France,Female,39,6,145644.05,1,No,No,104118.93,No,0.2107,Low
15774507,France,Female,39,5,119013.86,1,Yes,No,103421.91,No,0.2107,Low
15777046,France,Female,39,9,128362.59,1,Yes,No,86044.98,No,0.2107,Low
15763907,France,Female,39,1,104614.29,1,Yes,No,61538.43,Yes,0.2107,Low
15794137,Germany,Female,37,0,151218.98,1,Yes,Yes,109309.29,No,0.2106,Low
15593943,France,Female,43,1,132667.17,1,Yes,Yes,41876.98,No,0.2105,Low
15663263,France,Male,47,5,156265.31,2,No,No,1055.66,No,0.2102,Low
15596088,France,Female,50,4,77065.9,2,No,Yes,145159.26,No,0.21,Low
15582519,France,Male,47,6,121797.09,1,No,Yes,5811.9,Yes,0.2099,Low
15775295,France,Female,40,0,118633.08,1,No,Yes,60032.46,Yes,0.2097,Low
15720305,Spain,Female,40,1,86376.29,1,No,Yes,136767.16,Yes,0.2095,Low
15754301,France,Male,39,5,0,1,Yes,No,6416.92,No,0.2095,Low
15748649,France,Male,40,8,93183.19,1,Yes,No,73882.49,No,0.2095,Low
15573242,France,Male,50,6,136953.47,1,Yes,Yes,2704.98,No,0.2093,Low
15731543,Spain,Male,58,9,109327.65,1,Yes,Yes,3829.13,No,0.2093,Low
15584320,France,Female,39,3,111695.62,1,No,No,136643.84,No,0.209,Low
15684865,France,Female,66,7,143773.07,1,Yes,Yes,130827.88,No,0.2087,Low
15589195,Germany,Female,38,7,130933.74,1,No,Yes,2035.94,No,0.2086,Low
15781989,France,Male,42,9,120094.93,1,Yes,No,184056.45,No,0.2085,Low
15637240,France,Male,46,4,124547.13,2,Yes,No,94499.06,No,0.2085,Low
15768367,France,Female,27,7,186558.55,1,Yes,Yes,175071.29,Yes,0.2084,Low
15623202,Germany,Female,39,10,102556.18,2,Yes,No,171971.25,Yes,0.2084,Low
15683892,Germany,Female,26,3,102395.79,1,Yes,No,119368.99,No,0.2084,Low
15653253,Spain,Male,48,8,167997.6,1,Yes,Yes,173498.45,No,0.2082,Low
15801218,France,Male,49,8,135133.39,1,No,Yes,179521.24,Yes,0.2082,Low
15787051,Spain,Female,39,7,119565.92,1,Yes,No,87067.73,No,0.2082,Low
15694666,Spain,Male,48,8,88441.64,1,Yes,Yes,119903.2,Yes,0.2082,Low
15600086,France,Male,48,7,123764.95,1,Yes,Yes,169952.82,No,0.2082,Low
15576990,Germany,Female,25,5,152885.77,1,Yes,No,58214.79,No,0.2082,Low
15732740,Spain,Female,32,9,178095.55,1,No,No,47247.56,No,0.2081,Low
15755521,France,Female,48,0,90044.32,2,No,Yes,187604.97,Yes,0.2079,Low
15689526,Germany,Female,35,9,127543.11,2,Yes,No,468.94,Yes,0.2079,Low
15801296,Germany,Female,37,7,143258.85,2,Yes,No,192721.98,No,0.2075,Low
15672447,Germany,Male,40,7,99165.84,1,No,Yes,119333.95,Yes,0.2073,Low
15808557,France,Female,42,5,0,1,No,Yes,72172.13,Yes,0.2072,Low
15714080,Germany,Female,40,2,97001.36,2,Yes,No,154486.01,No,0.2069,Low
15627162,Germany,Male,27,6,125552.96,1,Yes,No,105291.26,No,0.2068,Low
15588350,France,Female,43,10,147832.15,1,No,Yes,24234.11,No,0.2066,Low
15672610,Spain,Male,40,4,118628.8,1,No,No,91973.63,No,0.2066,Low
15814816,France,Male,40,4,91592.06,1,Yes,No,141210.18,Yes,0.2066,Low
15661936,France,Male,40,3,141004.46,1,Yes,No,105028.46,No,0.2066,Low
15772148,Germany,Female,37,5,151242.48,1,No,Yes,49637.65,No,0.2066,Low
15623053,Spain,Male,40,2,123177.01,1,Yes,No,148309.98,No,0.2066,Low
15594340,France,Male,41,4,120243.49,1,Yes,No,163150.03,Yes,0.2066,Low
15570414,Spain,Male,41,4,115251.64,1,No,No,136435.75,No,0.2066,Low
15587978,Germany,Female,37,6,170057.62,1,No,Yes,54398.56,No,0.2066,Low
15737814,France,Male,41,2,127087.06,1,Yes,No,102402.91,Yes,0.2066,Low
15760924,Spain,Male,41,2,100062.39,1,No,No,126307.25,No,0.2066,Low
15570485,Spain,Male,40,4,161766.87,1,No,No,92378.54,No,0.2066,Low
15583026,France,Female,38,0,135919.33,1,Yes,No,80425.65,No,0.2063,Low
15667751,Spain,Female,36,1,140137.15,1,Yes,No,194073.33,No,0.2062,Low
15641158,Germany,Male,32,3,102128.27,1,Yes,No,63981.37,Yes,0.2062,Low
15711889,France,Male,42,3,150461.07,1,Yes,No,108139.23,No,0.2061,Low
15730657,France,Female,41,4,82596.8,1,No,Yes,55672.09,No,0.2061,Low
15725664,France,Female,38,8,107283.4,1,No,No,157442.75,No,0.2057,Low
15638355,France,Female,35,5,126397.66,1,No,No,156361.58,Yes,0.2057,Low
15711287,Spain,Female,35,5,128415.45,1,Yes,No,142626.49,No,0.2057,Low
15703413,France,Female,38,7,125328.56,1,Yes,No,188225.67,No,0.2057,Low
15753969,Spain,Male,45,5,83888.54,1,No,Yes,34121.81,No,0.2056,Low
15668669,France,Female,36,5,97665.61,1,Yes,No,118372.55,Yes,0.2056,Low
15612092,Germany,Male,32,8,105397.8,1,Yes,No,78111.84,Yes,0.2056,Low
15628950,Germany,Male,25,6,104013.79,1,Yes,No,114774.35,No,0.2056,Low
15744200,France,Female,36,1,70784.27,1,Yes,No,30579.82,No,0.2055,Low
15768816,Germany,Male,42,0,107856.57,2,Yes,No,127528.84,No,0.2052,Low
15611794,Germany,Male,61,6,133845.28,2,Yes,Yes,45180.8,No,0.2052,Low
15659677,France,Male,47,8,142382.03,1,Yes,Yes,62086.62,No,0.205,Low
15670646,Spain,Female,42,0,147187.84,1,Yes,Yes,14868.94,Yes,0.2049,Low
15787529,Spain,Male,38,0,0,1,Yes,No,65986.48,Yes,0.2048,Low
15711571,Spain,Male,42,5,120233.83,1,Yes,No,194890.33,No,0.2046,Low
15805312,France,Male,45,7,123859.6,1,No,Yes,113051.57,No,0.2045,Low
15690620,France,Male,39,10,46323.57,1,Yes,No,136812.02,No,0.2045,Low
15773804,France,Male,39,5,0,1,Yes,No,99800.87,No,0.2045,Low
15811036,France,Male,46,7,135369.71,1,No,Yes,140130.22,No,0.2045,Low
15628697,Spain,Male,46,9,160736.63,1,No,Yes,93503.02,No,0.2045,Low
15600462,France,Female,43,8,145618.37,1,No,Yes,10350.74,No,0.2044,Low
15694450,France,Male,42,5,99580.13,1,Yes,No,21007.96,No,0.2042,Low
15781234,France,Female,35,2,147900.43,1,Yes,No,140000.29,No,0.2042,Low
15653110,France,Male,42,8,133767.19,1,Yes,No,36405.21,No,0.2042,Low
15787459,Spain,Male,40,3,88466.82,1,No,No,116331.42,No,0.2041,Low
15626612,Spain,Male,40,4,104784.23,1,Yes,No,135163.76,Yes,0.2041,Low
15786392,France,Male,41,4,124182.21,1,No,No,100153.43,No,0.2041,Low
15629551,Germany,Female,44,9,126104.98,2,No,Yes,110718.02,No,0.2041,Low
15778515,France,Male,40,3,95297.11,1,No,No,171515.84,No,0.2041,Low
15638646,France,Female,43,1,160474.59,1,Yes,Yes,95963.14,No,0.2034,Low
15690175,Spain,Male,45,0,0,2,No,No,189683.7,No,0.2034,Low
15679760,France,Male,46,1,115764.32,2,No,No,102950.79,No,0.2032,Low
15761720,France,Male,41,6,153238.88,1,Yes,No,11663.09,No,0.2032,Low
15575445,Spain,Male,41,10,150148.51,1,No,No,6936.27,No,0.2032,Low
15775663,Germany,Male,53,6,134729.99,2,Yes,Yes,132702.64,No,0.2031,Low
15703167,France,Female,45,8,0,2,Yes,No,193903.06,No,0.2031,Low
15764444,Germany,Male,58,8,125850.53,2,Yes,Yes,87008.17,No,0.2031,Low
15781298,Germany,Male,39,3,124216.93,1,No,Yes,171442.36,No,0.2029,Low
15568562,France,Male,40,8,160272.27,1,Yes,No,49656.24,No,0.2028,Low
15800736,Spain,Female,42,4,96763.89,1,Yes,Yes,199242.65,No,0.2026,Low
15726289,France,Male,25,0,174400.36,1,Yes,No,42669.37,No,0.2025,Low
15596863,Germany,Female,38,3,158373.23,1,Yes,Yes,28228.35,No,0.2022,Low
15738751,France,Female,46,4,0,2,Yes,No,1907.66,No,0.2021,Low
15591123,Germany,Male,68,2,100194.44,1,Yes,Yes,38596.34,No,0.2021,Low
15780411,France,Female,46,3,0,2,No,No,820.46,No,0.2021,Low
15570087,France,Female,44,8,142989.69,1,Yes,Yes,115452.51,Yes,0.2021,Low
15792989,France,Female,71,1,104308.77,1,Yes,Yes,25650.04,No,0.2021,Low
15674110,France,Female,43,2,160416.56,1,No,Yes,37266.43,No,0.202,Low
15737888,Spain,Female,43,2,125510.82,1,Yes,Yes,79084.1,No,0.2018,Low
15765487,Germany,Female,38,9,151766.71,1,Yes,Yes,180829.99,No,0.2018,Low
15654000,France,Female,35,5,0,1,Yes,No,133991.11,Yes,0.2017,Low
15805690,Spain,Female,35,7,0,1,Yes,No,133570.43,Yes,0.2017,Low
15676433,France,Female,36,6,0,1,No,No,98810.78,No,0.2017,Low
15778418,Germany,Male,40,9,154309.67,1,Yes,Yes,125334.16,Yes,0.2015,Low
15810203,Germany,Female,44,6,77627.33,2,Yes,No,108222.68,No,0.2014,Low
15771636,Spain,Female,36,0,0,1,No,No,148993.47,No,0.2011,Low
15722599,France,Female,37,9,183613.66,2,No,No,49734.94,No,0.2009,Low
15694200,France,Male,36,8,178111.82,1,No,No,58719.63,Yes,0.2006,Low
15792176,Spain,Female,40,0,92053.44,1,Yes,Yes,143681.83,No,0.2006,Low
15815420,Spain,Male,47,8,139196,1,No,Yes,74028.36,No,0.2006,Low
15649211,Spain,Male,40,8,83015.71,1,Yes,No,101089.76,No,0.2006,Low
15638257,Spain,Female,54,0,83102.72,2,Yes,Yes,54132.93,No,0.2005,Low
15655229,Germany,Female,35,7,114285.2,1,No,Yes,129660.59,No,0.2005,Low
15658890,Germany,Male,46,4,98899.76,2,Yes,Yes,86190.34,No,0.2004,Low
15570943,Germany,Female,35,2,133607.75,1,Yes,Yes,120586.32,No,0.2003,Low
15622834,France,Female,35,4,0,1,Yes,No,125518.32,No,0.2002,Low
15582090,Spain,Female,36,4,0,1,Yes,No,117038.96,No,0.2002,Low
15579617,France,Female,51,3,0,2,No,Yes,174098.28,Yes,0.2001,Low
15711181,France,Female,50,4,0,2,No,Yes,182076.97,No,0.2001,Low
15694641,Spain,Female,59,2,0,2,Yes,Yes,171364.18,No,0.2001,Low
15756743,France,Female,37,7,115895.42,1,Yes,No,48486.25,No,0.1995,Low
15632503,France,Female,32,0,148326.09,1,Yes,No,191604.27,Yes,0.1993,Low
15590349,France,Female,36,9,0,1,No,No,3749,Yes,0.1993,Low
15812878,Germany,Female,36,2,99806.85,1,No,Yes,36976.52,No,0.1992,Low
15581036,Germany,Female,40,3,109308.79,2,Yes,No,120158.72,Yes,0.1992,Low
15612087,France,Male,45,2,106376.85,1,No,Yes,158264.62,No,0.1991,Low
15707291,Germany,Male,48,8,129250,2,Yes,Yes,157937.35,No,0.1991,Low
15709846,France,Female,39,1,94968.97,1,Yes,No,84487.62,No,0.199,Low
15624633,France,Male,45,9,74989.58,1,Yes,Yes,171014.69,No,0.1987,Low
15677135,Germany,Male,61,8,133802.29,2,Yes,Yes,90304.01,No,0.1983,Low
15694404,France,Female,42,3,156555.54,1,Yes,Yes,175674.01,No,0.198,Low
15673790,Germany,Male,45,7,109200.74,2,No,Yes,165990.44,No,0.198,Low
15736112,Spain,Female,57,2,119035.35,2,Yes,Yes,29871.79,No,0.1979,Low
15628674,France,Male,40,7,113348.14,1,Yes,No,31904.31,Yes,0.1979,Low
15649744,France,Female,51,3,123981.31,2,Yes,Yes,40546.15,No,0.1979,Low
15602929,Spain,Female,37,4,0,1,No,No,4539.38,No,0.1979,Low
15650258,France,Female,35,2,113090.4,1,Yes,No,195649.79,No,0.1979,Low
15715079,France,Male,41,9,117221.15,1,Yes,No,168280.95,No,0.1979,Low
15657747,Germany,Female,43,9,127216.31,2,No,Yes,17913.25,No,0.1979,Low
15707479,France,Male,40,7,125608.72,1,Yes,No,122073.48,No,0.1979,Low
15780386,Spain,Male,40,5,105683.63,1,Yes,No,173617.09,No,0.1979,Low
15600720,Spain,Male,41,8,115144.68,1,Yes,No,188905.43,No,0.1979,Low
15665524,Spain,Male,41,5,103154.66,1,No,No,143203.78,No,0.1979,Low
15649101,France,Male,40,10,127847.86,1,No,No,173245.68,No,0.1979,Low
15750049,France,Male,40,10,163823.37,1,No,No,89519.47,No,0.1979,Low
15712568,Spain,Male,40,10,121355.99,1,Yes,No,138360.29,No,0.1979,Low
15724251,Germany,Female,29,6,101012.77,1,No,No,32589.89,Yes,0.1978,Low
15696852,France,Female,32,9,192122.84,1,Yes,Yes,54277.45,Yes,0.1978,Low
15637876,Germany,Female,36,6,77253.5,1,No,No,35817.97,Yes,0.1976,Low
15652289,France,Male,47,4,0,2,Yes,No,197528.62,No,0.1975,Low
15565701,Spain,Female,39,9,161993.89,1,No,No,90212.38,No,0.197,Low
15688210,France,Female,39,8,101928.51,1,No,No,89205.54,No,0.197,Low
15646513,France,Male,42,5,0,1,Yes,No,196466.83,Yes,0.1969,Low
15708904,France,Female,37,9,0,1,No,No,100101.06,No,0.1969,Low
15694129,Germany,Female,28,3,100032.52,1,Yes,No,5159.21,Yes,0.1968,Low
15704657,France,Male,39,3,72647.64,1,Yes,No,41777.9,Yes,0.1966,Low
15619016,Germany,Male,46,5,109019.65,2,Yes,Yes,33680.56,No,0.1964,Low
15762331,France,Male,37,9,178755.84,1,Yes,No,199929.17,No,0.1963,Low
15579208,France,Female,48,6,0,2,Yes,Yes,191870.28,No,0.1962,Low
15647311,Spain,Female,41,1,83807.86,1,No,Yes,112542.58,No,0.196,Low
15568360,Spain,Female,41,4,139840.36,1,Yes,Yes,163524.7,No,0.196,Low
15643865,France,Female,40,3,92055.36,1,No,Yes,164652.02,Yes,0.196,Low
15668235,France,Female,41,3,123475.04,1,Yes,Yes,179227.52,No,0.196,Low
15685640,France,Female,41,3,130931.83,1,Yes,Yes,144808.37,No,0.196,Low
15679611,Spain,Female,37,2,130404.92,1,No,No,34548.74,No,0.1956,Low
15811927,France,Female,38,3,157658.36,1,No,No,19658.43,No,0.1956,Low
15808930,France,Female,37,1,0,1,Yes,No,4606.97,No,0.1956,Low
15701741,France,Female,39,3,152462.79,1,Yes,No,90305.97,No,0.1956,Low
15781802,France,Male,41,6,104817.41,1,Yes,No,126013.58,Yes,0.1955,Low
15602812,Germany,Female,44,2,133776.86,2,No,Yes,49865.04,No,0.1955,Low
15761149,France,Female,44,8,133444.97,1,No,Yes,5708.19,No,0.1955,Low
15718852,France,Male,56,9,96951.21,1,Yes,Yes,71776.76,No,0.1954,Low
15702788,France,Male,40,9,126212.64,1,Yes,No,70196.57,No,0.1954,Low
15630913,Spain,Female,69,1,105303.73,1,No,Yes,134260.34,No,0.1953,Low
15623489,France,Female,67,0,128843.67,1,Yes,Yes,134612.48,No,0.1953,Low
15807305,France,Male,39,2,0,1,No,No,166650.32,No,0.1949,Low
15655341,Spain,Female,35,5,166492.48,1,Yes,No,135287.74,No,0.1945,Low
15776518,France,Female,38,4,175739.36,1,Yes,Yes,193130.55,No,0.1945,Low
15636388,Germany,Female,23,7,98775.23,1,Yes,No,114603.96,No,0.1944,Low
15758831,France,Male,39,3,74896.33,1,No,No,34430.16,No,0.1942,Low
15789924,France,Female,39,4,0,1,Yes,Yes,147530.06,No,0.1941,Low
15768340,Germany,Female,19,3,113905.48,1,Yes,Yes,176137.2,No,0.194,Low
15722409,Spain,Male,47,8,107604.66,1,Yes,Yes,80149.27,No,0.194,Low
15648178,Germany,Female,23,4,137964.51,1,No,Yes,174570.55,No,0.194,Low
15593470,Germany,Female,36,8,166287.85,1,Yes,Yes,23305.85,No,0.1936,Low
15809279,France,Male,45,8,96877.21,1,Yes,Yes,113950.51,No,0.1936,Low
15611786,Spain,Female,69,9,0,1,No,Yes,134483.07,No,0.1936,Low
15678146,Spain,Female,24,7,173962.32,1,No,No,106457.11,Yes,0.1935,Low
15614034,Germany,Male,61,2,164523.5,2,Yes,Yes,35786.76,No,0.1935,Low
15735330,France,Male,37,1,0,1,Yes,No,30461.55,No,0.1934,Low
15760514,Germany,Female,43,9,116644.29,2,Yes,Yes,60176.1,No,0.1933,Low
15617166,France,Male,37,0,0,1,Yes,No,114514.64,No,0.1933,Low
15742613,Germany,Female,42,8,152324.66,2,Yes,No,171733.22,No,0.1932,Low
15787830,Germany,Male,33,7,153663.27,1,Yes,No,111868.23,No,0.1932,Low
15642619,Spain,Male,46,2,0,2,Yes,No,174478.54,No,0.193,Low
15673439,Spain,Female,50,5,142644.64,2,Yes,Yes,142208.5,Yes,0.193,Low
15774127,France,Male,46,3,0,2,Yes,No,76515.79,No,0.193,Low
15620988,France,Male,46,2,0,2,Yes,No,137136.46,No,0.193,Low
15679818,Germany,Male,67,7,136709.35,1,No,Yes,66753.1,Yes,0.1929,Low
15667438,France,Female,38,1,104016.88,1,No,No,22068.83,Yes,0.1929,Low
15771977,France,Female,39,1,99010.67,1,Yes,No,194945.8,No,0.1927,Low
15647099,France,Female,37,9,156091.97,1,Yes,No,72008.61,No,0.1927,Low
15750248,France,Female,35,8,132292.63,1,Yes,No,65682.93,No,0.1927,Low
15662152,France,Female,38,9,134105.01,1,No,No,57850.1,No,0.1927,Low
15644882,Germany,Female,36,10,78249.53,1,Yes,No,136934.91,No,0.1926,Low
15593900,France,Male,38,1,189443.72,1,No,Yes,106648.58,No,0.1923,Low
15618243,Spain,Female,43,1,103960.38,1,Yes,Yes,193650.16,No,0.1923,Low
15611905,Spain,Female,31,5,174853.46,1,Yes,No,84238.63,No,0.1922,Low
15633352,France,Female,31,6,175443.75,1,Yes,No,113167.17,Yes,0.1922,Low
15757867,France,Female,30,10,176173.52,1,Yes,No,97045.32,Yes,0.1922,Low
15688760,Germany,Female,37,3,95022.57,1,Yes,Yes,129107.59,No,0.1919,Low
15725882,Germany,Female,40,1,133245.52,2,Yes,Yes,54495.82,No,0.1918,Low
15813022,Spain,Male,70,1,0,2,No,No,99503.19,No,0.1917,Low
15809347,Germany,Male,32,9,160680.41,1,Yes,No,30886.35,No,0.1917,Low
15596175,Germany,Male,67,6,117411.6,1,Yes,Yes,45071.09,Yes,0.1914,Low
15772216,France,Female,67,1,130652.52,1,No,Yes,22762.23,No,0.1914,Low
15761286,Germany,Female,66,7,119499.42,2,Yes,Yes,174027.3,No,0.1912,Low
15812365,France,Male,40,8,102800.65,1,Yes,No,60811.56,No,0.1912,Low
15760427,France,Male,40,6,124788.18,1,Yes,No,65612.12,No,0.1912,Low
15571550,France,Male,39,9,0,1,Yes,No,80963.92,No,0.1911,Low
15686913,France,Male,38,0,0,1,Yes,No,83263.06,No,0.191,Low
15707078,France,Female,26,1,180530.51,1,No,No,123454.62,No,0.1907,Low
15785831,France,Male,35,7,183027.25,1,Yes,Yes,56028.79,No,0.1907,Low
15602647,Germany,Male,39,6,127415.85,1,Yes,Yes,184977.2,Yes,0.1907,Low
15790810,France,Female,41,10,76319.64,1,Yes,Yes,141175.18,Yes,0.1906,Low
15714939,Germany,Female,34,4,148249.54,1,No,Yes,33738.27,No,0.1905,Low
15798398,France,Female,36,4,135438.4,1,No,No,190627.01,No,0.1904,Low
15738672,Germany,Female,40,2,162485.8,2,Yes,No,149381.32,No,0.1904,Low
15572361,Germany,Female,34,2,164011.48,1,Yes,No,199420.41,No,0.1904,Low
15643294,France,Female,33,8,190566.65,1,Yes,Yes,79997.14,No,0.1903,Low
15759038,France,Female,41,3,141806.46,1,Yes,No,102921.17,No,0.1902,Low
15721251,Spain,Female,41,4,112152.89,1,No,Yes,36242.19,No,0.19,Low
15579583,Spain,Female,40,4,101090.27,1,Yes,Yes,51703.09,No,0.19,Low
15632210,Germany,Male,25,2,171770.55,1,Yes,No,22745.5,No,0.1899,Low
15741719,France,Female,40,3,165298.12,1,No,Yes,199862.75,No,0.1899,Low
15604314,Germany,Female,26,1,97331.19,1,Yes,No,63717.49,No,0.1897,Low
15591915,France,Female,39,2,0,1,No,Yes,73669.94,Yes,0.1897,Low
15790267,France,Female,40,7,141267.67,1,No,Yes,177397.49,No,0.1897,Low
15681550,France,Female,41,8,121558.46,1,Yes,Yes,598.8,No,0.1896,Low
15691111,Germany,Female,42,8,121980.56,2,Yes,No,4027.02,No,0.1894,Low
15705298,Germany,Male,29,0,172693.54,1,No,No,141798.98,No,0.1894,Low
15589725,France,Female,51,4,0,2,Yes,Yes,178929.84,No,0.1894,Low
15628767,Spain,Female,63,3,139529.93,2,Yes,Yes,175696.16,Yes,0.1891,Low
15701333,France,Female,37,7,96558.66,1,No,No,163427.18,No,0.1888,Low
15795298,Germany,Female,35,9,206868.78,2,No,Yes,102986.15,No,0.1888,Low
15715414,France,Female,38,6,102895.1,1,No,No,155665.76,No,0.1888,Low
15627859,Germany,Male,29,7,102609,1,Yes,No,163257.44,No,0.1887,Low
15681410,Germany,Female,36,6,98088.09,1,No,Yes,26687.22,Yes,0.1886,Low
15568963,Germany,Male,34,2,152797.9,1,Yes,No,175709.4,Yes,0.1885,Low
15795747,Spain,Female,39,7,171646.76,1,No,Yes,100791.36,No,0.1884,Low
15623647,Spain,Female,36,1,135515.76,1,Yes,No,86013.96,No,0.1883,Low
15607990,Spain,Male,43,6,175735.5,1,Yes,Yes,157337.29,No,0.1883,Low
15708003,Spain,Male,41,8,85109.21,1,Yes,No,1557.82,No,0.188,Low
15592999,France,Female,40,0,115465.98,1,Yes,Yes,60622.61,No,0.1879,Low
15708196,Spain,Male,60,8,88786.81,1,Yes,Yes,196858.4,No,0.1876,Low
15612187,Germany,Male,32,8,155726.85,1,Yes,No,67789.99,No,0.1875,Low
15785654,Germany,Male,45,6,114422.85,2,Yes,Yes,104678.78,Yes,0.1874,Low
15675141,France,Female,35,4,93934.63,1,Yes,No,184748.23,No,0.1874,Low
15583668,France,Female,42,2,109471.79,1,No,Yes,175161.05,No,0.1873,Low
15657163,Germany,Male,42,1,149332.48,2,Yes,No,100834.22,No,0.1873,Low
15674637,France,Female,68,3,107571.61,1,No,Yes,113695.99,No,0.1873,Low
15601787,Germany,Male,35,2,103711.56,1,No,Yes,192464.21,Yes,0.1871,Low
15682541,Spain,Female,36,6,132311.71,1,No,No,15462.84,No,0.1868,Low
15742668,Spain,Female,37,6,108269.37,1,Yes,No,5597.94,No,0.1868,Low
15643426,Spain,Female,36,8,113680.54,1,No,No,13197.44,No,0.1868,Low
15605020,France,Male,45,2,165901.59,2,Yes,No,23054.51,Yes,0.1865,Low
15689031,Spain,Female,37,7,168066.87,1,Yes,No,35450.53,No,0.1864,Low
15614520,France,Female,37,8,148580.12,1,Yes,No,35179.18,No,0.1864,Low
15717065,France,Female,35,8,105419.73,1,Yes,No,35356.46,No,0.1864,Low
15689633,Spain,Female,38,2,112803.92,1,Yes,No,179631.85,No,0.1862,Low
15638159,Spain,Female,36,6,86607.39,1,No,No,19825.09,No,0.186,Low
15787772,France,Female,38,1,104091.29,1,No,No,91561.91,No,0.1859,Low
15776545,France,Male,28,10,200724.96,1,No,Yes,82872.64,Yes,0.1857,Low
15750121,France,Male,38,3,0,1,Yes,No,42862.82,No,0.1855,Low
15706185,Germany,Male,47,5,140187.1,2,Yes,Yes,174311.3,No,0.1854,Low
15615050,Germany,Male,47,9,107915.94,2,Yes,Yes,63452.18,Yes,0.1854,Low
15751445,Germany,Female,52,6,71283.09,2,No,Yes,38984.37,No,0.1852,Low
15741275,France,Female,57,7,71481.79,2,Yes,Yes,84421.34,No,0.1851,Low
15734942,Germany,Female,38,8,82407.51,1,Yes,No,13123.41,No,0.185,Low
15747174,Germany,Male,58,9,190298.89,2,Yes,Yes,191263.76,No,0.185,Low
15795151,France,Female,38,3,123894.43,1,Yes,No,21177.1,No,0.185,Low
15609676,France,Female,35,2,167924.95,1,Yes,No,43024.64,No,0.185,Low
15642063,France,Male,40,6,163505.16,1,No,No,90424.09,No,0.1848,Low
15757310,Germany,Male,67,6,148363.38,1,Yes,Yes,186995.17,No,0.1848,Low
15692577,Germany,Female,38,10,83727.68,1,Yes,No,45418.12,No,0.1845,Low
15727361,France,Female,51,1,0,2,Yes,Yes,56908.41,No,0.1844,Low
15578238,France,Male,47,7,0,2,Yes,No,193305.35,No,0.1843,Low
15593510,Germany,Female,33,5,129335.65,1,Yes,Yes,56585.2,Yes,0.1843,Low
15690733,Spain,Male,45,4,0,2,No,No,36697.48,Yes,0.1842,Low
15573456,Spain,Male,46,9,127209,2,Yes,No,77405.95,Yes,0.1841,Low
15616454,Germany,Female,34,8,111905.43,1,No,Yes,197221.81,Yes,0.1841,Low
15777576,Spain,Female,40,5,139129.44,1,No,Yes,32635.54,No,0.1839,Low
15759741,Germany,Female,34,4,150635.3,1,Yes,Yes,72274.84,No,0.1839,Low
15687431,France,Female,41,7,115171.71,1,Yes,Yes,37674.47,No,0.1839,Low
15627801,Spain,Male,33,3,176666.62,1,Yes,No,94670.77,No,0.1838,Low
15599074,Spain,Female,40,6,136093.74,1,No,Yes,193408.43,No,0.1837,Low
15613816,Spain,Female,39,6,62052.28,1,No,Yes,59755.14,No,0.1836,Low
15576126,France,Female,41,2,125785.23,1,Yes,Yes,70523.92,No,0.1835,Low
15643575,Germany,Male,36,1,65349.71,1,No,No,64539.64,No,0.1835,Low
15575935,France,Male,59,0,178058.06,2,No,Yes,21063.71,Yes,0.1834,Low
15797760,France,Male,40,3,193354.86,2,Yes,No,149188.41,No,0.1833,Low
15577751,Germany,Male,30,4,101802.67,1,No,No,8693.8,No,0.1832,Low
15609510,France,Male,45,7,149364.58,1,No,Yes,173454.07,No,0.1831,Low
15761132,Spain,Male,46,7,128029.72,1,Yes,Yes,62615.35,No,0.1831,Low
15599552,Spain,Female,54,2,0,2,Yes,Yes,53843.71,No,0.1831,Low
15671917,France,Male,46,5,123873.19,1,Yes,Yes,177844.06,No,0.1831,Low
15755863,Spain,Female,49,1,0,2,No,Yes,162858.29,No,0.1831,Low
15721462,Spain,Female,58,2,0,2,Yes,Yes,33277.31,No,0.1831,Low
15800746,France,Male,45,7,144889.18,1,Yes,Yes,102591.9,Yes,0.1831,Low
15710053,Germany,Female,44,5,140406.68,2,No,Yes,57164.19,No,0.1827,Low
15667424,Germany,Female,43,7,111094.05,2,Yes,Yes,64679.3,No,0.1827,Low
15811261,Spain,Male,42,0,70105.87,1,Yes,Yes,120830.73,No,0.1826,Low
15600392,France,Female,53,8,123845.36,2,No,Yes,170454.93,Yes,0.1826,Low
15664793,Spain,Female,50,7,146777.44,2,No,Yes,150685.52,No,0.1826,Low
15616709,Germany,Female,38,0,132122.42,2,No,No,31730.32,No,0.1824,Low
15592994,France,Female,65,0,0,2,Yes,Yes,190454.04,No,0.1824,Low
15731412,Germany,Female,37,6,95900.04,1,Yes,Yes,38196.24,No,0.1823,Low
15685653,Germany,Female,40,3,162261.01,2,Yes,No,137028.51,No,0.1821,Low
15672945,France,Female,37,5,136425.18,1,Yes,No,81102.81,No,0.1818,Low
15663249,Spain,Female,37,9,133292.45,1,Yes,No,111175.09,No,0.1818,Low
15647453,France,Male,42,4,102936.72,1,No,No,1187.88,No,0.1818,Low
15789941,France,Female,36,6,125130.28,1,No,No,125961.48,No,0.1818,Low
15631359,France,Female,38,5,117289.92,1,No,No,85231.88,No,0.1818,Low
15660679,Spain,Female,38,9,149571.94,1,Yes,No,118383.18,No,0.1818,Low
15704340,France,Female,37,10,104255.03,1,Yes,No,86609.37,No,0.1818,Low
15754443,France,Female,35,9,108308,1,Yes,No,129031.19,Yes,0.1818,Low
15603134,Spain,Female,40,10,167878.5,1,No,Yes,151887.16,No,0.1817,Low
15620103,France,Female,40,8,167181.01,1,Yes,Yes,185156.94,No,0.1817,Low
15588456,France,Female,40,5,143566.12,1,Yes,Yes,189607.71,No,0.1817,Low
15801788,Germany,Female,29,6,185544.36,1,Yes,No,171037.63,No,0.1816,Low
15697020,France,Male,39,2,91068.56,1,Yes,No,26578.69,No,0.1811,Low
15790067,Spain,Male,39,3,151914.93,1,No,No,56459.45,No,0.1811,Low
15807593,Spain,Female,36,7,85660.96,1,No,No,134778.01,No,0.181,Low
15746970,Spain,Female,57,1,0,2,Yes,Yes,25101.17,No,0.1807,Low
15788483,Spain,Male,38,0,0,1,Yes,No,126876.47,No,0.1805,Low
15628203,France,Female,38,3,104339.56,1,No,No,119882.86,No,0.1805,Low
15681928,France,Female,35,4,108155.49,1,Yes,No,105407.79,No,0.1805,Low
15572291,France,Male,40,6,132308.22,1,No,No,117122.5,No,0.1804,Low
15583857,Spain,Female,43,4,123536.52,2,No,No,154908.52,No,0.1804,Low
15763704,Germany,Female,43,2,69014.49,2,No,No,164621.43,No,0.1801,Low
15758449,France,Female,39,8,0,1,No,Yes,21016,No,0.1798,Low
15798888,Germany,Female,31,1,117992.59,1,Yes,Yes,183598.77,No,0.1798,Low
15780835,Germany,Female,26,1,131908.35,1,Yes,Yes,179269.79,No,0.1798,Low
15778155,Germany,Female,31,3,108914.17,1,Yes,Yes,183572.39,Yes,0.1798,Low
15813504,Germany,Female,25,1,146566.01,1,No,Yes,161407.48,No,0.1798,Low
15567063,Germany,Female,34,6,106434.94,1,No,Yes,137995.66,Yes,0.1798,Low
15603880,Germany,Male,38,1,114141.64,1,Yes,Yes,60988.21,Yes,0.1798,Low
15705001,Spain,Female,35,3,83286.56,1,Yes,No,125553.52,No,0.1796,Low
15736299,France,Female,36,8,109106.8,1,No,No,121311.12,No,0.1796,Low
15684010,Germany,Female,74,2,116800.25,1,Yes,Yes,34130.43,No,0.1795,Low
15685706,France,Female,40,7,118991.79,1,Yes,Yes,156048.64,No,0.1794,Low
15714586,Spain,Female,42,3,99836.47,1,No,Yes,22909.56,No,0.1792,Low
15788367,Spain,Male,44,6,61691.45,1,Yes,Yes,53087.98,No,0.1792,Low
15626710,France,Female,39,4,0,1,Yes,Yes,76821.24,No,0.179,Low
15780677,France,Female,59,4,0,2,Yes,Yes,170528.63,No,0.179,Low
15662203,Germany,Female,42,3,137560.38,2,Yes,Yes,85424.34,No,0.1789,Low
15792868,France,Male,69,1,0,2,Yes,No,157097.09,No,0.1789,Low
15694237,Spain,Male,39,4,95161.75,1,Yes,No,19409.77,No,0.1788,Low
15791373,Germany,Female,35,2,80931.75,1,No,No,12639.67,Yes,0.1787,Low
15666975,France,Female,36,4,116085.06,1,Yes,No,58601.61,No,0.1786,Low
15707199,France,Male,36,0,148159.71,1,No,No,55835.66,No,0.1785,Low
15667934,France,Male,36,0,129804.17,1,Yes,No,53020.9,No,0.1785,Low
15730150,Spain,Male,37,0,120825.7,1,Yes,No,28257.89,No,0.1785,Low
15790846,Germany,Male,38,2,148430.55,1,Yes,Yes,56055.72,No,0.1784,Low
15685245,Spain,Female,56,5,0,2,No,Yes,153810.41,No,0.1784,Low
15777784,France,Female,44,6,168165.84,1,No,Yes,197193.49,No,0.1784,Low
15785975,Spain,Female,60,7,0,2,No,Yes,168034.9,No,0.1784,Low
15636736,France,Female,53,7,0,2,No,Yes,156495.39,Yes,0.1784,Low
15800229,Germany,Male,40,7,139022.24,1,No,Yes,193383.13,No,0.1783,Low
15751120,France,Female,36,2,119912.46,1,Yes,No,124354.92,No,0.1782,Low
15573520,Germany,Male,49,6,110540.43,2,No,Yes,107472.99,No,0.1782,Low
15788634,Spain,Female,37,2,113817.06,1,No,No,88333.74,No,0.1782,Low
15570857,Germany,Female,39,0,111213.64,2,Yes,Yes,147578.26,No,0.1782,Low
15594898,France,Male,43,2,0,1,Yes,Yes,170034.95,Yes,0.1781,Low
15633537,Germany,Female,42,9,87271.41,2,Yes,No,172572.64,No,0.1781,Low
15700749,France,Female,39,6,0,1,Yes,Yes,24677.54,No,0.1779,Low
15628112,Germany,Female,36,5,77846.9,1,No,No,99805.99,No,0.1778,Low
15566494,France,Male,45,2,0,2,Yes,No,77475.73,No,0.1778,Low
15573730,Germany,Male,42,6,126704.49,2,Yes,No,41682.3,No,0.1778,Low
15807555,France,Male,45,2,0,2,Yes,No,125658.28,No,0.1778,Low
15653306,Germany,Female,32,0,88335.05,1,No,No,159584.81,No,0.1776,Low
15572428,Germany,Female,33,0,115777.23,1,Yes,Yes,81508.1,No,0.1776,Low
15755868,France,Male,35,7,0,1,No,No,48869.67,No,0.1774,Low
15735784,France,Male,38,8,0,1,Yes,No,47848.56,No,0.1774,Low
15718667,France,Male,35,7,87619.29,1,Yes,No,143.34,No,0.1774,Low
15733138,Germany,Male,42,5,90248.79,1,Yes,Yes,79169.73,No,0.1771,Low
15569678,Germany,Male,32,6,166824.59,1,Yes,No,139451.98,No,0.1768,Low
15719827,France,Male,36,3,0,1,No,No,65147.27,No,0.1768,Low
15668081,Spain,Female,50,4,0,2,Yes,Yes,80701.72,No,0.1767,Low
15677052,France,Female,59,2,0,2,Yes,Yes,126160.24,Yes,0.1767,Low
15591740,France,Female,54,4,0,2,Yes,Yes,93820.49,Yes,0.1767,Low
15669783,France,Female,60,3,47020.65,2,No,Yes,63241.21,Yes,0.1767,Low
15593496,Spain,Female,36,5,91132.18,1,No,No,58111.71,No,0.1767,Low
15710164,France,Female,73,7,0,2,No,No,130883.9,Yes,0.1766,Low
15806709,Germany,Male,33,6,94126.67,1,No,No,93718.16,No,0.1766,Low
15707602,France,Female,47,2,127286.04,2,Yes,Yes,166929.43,Yes,0.1766,Low
15571816,Spain,Female,70,5,0,1,Yes,Yes,705.18,No,0.1765,Low
15808960,Germany,Male,40,5,108197.11,2,Yes,No,49722.34,No,0.1765,Low
15640421,France,Female,35,7,0,1,Yes,Yes,178.19,No,0.1765,Low
15748797,Spain,Female,33,0,0,1,Yes,No,92277.47,Yes,0.1764,Low
15770435,France,Female,50,6,115335.32,2,Yes,Yes,53130.41,No,0.1764,Low
15591711,Spain,Male,38,0,128366.44,1,Yes,No,12796.43,No,0.1763,Low
15721181,Spain,Male,46,6,0,2,Yes,No,45886.33,No,0.1762,Low
15614782,France,Male,36,1,0,1,Yes,No,160696.72,No,0.1762,Low
15733114,Spain,Male,45,9,0,2,Yes,No,26752.56,No,0.1762,Low
15625675,France,Male,36,1,67087.69,1,Yes,No,154775.7,No,0.1762,Low
15751057,Germany,Male,32,5,102500.34,1,No,No,106287.77,No,0.1761,Low
15733491,Germany,Female,40,8,153537.57,2,No,No,23101.13,No,0.1761,Low
15601026,Germany,Female,19,1,138657.08,1,Yes,Yes,16161.82,No,0.1759,Low
15603665,Germany,Female,39,0,122501.28,2,Yes,Yes,95007.8,No,0.1759,Low
15772243,France,Female,33,9,0,1,No,No,142797.5,Yes,0.1758,Low
15783691,Spain,Female,35,1,120171.58,1,Yes,No,125240.8,No,0.1757,Low
15639117,Spain,Female,34,6,0,1,Yes,No,582.59,Yes,0.1757,Low
15795458,Spain,Female,39,2,0,1,Yes,Yes,52138.49,No,0.1757,Low
15711130,France,Male,45,2,0,2,Yes,No,99593.28,No,0.1756,Low
15762091,Germany,Female,22,6,139129.92,1,Yes,Yes,63747.51,No,0.1756,Low
15751131,Spain,Female,41,7,150302.84,1,Yes,Yes,156036.19,No,0.1755,Low
15682868,France,Female,40,9,99816.46,1,Yes,Yes,163989.66,Yes,0.1755,Low
15578809,Germany,Male,40,1,134760.21,2,No,No,174434.06,Yes,0.1753,Low
15772381,Germany,Male,38,8,92219.21,1,Yes,No,99106.97,No,0.1753,Low
15806922,Spain,Female,41,4,126605.14,1,Yes,Yes,166694.93,No,0.1753,Low
15803032,Germany,Male,38,9,89111.63,1,No,No,157239.6,No,0.1753,Low
15611635,Spain,Female,39,6,0,1,No,Yes,185366.56,No,0.1753,Low
15674727,France,Female,42,5,147531.82,1,Yes,Yes,38819.45,No,0.1752,Low
15664547,France,Male,37,7,0,1,No,No,32863.24,Yes,0.1752,Low
15763111,Spain,Female,67,10,124577.15,1,No,Yes,169894.4,No,0.1749,Low
15705739,Germany,Male,32,5,159904.79,1,Yes,No,148811.14,No,0.1746,Low
15808283,France,Female,33,4,0,1,Yes,No,152323.04,No,0.1745,Low
15699797,France,Male,30,8,174356.13,1,No,No,31928.5,No,0.1745,Low
15763171,Germany,Female,25,2,114330.95,1,Yes,Yes,25325.07,No,0.1743,Low
15725776,Germany,Male,24,7,101195.23,1,No,No,133091.32,No,0.1743,Low
15800031,France,Male,43,3,66338.68,1,Yes,Yes,18772.5,Yes,0.1743,Low
15664083,Germany,Female,37,2,158468.76,1,No,Yes,93266.01,No,0.1742,Low
15799211,Spain,Female,32,8,187487.63,1,Yes,Yes,120115.5,No,0.1741,Low
15775756,Germany,Male,33,8,148055.74,1,No,No,199203.21,No,0.174,Low
15650442,Germany,Female,32,8,141528.88,1,Yes,Yes,167087.34,Yes,0.1739,Low
15743153,Germany,Female,40,2,122295.17,2,Yes,Yes,30812.84,No,0.1739,Low
15673074,Germany,Female,30,6,126663.51,1,Yes,Yes,162267.91,No,0.1739,Low
15665087,Germany,Female,26,8,118547.72,1,Yes,Yes,151192.18,No,0.1739,Low
15630195,France,Female,40,6,131184.67,1,Yes,Yes,49815.62,No,0.1739,Low
15721715,France,Female,40,9,133871.05,1,Yes,Yes,50568.02,No,0.1739,Low
15698031,Germany,Female,39,6,101851.8,2,Yes,No,7103.71,No,0.1737,Low
15692110,France,Female,33,7,0,1,Yes,No,188156.34,No,0.1736,Low
15633112,Germany,Male,42,3,118199.97,2,Yes,No,9452.88,Yes,0.1735,Low
15766047,France,Female,41,2,91621.69,1,Yes,Yes,71139.31,No,0.1735,Low
15591512,Germany,Female,33,2,115761.51,1,No,Yes,112350.21,Yes,0.1734,Low
15664668,France,Female,42,9,144801.97,1,No,Yes,12483.39,Yes,0.1733,Low
15790782,Spain,Male,39,6,132628.98,1,No,No,38812.67,No,0.1732,Low
15637169,Spain,Female,67,4,103267.8,1,Yes,Yes,78310.04,No,0.1732,Low
15723604,France,Male,39,6,150555.83,1,Yes,No,30414.17,No,0.1732,Low
15588461,France,Male,35,4,0,1,Yes,No,8816.37,No,0.1731,Low
15688713,Spain,Male,44,6,0,1,Yes,Yes,114469.55,No,0.173,Low
15736228,France,Female,40,3,129596.77,1,Yes,Yes,103232.6,No,0.173,Low
15815690,Spain,Female,40,3,113348.5,1,Yes,Yes,77789.01,No,0.173,Low
15812920,Germany,Male,40,5,90594.55,1,No,Yes,181598.25,No,0.173,Low
15728333,France,Male,43,8,0,1,Yes,Yes,93180.09,No,0.173,Low
15573599,France,Female,57,6,0,2,No,Yes,194421.12,Yes,0.1727,Low
15757648,Germany,Female,35,5,95698.79,1,No,Yes,182566.76,No,0.1724,Low
15791268,Spain,Male,38,0,122447.76,1,No,No,67339.34,No,0.1723,Low
15614213,France,Male,37,0,107548.94,1,Yes,No,71175.94,No,0.1723,Low
15779862,Germany,Female,31,3,133003.03,1,No,Yes,146339.27,Yes,0.1722,Low
15792916,Spain,Female,40,7,144470.77,1,Yes,Yes,18917.95,No,0.172,Low
15759480,France,Female,40,10,139180.97,1,Yes,Yes,19959.67,No,0.172,Low
15641773,Germany,Male,45,2,179334.83,2,Yes,Yes,169303.65,No,0.1718,Low
15661734,Germany,Male,42,8,131390.75,2,Yes,No,71178.09,No,0.1717,Low
15617206,Germany,Male,42,8,120822.86,2,Yes,No,126153.24,No,0.1717,Low
15808389,France,Female,79,7,0,1,Yes,Yes,160589.18,No,0.1716,Low
15709994,France,Female,40,7,140596.95,1,No,Yes,135459.02,Yes,0.1715,Low
15758845,Spain,Female,37,0,64345.21,1,No,Yes,61759.33,Yes,0.1714,Low
15654296,Spain,Female,19,9,0,1,Yes,No,189641.11,No,0.1714,Low
15729087,Germany,Male,54,9,156367.6,2,No,Yes,116179.92,No,0.1713,Low
15576352,Spain,Female,57,3,0,2,No,Yes,6057.81,No,0.1712,Low
15602084,France,Female,42,5,124626.07,1,Yes,Yes,78004.5,No,0.1712,Low
15572706,France,Male,37,5,0,1,Yes,No,61324.87,No,0.1712,Low
15769504,Germany,Female,34,1,131736.88,1,Yes,Yes,108543.21,No,0.1711,Low
15769948,Germany,Male,35,0,133377.8,1,No,Yes,64050.19,No,0.1711,Low
15725997,France,Female,35,6,100768.77,1,Yes,No,19199.61,No,0.1711,Low
15788556,France,Female,42,4,148283.94,1,Yes,Yes,44692.63,Yes,0.1711,Low
15702149,Germany,Female,33,1,144753.21,1,Yes,Yes,132480.75,No,0.1711,Low
15641877,France,Male,47,9,97023.21,1,Yes,Yes,2168.13,No,0.1709,Low
15628319,France,Female,28,4,130142.79,1,Yes,No,38190.78,No,0.1709,Low
15651093,France,Female,55,1,0,2,No,Yes,54409.48,No,0.1707,Low
15696301,France,Female,37,9,101455.7,1,Yes,No,25803.59,Yes,0.1707,Low
15656351,Spain,Male,60,3,0,2,Yes,Yes,93844.82,No,0.1707,Low
15647965,France,Female,57,9,114023.64,2,Yes,Yes,71167.17,Yes,0.1703,Low
15686461,France,Female,56,7,121235.05,2,Yes,Yes,116253.1,No,0.1703,Low
15648876,France,Female,34,5,0,1,Yes,No,27380.99,No,0.1703,Low
15726179,Germany,Female,43,5,131433.33,2,Yes,Yes,3497.43,Yes,0.1702,Low
15696859,France,Male,45,10,0,2,No,No,172175.9,No,0.1701,Low
15719265,France,Male,46,9,0,2,Yes,No,170676.67,No,0.1701,Low
15758856,France,Male,45,7,0,2,No,No,167756.45,No,0.1701,Low
15748947,France,Female,41,5,95858.37,1,Yes,Yes,68255.88,No,0.1699,Low
15590966,Germany,Female,42,4,97495.8,2,No,No,2002.5,No,0.1699,Low
15699005,France,Female,41,2,156067.05,1,Yes,Yes,9983.88,No,0.1698,Low
15681174,France,Male,39,1,116537.6,1,No,No,145679.6,No,0.1698,Low
15611612,France,Female,29,0,0,1,Yes,No,37092.43,No,0.1698,Low
15582741,France,Female,35,5,124151.09,1,Yes,No,88705.14,Yes,0.1696,Low
15769974,Spain,Female,35,8,119182.73,1,No,No,121210.09,No,0.1696,Low
15747807,France,Female,43,6,137824.03,2,Yes,No,172557.77,No,0.1696,Low
15615456,France,Female,37,10,123806.28,1,Yes,No,81776.84,Yes,0.1696,Low
15749019,Germany,Male,45,6,93796.42,2,Yes,Yes,162321.26,No,0.1696,Low
15815628,France,Female,37,8,113899.92,1,No,No,80215.2,No,0.1696,Low
15719624,France,Female,38,9,121858.98,1,Yes,No,130755.34,No,0.1696,Low
15784099,France,Female,38,5,126875.62,1,Yes,No,128052.29,No,0.1696,Low
15775235,France,Female,36,6,110480.48,1,No,No,81292.33,No,0.1696,Low
15638983,France,Female,38,5,133189.4,1,No,No,127388.06,No,0.1696,Low
15769548,France,Female,37,7,128645.67,1,Yes,No,92149.64,No,0.1696,Low
15682273,France,Female,38,5,127616.56,1,Yes,No,123846.07,No,0.1696,Low
15631639,France,Female,40,6,95452.89,1,No,Yes,179964.55,No,0.1695,Low
15658233,France,Female,41,5,109798.25,1,No,Yes,149593.61,No,0.1695,Low
15753092,Germany,Male,35,5,129828.58,1,Yes,Yes,181918.26,Yes,0.1694,Low
15711218,Germany,Male,39,2,121704.32,2,Yes,No,55556.3,No,0.1692,Low
15710421,Spain,Female,36,8,117152.3,1,No,No,101828.39,No,0.1692,Low
15626156,France,Female,60,3,0,2,Yes,Yes,86981.45,No,0.1692,Low
15628272,France,Female,36,9,114997.42,1,Yes,No,75304.09,No,0.1692,Low
15815259,France,Female,56,2,0,2,Yes,Yes,39820.13,No,0.1692,Low
15768124,France,Female,34,3,0,1,Yes,No,54726.43,No,0.1691,Low
15813283,France,Female,34,2,0,1,No,No,35982.42,No,0.1691,Low
15779103,Germany,Female,39,9,96748.89,2,Yes,No,94711.43,No,0.169,Low
15804516,France,Male,38,2,0,1,Yes,No,79915.28,No,0.1688,Low
15812982,Spain,Male,38,2,0,1,No,No,168460.12,No,0.1688,Low
15688193,France,Male,36,3,61636.97,1,No,No,107787.42,No,0.1688,Low
15641170,Spain,Male,36,4,0,1,No,No,173016.46,No,0.1688,Low
15631436,France,Male,35,4,0,1,Yes,No,158937.55,No,0.1688,Low
15596972,France,Male,38,3,0,1,No,No,143938.27,No,0.1688,Low
15609899,Spain,Male,37,4,0,1,Yes,No,121763.68,No,0.1688,Low
15669805,Germany,Female,31,1,99557.94,1,Yes,No,199255.32,No,0.1688,Low
15746569,France,Male,38,4,0,1,Yes,No,95483.48,Yes,0.1688,Low
15696388,Germany,Male,38,4,111096.91,1,Yes,Yes,19762.88,No,0.1687,Low
15739850,France,Male,45,6,155417.61,1,No,Yes,3449.22,No,0.1686,Low
15628145,France,Female,43,5,125851.93,1,Yes,Yes,193318.33,No,0.1685,Low
15611800,France,Female,62,7,125163.62,2,Yes,Yes,151411.5,No,0.1684,Low
15689980,Spain,Female,36,4,118520.26,1,No,No,131173.9,Yes,0.1683,Low
15680517,Germany,Female,34,7,137239.17,1,Yes,Yes,71379.92,Yes,0.1682,Low
15790204,Spain,Female,22,9,0,1,Yes,No,29135.89,Yes,0.1681,Low
15586680,France,Male,27,4,176913.52,1,Yes,No,80587.27,No,0.1681,Low
15785899,Germany,Male,33,8,151607.56,1,Yes,No,4389.4,No,0.168,Low
15743192,France,Female,44,6,0,2,No,No,167162.43,No,0.1679,Low
15569248,France,Female,43,10,0,2,Yes,No,149629.13,Yes,0.1679,Low
15706200,Germany,Male,41,2,138014.4,2,Yes,No,140298.24,No,0.1679,Low
15810807,France,Female,43,9,0,2,Yes,No,152499.8,No,0.1679,Low
15621195,Germany,Male,41,3,147974.16,2,Yes,No,170518.83,No,0.1679,Low
15649239,Spain,Male,46,10,0,2,Yes,No,153015.42,No,0.1679,Low
15650391,France,Female,29,7,169988.35,1,Yes,No,4272,No,0.1678,Low
15723263,Germany,Female,34,9,117160.32,1,Yes,Yes,116069.24,Yes,0.1677,Low
15584229,Germany,Female,23,9,123943.18,1,Yes,Yes,159553.27,No,0.1677,Low
15806796,Germany,Female,33,10,138847.9,1,Yes,Yes,127256.7,No,0.1677,Low
15608109,Germany,Male,58,7,170113,2,No,Yes,10494.64,No,0.1676,Low
15731511,France,Male,45,7,118626.55,2,Yes,No,147132.46,No,0.1675,Low
15603436,Spain,Female,49,2,126615.94,2,No,Yes,123214.74,No,0.1674,Low
15567383,Germany,Female,44,2,98009.13,2,No,Yes,31384.86,No,0.1674,Low
15762615,Spain,Female,40,8,101993.12,1,No,Yes,94774.12,No,0.1673,Low
15731330,Spain,Female,40,7,100471.34,1,Yes,Yes,124550.88,No,0.1673,Low
15789371,Germany,Female,41,4,119703.1,2,Yes,Yes,109783.29,No,0.1673,Low
15643487,Spain,Male,39,10,105473.74,1,No,No,58854.88,Yes,0.1671,Low
15777060,France,Female,33,4,0,1,Yes,No,26080.54,Yes,0.1669,Low
15589660,Germany,Female,32,1,145980.23,1,No,Yes,56636.28,No,0.1668,Low
15646521,Spain,Female,36,1,0,1,Yes,Yes,143960.72,No,0.1668,Low
15649297,France,Female,62,4,111065.93,2,No,Yes,125660.99,No,0.1668,Low
15710105,Germany,Female,26,3,105099.45,1,Yes,Yes,184520,Yes,0.1667,Low
15568326,France,Female,44,2,0,2,Yes,No,149665.65,No,0.1666,Low
15813163,Spain,Female,36,9,99240.51,1,Yes,No,123137.01,No,0.1665,Low
15778463,France,Female,37,6,95845.6,1,Yes,No,122218.23,No,0.1665,Low
15566251,France,Female,37,5,96652.86,1,Yes,No,98686.4,Yes,0.1665,Low
15773789,Spain,Female,38,7,96858.35,1,Yes,No,77511.45,No,0.1665,Low
15761606,Spain,Female,37,9,101707.8,1,Yes,No,123866.28,No,0.1665,Low
15746986,Germany,Female,40,4,97990.49,2,No,No,106691.02,No,0.1664,Low
15633516,France,Male,42,1,0,1,No,Yes,168486.02,No,0.1662,Low
15576263,France,Female,22,5,0,1,Yes,No,22303.17,No,0.166,Low
15678067,Spain,Male,45,3,0,2,No,No,163655.01,No,0.1659,Low
15788536,Germany,Male,40,2,137430.82,2,No,No,176768.59,No,0.1658,Low
15674932,Spain,Female,44,9,0,2,Yes,No,177528.92,No,0.1658,Low
15655175,Germany,Male,40,4,114318.78,2,Yes,No,129333.69,Yes,0.1658,Low
15737732,France,Female,44,10,0,2,Yes,No,170634.49,No,0.1658,Low
15623143,France,Female,43,9,0,2,Yes,No,183147.17,No,0.1658,Low
15690772,Spain,Female,48,2,0,2,Yes,Yes,136551.25,No,0.1656,Low
15794101,France,Female,48,2,0,2,No,Yes,137961.41,No,0.1656,Low
15623972,Germany,Female,23,9,123575.51,1,No,Yes,95148.28,No,0.1655,Low
15692761,France,Male,36,9,0,1,Yes,No,45909.87,No,0.1654,Low
15716155,France,Female,36,5,156021.31,1,No,No,122662.98,No,0.1654,Low
15651063,Germany,Female,37,9,127480.58,2,Yes,No,179634.69,No,0.1654,Low
15710295,Germany,Female,38,6,119413.62,2,Yes,No,175756.36,No,0.1654,Low
15776733,Germany,Female,37,7,124513.66,2,Yes,No,158610.89,No,0.1654,Low
15584776,Spain,Female,37,9,112712.17,1,Yes,No,116097.26,No,0.1654,Low
15646276,France,Female,32,2,146033.62,1,Yes,No,191260.74,No,0.1653,Low
15638231,Spain,Female,62,2,0,2,Yes,Yes,162889.1,No,0.1652,Low
15815295,France,Female,38,2,96479.81,1,Yes,No,120259.41,No,0.1652,Low
15694628,Germany,Female,39,4,157731.6,2,Yes,No,162820.6,No,0.165,Low
15786993,France,Female,51,5,0,2,No,Yes,184524.74,No,0.1649,Low
15635776,Germany,Female,43,5,154846.24,2,Yes,Yes,151903.6,No,0.1648,Low
15693996,France,Female,33,1,113452.66,1,No,No,142911.99,No,0.1648,Low
15752953,France,Male,45,9,0,2,No,No,17622.82,No,0.1647,Low
15731669,France,Male,39,2,129709.62,1,Yes,No,173197.12,No,0.1647,Low
15585249,France,Male,42,6,106036.52,1,Yes,No,194686.78,Yes,0.1644,Low
15729489,Germany,Female,34,8,98592.88,1,No,Yes,191790.29,Yes,0.1643,Low
15629323,Germany,Female,37,4,116471.43,2,Yes,No,175324.74,Yes,0.1642,Low
15649487,Germany,Female,38,4,113150.44,2,Yes,No,176712.59,Yes,0.1642,Low
15651737,Spain,Male,44,1,83325.77,1,No,Yes,80828.78,No,0.1642,Low
15608845,Spain,Female,38,3,124197.22,1,Yes,No,74692.06,No,0.1642,Low
15792720,France,Male,33,6,171490.78,1,No,No,79099.64,No,0.1639,Low
15718071,France,Female,51,3,0,2,No,Yes,15801.02,No,0.1638,Low
15707918,Germany,Female,36,0,127675.39,2,Yes,No,74260.16,No,0.1638,Low
15736327,Germany,Female,46,1,68238.51,2,Yes,Yes,109572.58,No,0.1638,Low
15722037,Germany,Male,36,7,115462.02,1,No,Yes,42581.04,No,0.1637,Low
15804357,France,Male,40,3,0,1,Yes,Yes,32319.93,No,0.1637,Low
15643024,Germany,Male,35,4,138718.92,1,Yes,Yes,47251.79,Yes,0.1634,Low
15589544,Spain,Female,57,4,0,2,Yes,Yes,49684.09,No,0.1634,Low
15754649,Spain,Female,57,3,0,2,Yes,Yes,34134.14,No,0.1634,Low
15804038,France,Male,44,9,0,1,No,Yes,96528,Yes,0.1634,Low
15766417,France,Female,60,2,0,2,Yes,Yes,43821.56,No,0.1634,Low
15658693,France,Female,60,2,0,2,No,Yes,60615.83,No,0.1633,Low
15579647,France,Male,42,0,0,1,Yes,Yes,160828.98,No,0.163,Low
15585451,Germany,Female,32,1,108262.87,1,Yes,Yes,6935.31,No,0.1629,Low
15719479,Spain,Female,56,7,0,2,Yes,Yes,42442.21,No,0.1629,Low
15748854,Germany,Female,28,5,91938.31,1,Yes,No,143481.85,No,0.1628,Low
15762351,Spain,Female,63,1,0,2,Yes,Yes,186526.12,No,0.1628,Low
15614187,Germany,Female,39,3,126935.98,2,No,Yes,57995.74,No,0.1627,Low
15573077,Germany,Female,25,8,141825.88,1,Yes,Yes,73857.94,Yes,0.1626,Low
15662574,Spain,Male,37,1,115137.26,1,Yes,No,52484.01,No,0.1624,Low
15672397,France,Male,38,0,125487.89,1,No,No,158111.71,No,0.1623,Low
15718507,Germany,Male,37,3,116509.99,1,Yes,Yes,149517.71,Yes,0.1622,Low
15638487,Germany,Male,38,2,136858.42,1,No,Yes,189143.94,No,0.1622,Low
15730038,France,Female,23,5,0,1,No,No,164128.41,Yes,0.1618,Low
15620123,France,Male,39,6,111169.91,1,No,No,9641.4,No,0.1618,Low
15595447,Spain,Male,39,8,118201.41,1,Yes,No,23315.59,No,0.1618,Low
15665790,Germany,Male,39,7,108055.1,2,Yes,No,27231.26,No,0.1617,Low
15745844,Germany,Female,40,6,129502.49,2,No,Yes,86099.23,Yes,0.1617,Low
15615020,Germany,Female,41,9,150463.11,2,No,Yes,81548.38,No,0.1617,Low
15670859,Germany,Female,39,7,93148.74,2,Yes,Yes,190746.38,No,0.1617,Low
15566633,Germany,Male,55,8,155059.1,2,Yes,Yes,144584.29,No,0.1617,Low
15778149,Spain,Male,68,9,0,2,Yes,No,110440.5,Yes,0.1617,Low
15664752,Germany,Male,39,8,136000.45,2,Yes,No,31708.53,No,0.1617,Low
15814465,France,Male,24,1,182705.05,1,Yes,Yes,171837.06,No,0.1616,Low
15708710,Spain,Female,37,0,0,1,No,Yes,131521.72,No,0.1614,Low
15813645,France,Female,36,0,53369.13,1,Yes,Yes,103934.12,No,0.1614,Low
15592300,Spain,Male,35,10,59408.63,1,Yes,No,76773.53,No,0.1613,Low
15627305,Spain,Male,35,7,0,1,Yes,No,106837.06,Yes,0.1613,Low
15719348,France,Male,35,8,0,1,Yes,No,76640.29,Yes,0.1613,Low
15700854,Spain,Male,35,8,0,1,Yes,No,100015.79,Yes,0.1613,Low
15600710,France,Male,22,0,0,1,Yes,No,32589.45,No,0.1613,Low
15690796,France,Male,37,8,0,1,Yes,No,101834.58,No,0.1613,Low
15637678,France,Male,35,5,0,1,Yes,No,155394.52,No,0.1613,Low
15795186,France,Male,38,5,0,1,Yes,No,115700.2,No,0.1613,Low
15691792,Spain,Male,35,8,0,1,No,No,119712.78,No,0.1613,Low
15723217,France,Male,37,9,0,1,Yes,No,111312.96,No,0.1613,Low
15670080,Germany,Female,29,7,105204.01,1,No,Yes,138490.03,No,0.1611,Low
15700964,Germany,Female,27,7,104848.68,1,Yes,Yes,167387.36,No,0.1611,Low
15579526,France,Male,42,1,50194.59,1,Yes,Yes,23399.58,No,0.1609,Low
15672467,France,Female,52,7,92510.9,2,No,Yes,66193.61,No,0.1609,Low
15641250,Spain,Male,38,9,179581.31,1,Yes,No,23596.24,No,0.1608,Low
15657829,Germany,Male,30,8,168078.83,1,Yes,No,85028.36,Yes,0.1608,Low
15749265,Germany,Male,42,1,75681.52,1,Yes,Yes,57098,No,0.1608,Low
15651943,Spain,Female,65,1,0,2,No,Yes,103182.46,No,0.1607,Low
15684461,Spain,Female,31,6,0,1,Yes,No,146213.75,Yes,0.1606,Low
15736271,France,Female,29,9,0,1,Yes,No,190035.83,No,0.1606,Low
15777873,France,Female,31,5,0,1,No,No,147963.07,Yes,0.1606,Low
15750181,Germany,Male,41,9,110112.54,2,No,No,81898.81,No,0.1604,Low
15705515,Germany,Male,40,5,138241.9,2,Yes,No,159418.1,No,0.1604,Low
15631189,Germany,Male,38,9,67111.65,1,Yes,No,78566.64,Yes,0.1604,Low
15737521,Germany,Male,40,9,103604.31,2,No,No,140947.05,No,0.1604,Low
15728709,Germany,Male,40,7,106901.42,2,No,No,118045.98,No,0.1604,Low
15600734,Spain,Male,51,5,174397.21,2,Yes,Yes,172372.63,No,0.1603,Low
15658548,Germany,Female,36,6,144773.29,2,Yes,No,53217.3,No,0.1602,Low
15657565,Spain,Female,44,6,125512.98,2,No,No,79082.76,No,0.1601,Low
15680597,Germany,Male,38,1,138515.02,1,Yes,Yes,171768.76,No,0.1601,Low
15658240,France,Female,44,9,135814.7,2,No,No,115091.38,No,0.1601,Low
15763093,Germany,Female,35,7,128369.75,2,Yes,No,198256.15,No,0.16,Low
15764618,Spain,Female,39,6,0,1,Yes,Yes,85167.88,No,0.1599,Low
15694349,Spain,Male,44,7,0,1,No,Yes,6923.11,No,0.1599,Low
15795737,Spain,Female,47,3,72664,2,Yes,Yes,107874.39,No,0.1599,Low
15737605,Spain,Female,45,1,126495.57,2,Yes,Yes,164741.5,No,0.1598,Low
15795640,Germany,Female,35,1,132371.3,2,No,No,186123.57,No,0.1598,Low
15688059,Germany,Female,42,9,105356.09,2,Yes,Yes,130489.37,No,0.1598,Low
15565779,Germany,Female,30,6,57809.32,1,Yes,No,188258.49,No,0.1597,Low
15628170,Germany,Female,32,9,68067.24,1,Yes,No,143287.58,No,0.1597,Low
15633877,Spain,Female,42,8,95386.82,1,Yes,Yes,75732.25,No,0.1596,Low
15815552,France,Female,42,6,112333.63,1,Yes,Yes,65706.86,No,0.1596,Low
15810898,France,Female,65,2,151659.52,2,No,Yes,6930.17,No,0.1596,Low
15771509,Germany,Female,42,1,98548.62,2,No,Yes,94047.75,No,0.1595,Low
15779659,France,Female,28,3,0,1,No,No,183646.41,No,0.1594,Low
15622532,France,Female,47,0,126589.12,2,No,Yes,132730.07,Yes,0.1593,Low
15729362,France,Male,36,8,67226.37,1,Yes,No,130789.6,No,0.1592,Low
15650575,Spain,Female,59,6,0,2,Yes,Yes,160849.43,Yes,0.1592,Low
15678374,France,Female,59,5,0,2,Yes,Yes,185123.09,No,0.1592,Low
15770121,France,Female,34,9,0,1,Yes,No,24255.21,No,0.1592,Low
15683339,Spain,Female,34,6,59877.33,1,Yes,No,14032.62,Yes,0.1592,Low
15624677,Germany,Female,37,3,122304.65,2,No,No,33998.7,No,0.159,Low
15646091,Spain,Female,43,4,95140.44,2,Yes,No,123181.44,Yes,0.1589,Low
15569807,France,Female,34,8,42157.08,1,Yes,No,20598.59,Yes,0.1588,Low
15747724,Spain,Female,34,10,0,1,Yes,No,23235.38,No,0.1588,Low
15771997,France,Female,31,10,75499.24,1,Yes,No,22184.14,No,0.1588,Low
15735400,France,Male,28,8,179960.2,1,Yes,No,89938.08,No,0.1586,Low
15727350,France,Female,37,8,113143.12,1,No,No,3363.36,No,0.1586,Low
15689594,France,Male,29,5,179539.2,1,No,No,112010.02,No,0.1586,Low
15661036,France,Male,46,6,0,2,Yes,No,161767.38,No,0.1585,Low
15697095,Spain,Male,46,7,0,2,Yes,No,117273.35,No,0.1585,Low
15695356,France,Male,46,5,0,2,Yes,No,179908.71,No,0.1585,Low
15631222,France,Female,39,2,75339.64,1,Yes,Yes,70665.16,No,0.1585,Low
15668594,Germany,Female,25,1,137712.01,1,Yes,Yes,76197.05,No,0.1584,Low
15656592,Germany,Male,48,8,169023.33,2,Yes,Yes,175657.55,No,0.1584,Low
15640855,Germany,Male,40,5,113574.61,2,Yes,No,103396.08,No,0.1584,Low
15669987,Germany,Female,35,8,125884.95,2,Yes,No,54359.02,Yes,0.1582,Low
15698335,France,Female,73,8,0,1,Yes,Yes,34595.58,No,0.1581,Low
15758362,France,Female,41,9,152243.57,1,Yes,Yes,88783.59,No,0.158,Low
15790809,Spain,Male,40,7,74896.92,1,Yes,No,198694.2,No,0.1578,Low
15728885,France,Male,41,0,0,1,Yes,Yes,79888.78,No,0.1578,Low
15794122,France,Female,59,3,0,2,Yes,Yes,62700.08,No,0.1577,Low
15603481,Spain,Female,55,4,0,2,Yes,Yes,58442.25,No,0.1577,Low
15768072,Spain,Female,33,2,0,1,No,No,27557.18,Yes,0.1576,Low
15757811,Spain,Female,69,9,137453.43,1,No,Yes,110932.24,Yes,0.1575,Low
15616088,France,Female,70,7,97072.42,1,No,Yes,131177.22,No,0.1575,Low
15597239,Spain,Male,39,7,131468.44,1,Yes,No,164975.82,No,0.1574,Low
15640258,France,Female,50,6,94238.75,2,Yes,Yes,50664.07,Yes,0.1574,Low
15771966,France,Male,39,8,146200.01,1,Yes,No,177944.64,No,0.1574,Low
15764226,Germany,Female,28,8,106425.75,1,Yes,Yes,20344.84,No,0.1574,Low
15611759,Spain,Female,57,8,126776.3,2,Yes,Yes,132298.49,No,0.1573,Low
15730460,France,Male,37,2,0,1,No,No,120906.83,No,0.1573,Low
15806837,France,Male,37,4,0,1,Yes,No,132540.33,No,0.1573,Low
15775886,France,Male,36,3,0,1,Yes,No,140754.19,Yes,0.1573,Low
15597739,France,Male,37,3,0,1,Yes,No,158049.9,No,0.1573,Low
15713578,France,Female,50,9,0,2,Yes,Yes,111020.24,No,0.1571,Low
15756333,France,Female,55,7,0,2,Yes,Yes,101515.76,No,0.1571,Low
15802466,France,Female,53,7,0,2,Yes,Yes,80619.17,No,0.1571,Low
15675963,France,Female,57,9,0,2,Yes,Yes,107712.42,No,0.1571,Low
15618446,France,Female,50,8,0,2,Yes,Yes,57802.62,No,0.1571,Low
15692207,France,Female,53,6,0,2,Yes,Yes,124218.27,No,0.1571,Low
15590241,Spain,Female,34,9,112822.26,1,No,No,150401.53,Yes,0.157,Low
15584091,Germany,Female,36,2,129748.54,2,No,No,47271.61,Yes,0.157,Low
15757632,France,Female,41,1,176024.05,2,Yes,No,182337.98,No,0.157,Low
15642041,Germany,Male,40,1,93051.64,2,Yes,No,71865.31,Yes,0.1569,Low
15756539,Germany,Female,39,7,165610.41,2,No,No,131852.01,No,0.1569,Low
15720702,France,Male,37,3,0,1,Yes,No,121883.87,Yes,0.1569,Low
15621834,Spain,Female,43,0,0,2,Yes,No,59475.35,No,0.1569,Low
15697606,France,Female,21,10,125712.2,1,No,No,175072.47,No,0.1569,Low
15775572,Germany,Female,42,6,88324.31,2,Yes,No,75248.75,No,0.1568,Low
15596414,Spain,Male,41,8,107525.07,1,Yes,No,18510.41,No,0.1568,Low
15583371,Spain,Male,37,1,138207.08,1,Yes,No,60778.11,Yes,0.1567,Low
15699634,France,Female,48,2,0,2,Yes,Yes,148608.39,No,0.1565,Low
15795933,France,Female,49,3,0,2,Yes,Yes,187811.71,No,0.1565,Low
15730394,France,Female,43,8,0,2,No,No,168035.62,Yes,0.1564,Low
15731026,Germany,Female,39,2,100062.16,2,Yes,No,109201.43,No,0.1563,Low
15679651,Spain,Female,37,1,136689.66,1,Yes,No,197890.65,No,0.1561,Low
15607312,Spain,Female,49,10,0,2,Yes,Yes,159835.78,Yes,0.156,Low
15811314,Germany,Female,36,9,140355.56,2,Yes,No,136329.96,No,0.156,Low
15641662,Germany,Male,39,5,117469.91,2,No,No,63705.9,No,0.156,Low
15709252,Germany,Female,28,10,105173.99,1,No,Yes,29835.37,Yes,0.156,Low
15607133,Spain,Female,49,1,110864.38,2,Yes,Yes,124532.9,Yes,0.1559,Low
15589210,France,Female,24,4,0,1,No,No,20515.72,No,0.1559,Low
15586993,Spain,Female,56,5,0,2,Yes,Yes,41782.7,No,0.1558,Low
15655298,Spain,Female,54,5,0,2,No,Yes,47139.06,No,0.1558,Low
15607746,France,Female,36,1,0,1,Yes,Yes,56905.38,No,0.1558,Low
15767064,Spain,Female,36,1,44054.84,1,Yes,Yes,73329.08,No,0.1558,Low
15681476,France,Female,39,1,73493.17,1,No,Yes,109626.13,Yes,0.1558,Low
15679968,France,Male,40,5,118788.57,1,Yes,No,192867.4,No,0.1556,Low
15640106,France,Male,40,7,124339.9,1,No,No,193309.58,No,0.1556,Low
15768359,France,Male,36,4,120037.96,1,Yes,No,36275.94,No,0.1555,Low
15641575,France,Male,37,2,127261.35,1,Yes,No,56185.05,No,0.1555,Low
15726774,France,Male,35,3,106250.72,1,No,No,39546.32,No,0.1555,Low
15712777,France,Male,38,4,124976.19,1,Yes,No,35848.12,No,0.1555,Low
15696141,Spain,Female,31,7,0,1,Yes,No,47018.75,No,0.1555,Low
15787693,Spain,Male,38,3,145874.35,1,Yes,No,56311.39,Yes,0.1555,Low
15705343,Spain,Female,32,7,0,1,Yes,No,28797.32,No,0.1555,Low
15566495,Spain,Female,24,2,0,1,Yes,No,35600.25,Yes,0.1555,Low
15670427,Spain,Male,37,4,155187.3,1,Yes,No,48930.8,No,0.1555,Low
15740602,Germany,Female,27,4,111568.01,1,No,Yes,22026.18,No,0.1554,Low
15766776,France,Male,41,1,0,1,Yes,Yes,188274.6,No,0.1553,Low
15687270,Spain,Female,61,8,0,2,No,Yes,139861.53,No,0.1553,Low
15680243,France,Male,19,7,143390.51,1,Yes,No,33282.84,No,0.1552,Low
15583076,Germany,Male,41,6,106116.56,2,Yes,No,198766.61,No,0.1552,Low
15703544,Spain,Male,34,0,0,1,Yes,No,182988.94,No,0.1551,Low
15690231,Spain,Female,62,0,167026.61,2,Yes,Yes,192892.05,No,0.155,Low
15715208,Germany,Female,33,10,138335.96,1,Yes,Yes,80483.76,No,0.1548,Low
15624793,Germany,Male,23,5,184244.86,1,Yes,No,103099.22,No,0.1546,Low
15574795,France,Female,38,2,63093.01,1,Yes,Yes,47089.72,No,0.1546,Low
15791172,Germany,Female,21,1,35741.69,1,Yes,No,28789.94,No,0.1546,Low
15661591,Germany,Male,39,1,130969.77,2,Yes,Yes,158891.79,No,0.1545,Low
15728043,Germany,Female,37,7,138503.51,2,Yes,No,57215.85,No,0.1545,Low
15573309,Spain,Female,48,2,0,2,Yes,Yes,95794.98,No,0.1544,Low
15619674,France,Female,35,4,108306.44,1,Yes,Yes,192486.24,No,0.1544,Low
15613141,France,Female,41,3,135756.96,1,Yes,Yes,103706.41,No,0.1543,Low
15609319,France,Female,41,3,145754.91,1,Yes,Yes,101455.07,No,0.1543,Low
15698285,France,Female,41,4,101457.14,1,Yes,Yes,79101.67,No,0.1543,Low
15665634,France,Female,38,7,59568.57,1,Yes,Yes,167723.25,No,0.1543,Low
15680998,France,Male,44,5,0,1,Yes,Yes,117356.14,No,0.1542,Low
15630328,France,Female,48,8,130796.33,2,Yes,Yes,43250.3,No,0.1542,Low
15699524,France,Female,30,3,0,1,Yes,No,193984.6,No,0.1542,Low
15774133,France,Female,35,8,178032.53,1,No,Yes,42181.68,No,0.154,Low
15744843,Spain,Female,34,6,144855.34,1,No,No,196555.32,No,0.1538,Low
15674950,Germany,Male,39,4,142406.43,2,Yes,No,146637.45,No,0.1537,Low
15603582,Spain,Female,34,3,0,1,Yes,No,133997.53,No,0.1536,Low
15609704,France,Female,33,4,0,1,Yes,No,79304.38,Yes,0.1536,Low
15657603,France,Female,35,6,81684.97,1,Yes,No,824,No,0.1535,Low
15617136,Germany,Female,38,9,61482.47,1,Yes,Yes,167538.66,No,0.1534,Low
15586069,France,Female,30,0,108883.29,1,Yes,No,27914.95,No,0.1534,Low
15651144,Germany,Female,35,2,150561.03,2,No,No,64722.61,No,0.1533,Low
15736816,Germany,Male,36,2,136815.64,1,Yes,Yes,170041.95,No,0.1532,Low
15695679,Spain,Male,39,2,104349.45,1,No,No,79503.05,No,0.15310000000000001,Low
15779743,France,Female,44,7,0,2,Yes,No,29761.29,No,0.15310000000000001,Low
15701176,France,Male,26,5,141462.13,1,Yes,No,440.2,No,0.15310000000000001,Low
15623450,Germany,Female,27,7,135842.89,1,Yes,Yes,101418.05,No,0.153,Low
15619494,Germany,Female,31,9,117153,1,Yes,Yes,108675.01,No,0.153,Low
15588560,Germany,Female,32,8,145330.43,1,Yes,Yes,132038.65,No,0.153,Low
15727499,Germany,Female,36,3,129118.5,2,No,No,139435.12,No,0.1529,Low
15642934,Germany,Female,35,4,108269.2,2,Yes,No,174969.92,No,0.1529,Low
15737748,Spain,Female,33,3,151233.62,1,No,No,199336.63,No,0.1526,Low
15571917,Germany,Female,38,5,137657.71,2,Yes,No,72985.61,No,0.1525,Low
15585855,France,Male,40,1,0,1,Yes,Yes,16897.19,No,0.1524,Low
15745295,Spain,Female,31,0,0,1,Yes,No,121751.04,Yes,0.1523,Low
15754940,Spain,Male,43,2,85162.26,1,No,Yes,5104.08,Yes,0.1522,Low
15658813,France,Female,55,7,0,2,Yes,Yes,18369.33,No,0.1521,Low
15572408,Germany,Male,39,3,149887.49,2,Yes,No,63846.36,No,0.1521,Low
15743016,Spain,Female,22,7,141604.76,1,Yes,No,30379.6,No,0.1519,Low
15798659,Spain,Female,43,3,0,2,Yes,No,31705.19,No,0.1519,Low
15758073,France,Female,20,7,134397.61,1,No,No,28029.54,No,0.1519,Low
15791006,Germany,Female,34,6,58003.41,1,Yes,No,90346.1,No,0.1519,Low
15613854,Spain,Female,46,4,107073.27,2,Yes,Yes,30984.59,Yes,0.1517,Low
15677512,Spain,Female,22,3,0,1,Yes,No,85426.28,No,0.1515,Low
15735203,Germany,Female,32,1,114510.85,1,Yes,Yes,126143.23,No,0.1515,Low
15604073,Germany,Female,25,8,135161.67,1,Yes,Yes,136071.05,No,0.1515,Low
15578825,France,Female,29,0,139994.66,1,Yes,No,17744.72,No,0.1515,Low
15576928,France,Female,23,2,0,1,Yes,No,122964.18,No,0.1515,Low
15683625,France,Male,37,1,149762.08,1,Yes,No,20629.4,Yes,0.1513,Low
15682533,France,Female,39,7,79259.99,1,No,Yes,186910.74,No,0.1513,Low
15659175,France,Female,43,9,0,2,Yes,No,18066.69,No,0.1511,Low
15800268,Germany,Male,37,6,118050.79,1,No,Yes,52301.15,No,0.1511,Low
15676091,France,Male,42,7,0,1,Yes,Yes,56650.47,No,0.1511,Low
15652266,Germany,Male,42,9,63227,1,No,Yes,137316.32,No,0.151,Low
15631339,France,Male,28,4,0,1,Yes,No,174435.48,No,0.151,Low
15583049,Germany,Female,34,7,160426.07,1,No,Yes,188533.11,No,0.1509,Low
15595162,Spain,Female,35,8,122570.69,1,No,No,199005.88,No,0.1509,Low
15760861,France,Male,43,1,125211.92,1,Yes,Yes,113410.49,No,0.1508,Low
15663917,France,Male,43,1,92350.36,1,No,Yes,80262.91,No,0.1508,Low
15733872,Germany,Female,33,10,130229.71,2,No,No,54019.93,Yes,0.1508,Low
15702138,France,Female,22,3,156834.34,1,No,No,44374.44,No,0.1507,Low
15770424,Germany,Male,40,7,95710.11,2,Yes,No,49063.42,No,0.1506,Low
15617705,France,Female,39,8,141675.23,1,No,Yes,175664.25,No,0.1505,Low
15589666,France,Female,39,9,136422.41,1,Yes,Yes,151757.81,No,0.1505,Low
15706593,Spain,Female,50,10,0,2,Yes,Yes,33741.84,No,0.1503,Low
15595036,Germany,Male,30,7,92847.59,1,Yes,No,146154.06,No,0.1503,Low
15759021,France,Male,35,9,0,1,Yes,No,167033.83,No,0.1502,Low
15575214,France,Male,37,7,0,1,Yes,No,159486.76,No,0.1502,Low
15664539,Spain,Male,35,9,61172.04,1,No,No,82951.12,No,0.1502,Low
15664615,Germany,Female,30,5,136650.89,1,Yes,Yes,41865.72,Yes,0.1501,Low
15808971,Spain,Female,57,9,0,2,Yes,Yes,135502.77,No,0.1501,Low
15605918,Germany,Male,43,5,78992.75,2,No,No,153265.31,No,0.15,Low
15769169,France,Male,41,7,0,1,No,Yes,28667.56,No,0.15,Low
15711834,Spain,Female,30,6,0,1,No,No,67997.13,Yes,0.15,Low
15705663,Germany,Female,39,5,144550.83,2,Yes,Yes,189664.43,No,0.15,Low
15789557,Germany,Female,27,7,129810.6,1,Yes,Yes,59259.44,No,0.15,Low
15669741,France,Male,36,7,0,1,Yes,No,106472.34,No,0.1498,Low
15781586,Germany,Male,38,2,126732.85,1,Yes,Yes,79577.38,No,0.1497,Low
15770406,Germany,Male,35,9,121355.19,1,No,Yes,35671.45,No,0.1497,Low
15661412,France,Male,32,8,175307.32,1,Yes,No,187051.23,No,0.1496,Low
15665695,France,Female,49,4,0,2,Yes,Yes,23631.55,No,0.1495,Low
15681843,Germany,Female,35,0,180303.24,2,Yes,No,163587.9,No,0.1493,Low
15586870,France,Male,27,4,193125.85,1,Yes,Yes,152665.85,No,0.1493,Low
15612633,Spain,Male,43,9,78022.61,1,No,Yes,30662.91,No,0.1493,Low
15721024,France,Male,26,0,0,1,No,No,47472.68,No,0.1492,Low
15790564,Germany,Female,40,9,107648.94,2,Yes,Yes,134638.97,No,0.1492,Low
15591550,Spain,Male,36,3,77910.23,1,Yes,No,67238.01,No,0.1492,Low
15720706,Spain,Female,39,2,82766.43,1,Yes,Yes,122925.44,No,0.1491,Low
15797595,France,Female,40,9,131569.63,1,Yes,Yes,103970.58,No,0.149,Low
15589296,France,Female,40,6,110054.45,1,Yes,Yes,86950.72,No,0.149,Low
15809309,Spain,Female,40,5,154251.67,1,No,Yes,118319.5,No,0.149,Low
15769586,France,Female,49,1,0,2,Yes,Yes,119087.25,No,0.1489,Low
15580872,Germany,Female,38,1,120530.13,2,Yes,No,109394.62,No,0.1488,Low
15583137,France,Female,48,7,130806.99,2,Yes,Yes,132005.85,Yes,0.1487,Low
15633461,Germany,Male,38,5,130170.82,1,Yes,Yes,149599.62,No,0.1486,Low
15772262,Germany,Male,37,9,110483.86,1,Yes,Yes,127394.67,No,0.1486,Low
15662151,France,Male,40,4,0,1,No,Yes,168780.04,No,0.1486,Low
15634936,France,Male,41,7,179904,1,Yes,Yes,137180.95,No,0.1486,Low
15692918,Germany,Male,36,10,113546.3,1,Yes,Yes,134875.37,No,0.1486,Low
15576706,Germany,Male,37,9,114453.58,1,No,Yes,175820.91,No,0.1486,Low
15583680,Spain,Male,41,4,0,1,No,Yes,149278.96,No,0.1486,Low
15790750,Germany,Male,36,10,123187.51,1,No,Yes,146111.35,No,0.1486,Low
15701555,Spain,Male,53,1,84903.33,2,No,Yes,26015.8,No,0.1485,Low
15728456,France,Male,33,3,0,1,Yes,No,42171.13,Yes,0.1485,Low
15686463,France,Male,38,7,141074.59,1,Yes,No,52795.56,Yes,0.1485,Low
15780056,Spain,Male,33,4,0,1,Yes,No,29664.45,No,0.1485,Low
15587712,France,Male,36,8,114435.47,1,Yes,No,26955.72,No,0.1485,Low
15665759,France,Female,69,5,117866.92,1,Yes,Yes,62280.91,No,0.1485,Low
15578374,Spain,Male,36,7,169312.72,1,Yes,No,45414.09,No,0.1485,Low
15686963,Spain,Female,30,3,0,1,Yes,No,160131.58,No,0.1484,Low
15723373,Spain,Female,34,8,117451.47,1,Yes,No,65374.86,No,0.1484,Low
15651075,Germany,Male,35,3,142296.13,1,No,Yes,177112.7,No,0.1484,Low
15590097,Spain,Female,33,7,136082,1,Yes,No,62746.54,No,0.1484,Low
15710687,France,Female,33,0,95927.04,1,Yes,No,199478.05,No,0.1484,Low
15749177,Spain,Female,52,7,0,2,No,Yes,122398.84,No,0.1483,Low
15571476,Spain,Male,38,0,103257.14,1,No,No,158344.63,No,0.1483,Low
15766205,Germany,Male,38,2,103391.38,1,No,Yes,90878.13,No,0.1482,Low
15811290,Germany,Male,44,0,129974.79,2,Yes,Yes,33391.38,No,0.1482,Low
15615477,Spain,Female,44,1,0,2,No,No,14161.3,No,0.1481,Low
15800524,Germany,Male,29,3,185379.02,1,Yes,No,64679.07,No,0.1481,Low
15742971,France,Female,44,2,161887.81,2,Yes,No,84870.23,No,0.148,Low
15656454,France,Male,37,6,83568.55,1,Yes,No,47046.72,No,0.1478,Low
15757981,France,Male,66,8,0,1,Yes,Yes,163331.65,No,0.1478,Low
15685243,France,Female,63,10,0,2,No,Yes,502.7,No,0.1477,Low
15697129,Spain,Female,43,1,0,2,Yes,No,31962.77,No,0.1477,Low
15751943,Spain,Female,43,5,0,2,No,No,79476.63,No,0.1476,Low
15662488,France,Female,44,5,0,2,Yes,No,82969.61,Yes,0.1476,Low
15594515,France,Female,44,7,0,2,No,No,62370.67,Yes,0.1476,Low
15792232,Spain,Female,43,5,0,2,No,No,105149.8,No,0.1476,Low
15701109,France,Female,37,7,0,1,Yes,Yes,185210.63,No,0.1475,Low
15773776,France,Female,38,6,0,1,Yes,Yes,188639.28,No,0.1475,Low
15629448,Spain,Male,38,1,120599.21,1,Yes,No,92816.86,No,0.1474,Low
15655339,France,Male,36,1,142120.91,1,Yes,No,79616.37,No,0.1474,Low
15724620,France,Male,37,1,134752.08,1,Yes,No,162511.55,No,0.1474,Low
15642787,France,Male,37,1,133043.66,1,No,No,111243.09,No,0.1474,Low
15694890,France,Male,38,1,124271.26,1,Yes,No,75969.19,No,0.1474,Low
15784687,France,Male,36,1,126477.42,1,No,No,179718.17,No,0.1474,Low
15797787,France,Male,36,1,118311.76,1,Yes,No,146134.68,No,0.1474,Low
15793135,Germany,Female,24,7,147687.24,1,Yes,Yes,121592.5,No,0.1474,Low
15718769,Spain,Male,36,1,113110.26,1,Yes,No,98413.1,No,0.1474,Low
15656333,France,Female,33,3,134348.57,1,Yes,No,63163.99,No,0.1473,Low
15598070,France,Female,33,4,135946.26,1,Yes,No,63170,No,0.1473,Low
15754494,France,Female,33,4,152805.05,1,Yes,No,63239.65,No,0.1473,Low
15605804,France,Male,45,10,0,2,Yes,No,1364.54,No,0.1473,Low
15687477,Germany,Male,28,5,185013.02,1,Yes,No,16481.12,No,0.147,Low
15715541,France,Female,42,9,113311.11,1,Yes,Yes,198193.75,No,0.147,Low
15652883,Germany,Male,39,10,124576.65,2,Yes,No,148584.61,No,0.1468,Low
15747649,Germany,Female,36,0,126606.63,2,Yes,Yes,172363.52,No,0.1468,Low
15698522,Germany,Male,39,9,134599.33,2,Yes,No,183095.87,No,0.1468,Low
15742009,Spain,Male,58,4,0,2,Yes,Yes,191419.32,No,0.1467,Low
15697042,Spain,Male,35,8,127290.61,1,Yes,No,16081.62,No,0.1466,Low
15580203,Spain,Male,39,6,120193.42,1,No,No,100130.95,No,0.1465,Low
15790324,France,Female,20,6,167685.56,1,Yes,No,57929.9,No,0.1465,Low
15685096,France,Female,50,4,0,2,Yes,Yes,861.4,No,0.1465,Low
15716082,Spain,Male,39,6,152685.4,1,No,No,183656.12,No,0.1465,Low
15585192,Spain,Male,39,10,136258.06,1,No,No,89199.51,No,0.1465,Low
15705174,Germany,Male,68,7,153545.11,1,Yes,Yes,186574.68,No,0.1465,Low
15721730,Spain,Female,44,4,0,2,Yes,No,58561.31,No,0.1464,Low
15705281,Spain,Male,38,9,0,1,Yes,No,78744.39,No,0.1464,Low
15807524,France,Female,44,4,0,2,No,No,134394.78,No,0.1464,Low
15580213,France,Female,43,2,0,2,Yes,No,89402.54,No,0.1464,Low
15802071,Germany,Male,35,1,117458.51,1,No,Yes,178361.48,Yes,0.1463,Low
15658987,France,Female,46,4,96173.17,2,Yes,Yes,116378.31,No,0.1463,Low
15800961,Germany,Male,52,1,76101.81,2,No,Yes,177238.35,No,0.1463,Low
15686164,Germany,Female,31,1,108822.4,1,Yes,Yes,132173.31,No,0.1461,Low
15802809,Spain,Female,36,0,84438.57,1,Yes,Yes,181449.51,No,0.1461,Low
15809515,Germany,Male,32,1,151922.94,1,Yes,No,8877.06,No,0.146,Low
15574169,Germany,Female,32,0,92466.21,1,Yes,No,4721.3,No,0.146,Low
15583718,Germany,Male,38,6,142316.14,1,Yes,Yes,8018.49,No,0.1458,Low
15743828,France,Male,41,2,0,1,Yes,Yes,56850.92,Yes,0.1458,Low
15754526,Germany,Male,36,6,147137.74,1,Yes,Yes,33687.9,No,0.1458,Low
15658675,Germany,Male,37,6,135795.63,1,No,Yes,46523.6,No,0.1458,Low
15667620,France,Female,43,6,0,2,Yes,No,65731.53,No,0.1457,Low
15609475,Spain,Female,39,7,98544.11,1,Yes,Yes,52327.57,No,0.1457,Low
15740557,France,Female,43,5,0,2,Yes,No,109881.71,No,0.1457,Low
15790658,Spain,Male,42,8,68683.68,1,Yes,Yes,74157.71,No,0.1457,Low
15756848,Spain,Male,42,10,0,1,No,Yes,79408.17,No,0.1457,Low
15710034,Germany,Male,43,1,135645.29,2,No,Yes,101382.86,Yes,0.1457,Low
15625247,France,Female,34,1,0,1,No,No,114448.13,No,0.1456,Low
15750765,Spain,Male,71,0,0,1,Yes,Yes,175380.77,No,0.1453,Low
15642912,France,Female,21,2,125682.79,1,No,No,57762,No,0.1453,Low
15811613,France,Female,27,8,0,1,Yes,No,20066.38,No,0.1451,Low
15582910,France,Male,38,4,112230.38,1,Yes,No,16717.11,Yes,0.1451,Low
15748481,France,Female,27,6,0,1,No,No,7819.76,No,0.1451,Low
15759034,France,Male,36,2,112262.84,1,Yes,No,12873.39,No,0.1451,Low
15778345,France,Female,33,1,74385.98,1,Yes,No,20164.47,No,0.1451,Low
15742511,France,Male,35,3,121030.9,1,Yes,No,10008.68,No,0.1451,Low
15586522,Spain,Male,37,2,130461.02,1,Yes,No,21967.15,No,0.1451,Low
15695492,France,Female,29,6,156569.43,1,Yes,No,180598.66,No,0.145,Low
15769272,France,Female,26,6,136214.08,1,No,No,159742.33,No,0.145,Low
15575691,France,Female,58,5,0,2,No,Yes,49848.86,No,0.145,Low
15796496,France,Female,31,8,137687.72,1,Yes,No,190067.12,No,0.145,Low
15721019,France,Female,24,3,110495.27,1,Yes,No,158615.41,No,0.145,Low
15730759,France,Female,27,9,135637,1,Yes,No,153080.4,Yes,0.145,Low
15575623,France,Female,31,10,110635.32,1,Yes,No,148218.86,No,0.145,Low
15758702,France,Female,55,8,0,2,Yes,Yes,14392.68,No,0.145,Low
15757385,Spain,Female,28,8,161592.76,1,Yes,No,177834.79,No,0.145,Low
15613326,France,Female,33,1,138162.81,1,Yes,No,85412.54,No,0.1448,Low
15591433,Germany,Male,43,8,85957.88,2,Yes,No,8757.39,No,0.1448,Low
15576156,Spain,Female,28,6,0,1,Yes,No,48426.98,No,0.1448,Low
15586523,Germany,Female,29,7,106230.92,1,Yes,Yes,69903.93,Yes,0.1448,Low
15753566,France,Female,32,3,63763.49,1,Yes,No,156593.09,No,0.1447,Low
15689152,Spain,Male,38,3,126152.84,1,No,No,15378.75,No,0.1447,Low
15723706,France,Female,33,0,90124.64,1,Yes,No,137476.71,No,0.1446,Low
15735632,France,Male,41,8,0,1,Yes,Yes,63736.17,No,0.1446,Low
15681180,France,Female,23,7,156123.73,1,Yes,No,72990.62,No,0.1446,Low
15777892,Germany,Male,37,3,107720.64,1,Yes,Yes,158591.12,No,0.1445,Low
15715532,Germany,Male,38,4,117633.28,1,No,Yes,88396.6,No,0.1445,Low
15690164,Germany,Female,33,4,83199.05,1,No,No,159334.93,No,0.1445,Low
15734999,Spain,Male,36,2,85996.19,1,Yes,No,15887.68,No,0.1444,Low
15597394,Spain,Male,34,0,0,1,No,No,99984.86,No,0.1444,Low
15608956,France,Male,33,1,0,1,No,No,41590.4,No,0.1444,Low
15567437,Germany,Female,30,7,123040.38,1,Yes,Yes,76503.06,No,0.1444,Low
15629885,France,Female,33,7,118004.26,1,Yes,No,183983.82,No,0.1443,Low
15601977,Spain,Male,44,2,121250.04,1,No,Yes,79691.4,No,0.1443,Low
15615457,Spain,Female,44,2,112652.08,2,Yes,No,126644.98,No,0.1442,Low
15637979,Germany,Female,36,2,127160.78,2,Yes,No,78140.75,No,0.1442,Low
15721835,Spain,Male,25,7,0,1,Yes,No,89666.28,No,0.1442,Low
15782456,France,Male,46,9,143267.14,2,No,No,193099.43,No,0.1442,Low
15773868,Germany,Female,37,3,125734.2,2,Yes,No,134625.09,Yes,0.1442,Low
15692977,Germany,Female,36,2,130700.92,2,No,No,77592.8,No,0.1442,Low
15677371,Spain,Female,30,2,34013.63,1,Yes,No,19570.63,No,0.144,Low
15578251,France,Male,37,2,186347.97,2,Yes,No,92809.73,No,0.144,Low
15738166,France,Female,39,10,86546.29,1,No,Yes,131768.98,No,0.144,Low
15703763,France,Male,44,7,85304.27,1,Yes,Yes,58076.52,No,0.144,Low
15624397,France,Male,43,8,71240.3,1,No,Yes,127734.16,No,0.144,Low
15587562,France,Female,29,4,130114.39,1,Yes,No,164017.89,No,0.1439,Low
15652693,France,Female,26,4,129109.02,1,No,No,149814.68,Yes,0.1439,Low
15582492,France,Female,29,2,112367.34,1,Yes,No,185630.76,No,0.1439,Low
15811177,France,Female,31,3,167949.48,1,Yes,No,143162.34,No,0.1439,Low
15684696,Spain,Female,26,3,116576.45,1,Yes,No,157567.37,No,0.1439,Low
15796612,France,Female,31,1,112203.25,1,Yes,No,182266.01,No,0.1439,Low
15773751,France,Female,29,1,132144.35,1,Yes,No,158086.33,No,0.1439,Low
15628205,Germany,Female,34,1,101736.66,1,No,Yes,195651.66,No,0.1438,Low
15768201,France,Female,39,2,148586.64,1,Yes,Yes,176791.27,No,0.1437,Low
15645095,France,Female,28,3,0,1,Yes,No,51536.99,No,0.1437,Low
15613319,France,Female,33,0,0,1,No,No,175544.02,No,0.1436,Low
15796114,France,Female,34,7,141525.55,1,No,No,9443.15,No,0.1436,Low
15601324,France,Female,48,1,0,2,Yes,Yes,87400.53,No,0.1436,Low
15624424,Spain,Female,49,1,0,2,Yes,Yes,102472.9,No,0.1436,Low
15682585,France,Male,35,9,114193.24,1,Yes,No,71154.1,No,0.1432,Low
15677173,France,Male,37,9,124969.13,1,Yes,No,60194.05,No,0.1432,Low
15733014,France,Female,62,10,64667.95,2,No,Yes,140454.14,No,0.1432,Low
15782630,France,Male,35,5,137482.19,1,No,No,62389.35,No,0.1432,Low
15721377,France,Female,34,3,144751.81,1,No,No,166472.81,No,0.1432,Low
15580560,France,Female,73,1,0,1,Yes,Yes,29792.11,No,0.1431,Low
15666767,France,Male,35,1,86893.28,1,No,No,59374.82,No,0.1431,Low
15589420,France,Female,40,2,101891.1,1,Yes,Yes,183044.86,No,0.1431,Low
15807245,Germany,Female,41,1,200117.76,2,Yes,No,94142.35,No,0.143,Low
15580914,Spain,Male,48,0,83287.05,2,No,Yes,44147.95,Yes,0.1426,Low
15788539,France,Female,34,3,107747.57,1,Yes,No,9249.36,No,0.1425,Low
15782181,Spain,Male,35,6,80285.16,1,Yes,No,72678.75,Yes,0.1425,Low
15655658,France,Female,48,2,0,2,Yes,Yes,32301.88,No,0.1425,Low
15742798,France,Female,22,7,150126.44,1,Yes,No,152107.93,Yes,0.1424,Low
15814040,France,Female,45,1,0,2,Yes,Yes,199657.46,No,0.1424,Low
15625047,France,Female,38,5,0,1,Yes,Yes,187616.16,No,0.1423,Low
15599591,Germany,Female,39,7,88477.36,2,Yes,No,58632.37,No,0.1423,Low
15581893,France,Male,43,1,130788.71,1,No,Yes,101495,Yes,0.1423,Low
15681126,Spain,Female,38,2,0,1,Yes,Yes,161888.63,No,0.1421,Low
15701605,France,Male,37,1,166115.42,1,Yes,No,67208.3,No,0.1421,Low
15639549,Germany,Female,33,4,70541.06,1,No,No,88592.8,No,0.1421,Low
15812518,Spain,Female,37,0,163607.18,1,No,Yes,44203.55,No,0.142,Low
15626983,Spain,Female,48,6,0,2,Yes,Yes,40062.99,No,0.142,Low
15639590,France,Female,30,3,141581.08,1,Yes,No,156249.06,No,0.142,Low
15704378,Germany,Male,37,9,121342.24,1,Yes,Yes,180241.44,No,0.142,Low
15651585,Germany,Male,35,2,117212.18,1,Yes,Yes,83052.03,No,0.1418,Low
15577970,France,Male,34,5,0,1,No,No,43540.59,No,0.1418,Low
15642022,Spain,Male,34,8,0,1,No,No,47972.65,No,0.1418,Low
15619029,Spain,Female,43,2,0,2,Yes,No,20670.1,No,0.1417,Low
15741416,France,Male,42,2,16893.59,1,Yes,Yes,77502.56,No,0.1416,Low
15641298,Germany,Male,42,9,93955.83,2,Yes,No,14828.54,No,0.1416,Low
15639530,Spain,Male,42,2,0,1,Yes,Yes,168294.27,No,0.1416,Low
15600103,Germany,Female,29,8,104944.1,1,Yes,Yes,97684.46,No,0.1415,Low
15771580,France,Female,38,0,106831.69,1,No,Yes,148977.72,No,0.1415,Low
15599084,France,Male,33,7,191523.09,1,Yes,Yes,167058.75,No,0.1415,Low
15649379,France,Female,46,3,0,2,Yes,Yes,187980.21,No,0.1415,Low
15653715,France,Female,63,7,0,2,Yes,Yes,56323.21,No,0.1414,Low
15701301,France,Female,42,3,175159.9,2,No,No,67124.48,Yes,0.1413,Low
15769645,France,Female,35,3,0,1,Yes,Yes,48108.72,No,0.1413,Low
15718454,Spain,Female,44,2,0,2,No,No,45738.94,No,0.1413,Low
15703205,France,Female,46,5,113402.14,2,Yes,Yes,138849.06,No,0.1412,Low
15652782,Germany,Male,48,2,101099.9,2,No,Yes,193476.04,No,0.1412,Low
15602280,Germany,Female,27,9,112045.67,1,Yes,Yes,119708.21,Yes,0.1411,Low
15752731,France,Female,30,9,0,1,Yes,No,87347.82,No,0.1411,Low
15812338,Spain,Female,30,7,0,1,Yes,No,107067.37,No,0.1411,Low
15624186,Germany,Female,25,5,123616.43,1,No,Yes,132959.33,No,0.1411,Low
15609083,France,Female,26,6,0,1,Yes,No,100200.4,Yes,0.1411,Low
15689044,France,Male,37,2,127609.59,1,Yes,No,98646.22,No,0.141,Low
15667871,Spain,Male,35,4,152390.26,1,Yes,No,128123.66,No,0.141,Low
15765520,Germany,Male,27,7,188614.07,1,Yes,No,171344.09,No,0.141,Low
15792660,France,Male,38,2,116248.88,1,Yes,No,105140.92,No,0.141,Low
15735687,Spain,Male,37,2,157084.99,1,Yes,No,134767.13,No,0.141,Low
15632826,France,Male,38,3,134006.77,1,Yes,No,89578.32,No,0.141,Low
15789055,Spain,Male,35,2,113635.16,1,Yes,No,90883.12,No,0.141,Low
15648766,Spain,Male,35,3,116969.35,1,No,No,94488.82,No,0.141,Low
15722692,France,Male,38,3,116439.65,1,Yes,No,75574.48,No,0.141,Low
15644856,Spain,Male,38,2,115463.16,1,Yes,No,150679.65,No,0.141,Low
15737414,France,Male,35,4,123761.68,1,Yes,No,83910.4,No,0.141,Low
15724443,Germany,Female,29,3,122084.63,1,No,Yes,82824.08,No,0.1409,Low
15742820,France,Female,45,2,0,2,No,Yes,170621.55,No,0.1409,Low
15586174,Germany,Female,30,4,116377.48,1,Yes,Yes,134417.31,No,0.1409,Low
15697844,Spain,Female,32,10,0,1,Yes,No,136119.96,Yes,0.1409,Low
15568904,Germany,Male,34,3,106288.54,1,Yes,Yes,36639.25,No,0.1409,Low
15810995,Germany,Male,34,3,122726.56,1,Yes,Yes,46772.36,No,0.1409,Low
15799435,Spain,Male,34,1,0,1,Yes,No,139919.38,No,0.1407,Low
15813741,Spain,Male,25,6,193858.2,1,No,Yes,21600.11,No,0.1406,Low
15727915,France,Male,36,4,83543.37,1,No,No,140134.43,No,0.1403,Low
15641009,France,Male,37,3,84496.71,1,No,No,79972.09,No,0.1403,Low
15723169,France,Female,31,9,138857.59,1,Yes,No,48640.77,No,0.1403,Low
15732943,Spain,Male,36,4,77967.5,1,Yes,No,167066.95,Yes,0.1403,Low
15631512,France,Female,26,8,149989.39,1,Yes,No,42330.58,No,0.1403,Low
15668032,France,Female,37,4,0,1,Yes,Yes,79881.39,No,0.1402,Low
15745107,Germany,Male,38,5,112281.7,1,No,Yes,89893.6,No,0.1402,Low
15630617,Germany,Male,36,6,140418.81,1,Yes,Yes,113033.73,Yes,0.1402,Low
15744919,Spain,Female,37,0,152760.24,1,Yes,Yes,48990.5,No,0.1402,Low
15690130,France,Female,32,8,137649.47,1,No,No,198714.29,No,0.1402,Low
15746802,France,Female,30,6,131286.46,1,Yes,No,194144.45,No,0.1402,Low
15791279,France,Male,40,5,169742.64,1,Yes,Yes,153537.55,Yes,0.1401,Low
15566091,Spain,Female,32,4,0,1,Yes,No,94739.2,No,0.14,Low
15690925,Spain,Female,29,2,27755.97,1,Yes,No,97468.44,Yes,0.14,Low
15629338,Spain,Female,31,2,36566.96,1,Yes,No,103644.98,Yes,0.14,Low
15757911,Spain,Female,32,2,0,1,No,No,131301.74,No,0.14,Low
15801125,France,Female,32,1,0,1,Yes,No,106851.7,No,0.14,Low
15606601,France,Female,22,6,186788.96,2,Yes,No,73286.8,No,0.14,Low
15613749,Spain,Male,34,0,151839.26,1,Yes,No,102299.81,Yes,0.1399,Low
15726088,France,Male,40,6,0,1,Yes,Yes,22735.45,No,0.1399,Low
15603914,France,Male,40,6,0,1,Yes,Yes,20339.79,Yes,0.1399,Low
15601589,France,Female,57,8,0,2,No,Yes,95463.29,No,0.1398,Low
15744279,Spain,Female,58,8,0,2,Yes,Yes,65708.5,No,0.1398,Low
15761158,France,Female,54,7,0,2,Yes,Yes,125041.52,No,0.1398,Low
15798385,Spain,Female,46,3,0,2,Yes,Yes,56408.14,No,0.1397,Low
15763898,Spain,Female,46,3,0,2,Yes,Yes,29372.62,No,0.1397,Low
15712903,France,Female,21,3,176511.08,1,Yes,Yes,153920.22,No,0.1397,Low
15583840,Germany,Male,35,5,121863.61,1,Yes,Yes,23481.69,Yes,0.1396,Low
15766166,Spain,Male,43,2,145081.72,1,Yes,Yes,23881.62,No,0.1396,Low
15784491,France,Female,31,6,0,1,No,No,61326.43,No,0.1396,Low
15695301,Spain,Male,44,4,113522.64,1,Yes,Yes,12405.2,No,0.1396,Low
15790599,Germany,Female,39,5,149363.12,2,Yes,Yes,109098.39,No,0.1396,Low
15571756,France,Female,28,5,0,1,Yes,No,59351.68,No,0.1396,Low
15663706,France,Female,32,2,0,1,Yes,No,136458.19,Yes,0.1395,Low
15780989,Spain,Male,43,2,145843.82,1,Yes,Yes,198402.37,Yes,0.1395,Low
15628963,Germany,Male,43,3,141859.12,2,Yes,Yes,111249.62,No,0.1394,Low
15629094,France,Female,36,1,156948.41,1,Yes,Yes,149912.28,Yes,0.1393,Low
15648225,Spain,Female,38,1,103895.31,1,No,Yes,159649.44,No,0.1393,Low
15782096,Spain,Female,36,6,0,1,Yes,Yes,12916.32,Yes,0.1393,Low
15583303,France,Female,29,2,152265.43,1,Yes,No,34004.44,No,0.1392,Low
15688251,France,Male,43,1,76408.85,2,Yes,No,77837.63,No,0.1392,Low
15685320,France,Male,36,3,139180.2,1,No,No,123880.19,No,0.1392,Low
15759991,Spain,Male,36,4,141573.55,1,Yes,No,82158.14,No,0.1392,Low
15569654,Germany,Female,31,3,51293.47,1,No,No,35534.68,No,0.1392,Low
15670552,France,Female,31,3,115141.18,1,Yes,No,39806.75,No,0.1392,Low
15567923,France,Female,30,6,0,1,No,No,122604.44,No,0.1392,Low
15622658,France,Female,26,2,144258.52,1,Yes,No,49778.79,No,0.1392,Low
15677783,Spain,Male,38,4,113607.47,1,Yes,No,91094.46,No,0.1392,Low
15665438,France,Male,43,1,163159.85,1,No,Yes,15602.8,No,0.1391,Low
15773260,France,Female,32,0,127763.24,1,Yes,No,100717.54,No,0.1391,Low
15813718,Spain,Male,45,4,0,2,No,No,193009.21,No,0.1391,Low
15665579,France,Female,28,0,142705.95,1,Yes,No,127233.39,No,0.1391,Low
15709447,France,Female,26,0,146286.22,1,Yes,No,105105.35,No,0.1391,Low
15790322,France,Female,32,0,114668.89,1,Yes,No,84605,No,0.1391,Low
15640268,Spain,Male,71,4,0,1,Yes,Yes,120107.1,No,0.1389,Low
15642655,Spain,Male,33,1,0,1,Yes,No,130726.96,No,0.1389,Low
15652999,Germany,Male,33,1,137937.95,1,Yes,Yes,51387.1,No,0.1389,Low
15652955,Spain,Male,30,0,0,1,Yes,No,35113.08,No,0.1388,Low
15754105,France,Male,37,5,106967.18,1,No,No,24495.03,No,0.1385,Low
15722364,France,Male,43,9,189026.53,2,Yes,Yes,56099.86,No,0.1385,Low
15708048,France,Female,34,4,124379.14,1,Yes,No,106892.91,No,0.1385,Low
15588923,France,Female,33,4,113743.37,1,Yes,No,124625.08,No,0.1385,Low
15656613,France,Female,34,3,131283.11,1,No,No,130500.65,No,0.1385,Low
15584580,France,Male,35,6,161111.45,1,No,No,13946.66,No,0.1385,Low
15634295,France,Male,35,1,96473.59,1,No,No,5962.3,No,0.1384,Low
15679075,France,Male,37,8,107798.85,1,Yes,No,16966.73,No,0.1382,Low
15775750,France,Male,37,9,134560.62,1,Yes,No,27596.39,No,0.1382,Low
15590676,France,Male,34,1,141796.43,1,Yes,No,45858.49,No,0.1382,Low
15810563,Spain,Female,61,8,0,2,Yes,Yes,159938.82,No,0.1382,Low
15670354,France,Female,62,6,0,2,Yes,Yes,136398.9,No,0.1381,Low
15663438,Spain,Male,36,0,89772.3,1,Yes,No,177383.68,Yes,0.138,Low
15649738,France,Female,46,0,0,2,Yes,Yes,125962.02,No,0.138,Low
15669064,Germany,Male,35,1,144848.74,1,Yes,Yes,179012.3,No,0.1379,Low
15662578,Germany,Male,35,1,110245.13,1,Yes,Yes,178291.09,No,0.1379,Low
15805112,France,Male,38,7,82259.29,1,Yes,No,8996.97,No,0.1378,Low
15629187,France,Male,38,8,85982.07,1,Yes,No,9238.35,No,0.1378,Low
15706269,France,Female,47,8,103894.38,2,Yes,Yes,107625.46,No,0.1378,Low
15674526,France,Male,66,4,86459.8,1,Yes,Yes,141476.56,No,0.1377,Low
15572093,France,Female,24,7,140453.91,1,Yes,No,129001.3,No,0.1377,Low
15724719,France,Female,22,7,139096.85,1,Yes,No,129890.94,No,0.1377,Low
15793317,Spain,Female,22,7,141287.15,1,Yes,No,118142.79,No,0.1377,Low
15669282,France,Female,20,10,124266.86,1,No,No,100566.81,No,0.1377,Low
15756538,France,Female,37,5,0,1,No,Yes,71492.28,No,0.1376,Low
15772421,Germany,Female,31,1,128927.93,1,Yes,Yes,2850.01,No,0.1376,Low
15620507,Germany,Female,30,5,156771.68,1,Yes,Yes,141148.21,No,0.1375,Low
15726631,France,Female,39,6,127357.76,1,No,Yes,56577,No,0.1374,Low
15736656,France,Female,49,4,0,2,No,Yes,89972.25,No,0.1374,Low
15666675,France,Female,39,7,155062.8,1,Yes,Yes,16460.77,No,0.1374,Low
15713370,Spain,Male,36,8,188241.05,2,No,No,183058.51,Yes,0.1374,Low
15798964,Germany,Male,33,3,35016.6,1,Yes,No,53667.08,No,0.1374,Low
15696373,France,Female,44,9,0,2,No,No,103042.2,Yes,0.1373,Low
15753550,France,Female,43,7,0,2,Yes,No,131093.99,No,0.1373,Low
15744979,France,Female,36,8,0,1,No,Yes,158666.99,No,0.1372,Low
15730447,France,Female,49,4,0,2,Yes,Yes,196335.48,No,0.1371,Low
15791114,France,Male,37,1,135179.49,1,Yes,No,160670.37,No,0.1371,Low
15602034,France,Female,34,2,126558.92,1,Yes,No,73334.43,No,0.137,Low
15716276,France,Female,34,2,111669.68,1,Yes,No,57029.66,No,0.137,Low
15686718,Germany,Male,37,9,115569.21,1,No,Yes,119782.89,No,0.137,Low
15671766,France,Male,44,10,118577.24,1,Yes,Yes,31448.52,No,0.1369,Low
15737354,France,Female,48,7,0,2,Yes,Yes,63708.07,No,0.1369,Low
15633729,France,Male,43,10,112751.13,1,Yes,Yes,28332,No,0.1369,Low
15730810,Spain,Male,44,9,100524.69,1,Yes,Yes,47298.95,No,0.1369,Low
15692599,France,Male,34,5,128270.56,1,Yes,No,191092.62,No,0.1368,Low
15791040,Spain,Male,58,1,79954.61,2,Yes,Yes,30484.19,No,0.1368,Low
15710257,France,Female,39,3,130786.92,1,No,Yes,121316.07,No,0.1367,Low
15806901,France,Female,39,2,112687.69,1,Yes,Yes,127749.61,No,0.1367,Low
15765311,Spain,Male,34,8,0,1,Yes,No,72085.1,No,0.1366,Low
15661433,France,Male,34,5,0,1,Yes,No,68479.6,No,0.1366,Low
15632344,France,Female,42,0,99045.93,2,Yes,No,47160.01,No,0.1365,Low
15734850,Spain,Male,36,1,82729.49,1,Yes,No,113810.12,No,0.1365,Low
15702430,France,Female,35,10,0,1,Yes,Yes,31299.71,No,0.1364,Low
15779627,Germany,Male,31,0,134644.19,1,Yes,Yes,70381.49,No,0.1364,Low
15646594,France,Male,41,5,57568.94,1,Yes,Yes,61128.29,No,0.1364,Low
15700424,France,Female,35,5,0,1,Yes,Yes,54209.02,No,0.1364,Low
15713374,Germany,Male,67,9,157094.78,1,Yes,Yes,99490.01,No,0.1363,Low
15660646,France,Male,35,3,156687.1,1,Yes,No,199320.77,No,0.1363,Low
15587066,France,Male,38,2,119272.29,1,No,No,195896.59,Yes,0.1363,Low
15709531,France,Male,38,2,114756.14,1,Yes,No,193214.05,No,0.1363,Low
15677117,France,Female,61,6,0,2,Yes,Yes,133672.61,No,0.1363,Low
15674254,Spain,Female,45,4,0,2,Yes,Yes,193412.05,No,0.1362,Low
15686964,France,Female,34,10,84944.58,1,No,No,146230.63,No,0.1362,Low
15685226,Germany,Female,29,7,147199.07,1,Yes,Yes,84932.4,No,0.1361,Low
15645511,Spain,Male,43,2,97403.18,1,Yes,Yes,107415.02,Yes,0.1361,Low
15654851,France,Male,44,2,92911.52,1,No,Yes,85495.24,No,0.1361,Low
15654156,Germany,Female,32,5,106807.64,1,Yes,Yes,76998.69,No,0.1361,Low
15665861,Spain,Male,44,3,106070.89,1,No,Yes,101617.43,No,0.1361,Low
15568469,France,Male,43,0,0,2,Yes,No,27862.58,No,0.1361,Low
15718247,Spain,Female,46,8,0,2,Yes,Yes,183717.94,No,0.136,Low
15777923,France,Female,45,6,0,2,No,Yes,151401.33,No,0.136,Low
15800890,France,Female,45,6,0,2,Yes,Yes,181204.5,No,0.136,Low
15723872,Spain,Female,46,10,0,2,No,Yes,168369.37,No,0.136,Low
15590876,France,Female,24,7,106234.02,1,No,No,115676.38,No,0.1359,Low
15610426,France,Female,39,5,81042.42,1,No,Yes,109805.17,No,0.1359,Low
15598266,France,Male,40,9,0,1,Yes,Yes,149602.54,No,0.1359,Low
15761783,France,Male,41,6,0,1,Yes,Yes,167621.18,No,0.1359,Low
15598485,Spain,Male,40,8,28649.64,1,Yes,Yes,95140.62,No,0.1359,Low
15687385,France,Male,41,5,0,1,Yes,Yes,74267.35,No,0.1359,Low
15806360,France,Male,41,6,0,1,No,Yes,112585.19,No,0.1359,Low
15581736,Germany,Male,47,1,183579.54,2,No,Yes,34047.54,No,0.1359,Low
15663939,Germany,Male,35,8,138782.76,1,Yes,Yes,186118.93,No,0.1357,Low
15758939,Germany,Male,35,7,127801.88,1,No,Yes,84239.46,No,0.1357,Low
15701074,Germany,Male,35,8,112330.83,1,Yes,Yes,91001.02,No,0.1357,Low
15764841,France,Female,35,0,130557.24,1,Yes,Yes,47880.71,No,0.1357,Low
15782569,France,Female,72,9,0,1,No,Yes,69829.4,No,0.1356,Low
15567506,Germany,Female,40,6,114940.67,2,Yes,Yes,194895.57,Yes,0.1356,Low
15606472,France,Female,38,5,0,1,Yes,Yes,87363.56,No,0.1354,Low
15600583,France,Male,31,1,0,1,Yes,No,48606.71,No,0.1353,Low
15645353,France,Male,26,1,0,1,Yes,No,29818.2,No,0.1353,Low
15712596,France,Male,31,4,0,1,Yes,No,25950.49,No,0.1353,Low
15777352,Spain,Female,32,7,169399.6,1,Yes,No,61936.22,No,0.1352,Low
15576945,France,Male,29,0,0,1,Yes,No,142516.35,No,0.1352,Low
15782659,France,Male,32,0,0,1,Yes,No,109523.88,No,0.1352,Low
15788215,Spain,Female,30,5,122924.75,1,No,No,62390.59,Yes,0.1352,Low
15579345,Germany,Female,74,0,161371.5,1,Yes,Yes,134869.93,No,0.1351,Low
15736578,France,Male,39,1,0,1,Yes,Yes,28184.7,No,0.135,Low
15726354,France,Female,32,6,123157.95,1,Yes,No,172531.23,No,0.1349,Low
15685947,Germany,Male,42,0,115915.53,2,No,Yes,125435.47,Yes,0.1349,Low
15598948,Spain,Female,24,5,172231.93,1,No,Yes,155144.12,No,0.1349,Low
15584462,France,Male,34,9,0,1,Yes,No,60584.33,No,0.1348,Low
15622729,France,Female,46,2,0,2,Yes,Yes,66602.7,No,0.1347,Low
15785519,France,Male,36,6,106192.1,1,Yes,No,149575.59,No,0.1346,Low
15733974,Spain,Male,37,9,125822.21,1,Yes,No,111698,No,0.1346,Low
15678058,France,Male,38,9,104584.16,1,Yes,No,176678.72,No,0.1346,Low
15682563,Spain,Male,38,5,126473.99,1,Yes,No,91972.49,No,0.1346,Low
15587177,France,Male,36,6,124445.52,1,Yes,No,88481.32,No,0.1346,Low
15800515,France,Male,35,5,128653.59,1,Yes,No,127558.26,No,0.1346,Low
15766746,France,Male,35,6,127120.07,1,Yes,No,28707.69,No,0.1346,Low
15788775,Germany,Male,40,8,152576.25,2,Yes,No,73073.68,No,0.1346,Low
15732774,France,Male,37,7,112291.34,1,Yes,No,153157.97,No,0.1346,Low
15764661,France,Male,33,2,0,1,Yes,No,96420.58,No,0.1346,Low
15654074,France,Male,38,8,119315.75,1,Yes,No,150468.35,No,0.1346,Low
15663168,France,Male,35,8,110934.54,1,Yes,No,169287.99,No,0.1346,Low
15802220,Spain,Male,35,6,137102.65,1,No,No,76870.81,No,0.1346,Low
15812040,France,Male,36,6,153880.15,1,No,No,135431.72,No,0.1346,Low
15629390,France,Male,37,7,135847.47,1,Yes,No,144880.81,No,0.1346,Low
15605424,Spain,Male,38,7,123906.55,1,Yes,No,135096.78,No,0.1346,Low
15704509,France,Male,35,8,121063.49,1,No,No,85421.48,No,0.1346,Low
15611318,Spain,Male,33,4,51690.89,1,Yes,No,111622.76,Yes,0.1346,Low
15671987,Spain,Male,35,8,153137.74,1,Yes,No,88659.07,No,0.1346,Low
15791326,France,Male,34,3,0,1,No,No,188135.69,No,0.1346,Low
15618258,Spain,Male,37,5,158024.38,1,Yes,No,81298.09,No,0.1346,Low
15772383,France,Male,36,9,131307.11,1,No,No,83343.73,No,0.1346,Low
15610727,France,Male,36,7,128829.25,1,Yes,No,190588.59,No,0.1346,Low
15613787,Spain,Male,35,8,116932.59,1,Yes,No,91092.84,No,0.1346,Low
15755084,France,Male,37,7,121854.45,1,Yes,No,147521.35,No,0.1346,Low
15795586,France,Male,35,1,92474.05,1,Yes,No,178626.07,No,0.1345,Low
15797964,Germany,Female,29,1,154333.82,1,Yes,Yes,138527.56,No,0.1343,Low
15700174,Spain,Female,30,0,83319.28,1,No,No,57769.2,No,0.1343,Low
15748532,Spain,Male,42,10,0,1,Yes,Yes,186071.14,No,0.1343,Low
15665180,France,Female,31,3,136789.14,1,Yes,No,59346.4,Yes,0.1342,Low
15722004,France,Female,31,4,138317.94,1,No,No,61843.73,No,0.1342,Low
15807239,France,Female,34,7,93920.47,1,No,No,179913.98,No,0.1342,Low
15610403,France,Male,43,1,106086.42,2,Yes,No,26900.63,No,0.1341,Low
15666163,France,Male,43,1,100421.1,1,Yes,Yes,101141.28,No,0.1341,Low
15777743,France,Female,39,3,92224.56,1,Yes,Yes,54517.25,No,0.1341,Low
15633650,Germany,Female,41,8,146720.98,2,Yes,Yes,4195.84,No,0.134,Low
15580629,France,Male,31,6,134837.58,1,Yes,No,192029.19,No,0.134,Low
15664506,Spain,Male,32,8,197436.82,1,Yes,Yes,52710.7,No,0.134,Low
15781777,France,Male,33,3,148659.48,1,No,No,42437.75,No,0.1339,Low
15810716,Germany,Male,42,8,151836.36,2,Yes,No,68695.38,No,0.1339,Low
15785352,France,Male,37,6,82373.94,1,No,No,172526.9,Yes,0.1339,Low
15767781,France,Male,38,10,82697.28,1,Yes,No,74846.67,No,0.1339,Low
15617657,France,Female,36,0,103502.22,1,Yes,Yes,146191.82,No,0.1339,Low
15763859,France,Female,43,7,0,2,Yes,No,90908.95,No,0.1338,Low
15812351,Spain,Female,27,2,135277.96,1,Yes,No,142200.15,No,0.1338,Low
15782641,Spain,Female,29,3,119670.18,1,Yes,No,188022.44,No,0.1338,Low
15696744,France,Female,31,3,119794.67,1,No,No,182528.44,No,0.1338,Low
15721507,France,Female,32,1,117094.02,1,No,No,149558.83,Yes,0.1338,Low
15569178,France,Female,18,4,82767.42,1,Yes,No,71811.9,No,0.1337,Low
15785078,Spain,Male,26,3,0,1,Yes,No,34542.41,No,0.1335,Low
15679813,Spain,Male,28,1,0,1,Yes,No,40357.39,No,0.1335,Low
15611365,France,Female,32,9,127661.69,1,No,No,60905.51,No,0.1335,Low
15669326,France,Male,44,2,168396.34,1,Yes,Yes,14178.73,No,0.1334,Low
15799998,France,Female,30,8,85859.76,1,No,No,142730.27,No,0.1334,Low
15604818,France,Male,34,9,154495.79,1,Yes,No,191395.88,No,0.1333,Low
15658432,France,Male,40,6,0,1,Yes,Yes,47886.44,No,0.1333,Low
15654772,France,Female,47,6,89799.46,2,No,Yes,13783.77,Yes,0.1333,Low
15676513,Germany,Male,35,8,71553.83,1,Yes,No,177384.45,No,0.1332,Low
15751593,Germany,Male,35,6,85668.59,1,Yes,No,105525.36,No,0.1332,Low
15795540,France,Female,36,2,134208.22,1,No,Yes,177670.57,No,0.1332,Low
15702669,Germany,Male,44,2,117028.6,2,No,Yes,144680.18,No,0.1331,Low
15646609,France,Male,33,1,142645.43,1,No,No,69132.66,No,0.1331,Low
15636541,Germany,Male,35,5,144961.97,1,No,Yes,26796.73,No,0.1331,Low
15598838,France,Female,37,1,151105.68,1,Yes,Yes,140934.57,No,0.1331,Low
15629750,France,Male,35,5,133087.76,1,Yes,No,64771.61,No,0.1331,Low
15584114,Germany,Female,43,2,153393.18,2,Yes,Yes,193828.27,No,0.133,Low
15799815,Germany,Female,23,4,163549.63,1,No,Yes,21085.12,No,0.133,Low
15628059,France,Male,61,1,0,2,Yes,Yes,191370.97,No,0.133,Low
15574352,France,Male,43,4,161256.53,1,Yes,Yes,140071.57,No,0.1329,Low
15702030,France,Female,29,2,104982.57,1,Yes,No,157378.5,No,0.1329,Low
15768104,Spain,Male,37,8,141541.25,1,No,No,66013.27,No,0.1328,Low
15780038,Spain,Male,38,6,119208.85,1,Yes,No,169763.89,Yes,0.1328,Low
15771540,France,Male,38,9,148912.44,1,Yes,No,80416.16,No,0.1328,Low
15582246,Spain,Female,45,2,0,2,No,Yes,177695.67,No,0.1328,Low
15799357,France,Male,35,5,136364.46,1,No,No,142754.71,No,0.1328,Low
15687913,Germany,Female,34,7,93244.42,1,No,Yes,199805.63,No,0.1328,Low
15691627,France,Female,37,8,0,1,Yes,Yes,16403.41,No,0.1328,Low
15692575,France,Male,38,6,162888.73,1,Yes,No,91098.76,Yes,0.1328,Low
15767231,France,Male,36,7,144852.06,1,No,No,130861.95,No,0.1328,Low
15571843,Spain,Male,24,1,0,1,Yes,No,98802.76,No,0.1328,Low
15604138,Spain,Male,34,2,0,1,No,No,174189.04,Yes,0.1328,Low
15584532,France,Female,36,7,0,1,No,Yes,42085.58,Yes,0.1328,Low
15677249,Spain,Male,42,9,101043.63,1,Yes,Yes,192175.52,No,0.1327,Low
15610454,Germany,Female,33,9,119278.44,1,Yes,Yes,197148.24,No,0.1326,Low
15602845,Germany,Male,41,2,152102.18,2,Yes,No,181879.56,No,0.1325,Low
15697360,France,Female,36,2,79951.9,1,No,Yes,174123.16,Yes,0.1325,Low
15649024,France,Female,39,9,132865.56,1,Yes,Yes,59636.43,Yes,0.1324,Low
15748920,France,Female,49,8,0,2,Yes,Yes,12513.07,No,0.1324,Low
15672637,France,Female,30,4,85755.86,1,Yes,No,145115.95,No,0.1323,Low
15584785,France,Male,37,2,97324.91,1,Yes,No,23291.83,No,0.1323,Low
15667417,France,Male,33,9,68193.72,1,Yes,No,19998.31,No,0.1322,Low
15692443,Spain,Male,33,5,69478.57,1,Yes,No,8973.67,Yes,0.1322,Low
15736287,France,Male,33,9,0,1,Yes,No,6975.02,No,0.1322,Low
15719276,Spain,Male,35,6,74371.49,1,No,No,99595.67,No,0.1322,Low
15768006,France,Male,34,3,152303.8,1,Yes,No,12128.69,No,0.1321,Low
15572051,France,Male,40,3,0,1,Yes,Yes,144874.67,No,0.1321,Low
15723950,Spain,Male,40,2,70291.02,1,Yes,Yes,115468.84,Yes,0.1321,Low
15625023,France,Male,40,4,0,1,No,Yes,105352.55,No,0.1321,Low
15695632,France,Female,39,9,89588.35,1,Yes,Yes,94898.1,No,0.132,Low
15750776,France,Female,36,0,164850.54,1,Yes,Yes,62722.44,No,0.132,Low
15675650,France,Female,39,8,97819.36,1,No,Yes,120531.31,No,0.132,Low
15784526,France,Male,44,5,102016.38,1,No,Yes,178235.37,Yes,0.1319,Low
15716420,Spain,Male,39,5,170288.38,1,Yes,Yes,59601.15,No,0.1319,Low
15651868,France,Male,34,6,0,1,No,No,22736.06,No,0.1318,Low
15730540,Spain,Male,45,8,88656.37,2,Yes,No,116547.31,No,0.1317,Low
15759387,Germany,Male,38,1,101487.18,1,Yes,Yes,75959.1,Yes,0.1317,Low
15681081,Spain,Female,47,5,0,2,Yes,Yes,38970.14,No,0.1316,Low
15728773,France,Female,47,7,0,2,Yes,Yes,45978.39,No,0.1316,Low
15802207,Germany,Male,43,4,110182.54,2,Yes,Yes,87537.32,No,0.1314,Low
15686885,Germany,Male,44,3,124655.59,2,No,Yes,79792.3,No,0.1314,Low
15787699,Germany,Male,34,4,142393.11,1,Yes,Yes,11276.48,No,0.1313,Low
15642579,Spain,Female,37,1,128932.4,1,Yes,Yes,180712.52,No,0.1313,Low
15748499,Germany,Male,33,4,118400.91,1,No,Yes,13999.64,Yes,0.1313,Low
15700654,Germany,Male,44,9,49157.09,2,Yes,No,53294.17,No,0.1313,Low
15809654,France,Female,46,7,127476.73,2,Yes,Yes,146011.55,No,0.1313,Low
15739271,Germany,Male,33,2,122394,1,Yes,Yes,22113.93,No,0.1313,Low
15612350,France,Female,31,5,40915.55,1,Yes,No,126213.84,Yes,0.1312,Low
15798834,Spain,Female,32,7,0,1,No,No,76264.27,No,0.1312,Low
15736601,France,Male,35,4,144428.87,1,Yes,No,134132.65,No,0.1311,Low
15582797,Spain,Male,35,4,137948.51,1,Yes,No,113639.64,No,0.1311,Low
15629575,France,Male,36,2,148061.89,1,Yes,No,179128.69,Yes,0.1311,Low
15610337,Spain,Male,35,2,104832.49,1,Yes,No,175015.12,No,0.1311,Low
15669281,Spain,Male,38,3,128718.78,1,No,No,114793.45,No,0.1311,Low
15690958,Germany,Male,23,2,139542.82,1,No,Yes,28038.28,No,0.1311,Low
15711977,France,Male,36,4,161533,1,Yes,No,100940.91,No,0.1311,Low
15640789,France,Male,38,4,123345.85,1,Yes,No,141827.83,No,0.1311,Low
15636912,Spain,Male,38,3,124483.53,1,Yes,No,126253.31,No,0.1311,Low
15657317,France,Female,32,7,69423.52,1,Yes,No,107499.39,No,0.1308,Low
15734987,France,Female,43,7,140260.36,2,Yes,No,2748.72,No,0.1308,Low
15689412,France,Female,32,7,127849.38,1,Yes,No,15798.7,No,0.1308,Low
15801915,France,Female,31,6,152310.55,1,Yes,No,13054.25,No,0.1308,Low
15674156,Germany,Male,69,3,27288.43,1,Yes,Yes,110509.9,No,0.1308,Low
15569432,France,Female,48,9,0,2,Yes,Yes,85240.61,Yes,0.1307,Low
15634143,Spain,Male,30,0,53291.86,1,No,No,196582.28,No,0.1306,Low
15580684,France,Female,29,5,112564.62,1,Yes,No,42334.38,No,0.1305,Low
15722993,France,Female,27,6,137963.07,1,No,No,8996.79,No,0.1305,Low
15721303,Spain,Male,34,1,137523.02,1,No,No,24761.36,No,0.1305,Low
15631333,Spain,Female,25,8,130866.19,1,Yes,No,42410.21,No,0.1305,Low
15758692,France,Female,29,7,146011.4,1,No,No,50249.16,No,0.1305,Low
15791769,France,Female,29,9,116536.43,1,Yes,No,51987.99,No,0.1305,Low
15668057,France,Female,31,6,113000.66,1,Yes,No,40467.82,No,0.1305,Low
15598695,Germany,Female,68,9,130169.27,2,No,Yes,93112.2,No,0.1304,Low
15655389,France,Male,41,1,131762.94,1,Yes,Yes,47675.29,No,0.1303,Low
15808223,Spain,Male,41,1,126773.43,1,Yes,Yes,55551.26,No,0.1303,Low
15799350,France,Male,41,0,106134.46,1,No,Yes,105570.39,No,0.1302,Low
15652084,France,Male,40,0,109542.29,1,Yes,Yes,166370.81,No,0.1302,Low
15638149,France,Male,37,6,103772.45,1,Yes,No,197111.99,No,0.1301,Low
15651140,France,Female,32,3,0,1,Yes,No,94790.34,No,0.1301,Low
15619436,France,Female,32,3,0,1,No,No,95740.37,No,0.1301,Low
15813422,Spain,Male,35,4,80790.74,1,Yes,No,116429.51,No,0.1301,Low
15666181,France,Male,33,0,98064.97,1,Yes,No,52411.99,No,0.1301,Low
15744789,Spain,Female,32,6,114512.59,1,Yes,No,15796.66,No,0.1301,Low
15812184,France,Female,31,1,0,1,Yes,No,128954.05,No,0.1301,Low
15798885,France,Male,56,4,138227.19,2,Yes,Yes,55287.84,No,0.1301,Low
15702806,Spain,Male,24,9,0,1,No,No,10883.52,No,0.13,Low
15633666,Spain,Female,33,7,123870.07,1,Yes,No,97794.71,No,0.1298,Low
15694601,France,Female,31,4,158978.79,1,Yes,No,12538.92,No,0.1298,Low
15586557,France,Male,41,5,0,1,No,Yes,88279.6,No,0.1298,Low
15641733,France,Female,34,5,164757.56,1,Yes,No,110748.88,No,0.1298,Low
15598044,France,Female,35,3,0,1,Yes,Yes,152012.36,No,0.1297,Low
15800784,France,Male,42,4,98298.18,1,Yes,Yes,676.06,No,0.1297,Low
15697497,France,Female,45,9,105525.65,2,Yes,Yes,73418.29,No,0.1295,Low
15665376,Germany,Female,35,3,166518.63,2,Yes,No,147930.46,No,0.1295,Low
15695499,France,Female,45,10,103821.47,2,No,Yes,77878.62,No,0.1295,Low
15617252,France,Female,33,1,87347.7,1,Yes,No,172524.51,No,0.1295,Low
15720919,France,Male,42,7,0,1,No,Yes,108348.94,Yes,0.1295,Low
15601030,Germany,Female,34,5,96693.66,1,Yes,Yes,172618.52,No,0.1295,Low
15657386,Germany,Male,43,1,141749.74,2,No,Yes,90905.26,No,0.1294,Low
15770719,France,Female,39,6,151553.19,1,Yes,Yes,44946.29,No,0.1294,Low
15647974,France,Female,44,3,118742.74,2,Yes,No,1568.91,No,0.1294,Low
15625713,Spain,Female,39,7,91187.9,1,No,Yes,6075.36,No,0.1294,Low
15761706,Spain,Female,39,8,144102.32,1,Yes,Yes,11682.36,No,0.1294,Low
15723008,France,Female,45,1,102882.4,2,Yes,Yes,35633.15,Yes,0.1293,Low
15661548,France,Female,29,0,157829.12,1,No,No,129891.66,No,0.1293,Low
15592387,France,Male,30,5,0,1,Yes,No,54926.51,Yes,0.1291,Low
15773447,Spain,Male,30,8,0,1,Yes,No,36251,No,0.1291,Low
15566563,France,Female,30,4,137851.31,1,Yes,No,5008.23,Yes,0.1291,Low
15646262,France,Male,31,7,0,1,Yes,No,35408.77,No,0.1291,Low
15666095,Spain,Male,51,4,79811.72,2,No,Yes,68260.27,Yes,0.1291,Low
15746139,France,Male,33,2,139451.67,1,No,No,63142.12,No,0.129,Low
15783444,France,Female,39,3,135139.33,1,No,Yes,113086.08,No,0.1289,Low
15756535,Germany,Male,39,5,91538.51,1,Yes,Yes,93783,No,0.1289,Low
15608595,France,Female,39,3,157371.54,1,No,Yes,97734.3,No,0.1289,Low
15644295,Spain,Female,39,2,126816.18,1,Yes,Yes,74850.93,No,0.1289,Low
15768233,Germany,Male,37,8,114346.3,1,No,Yes,980.93,Yes,0.1289,Low
15777907,France,Female,33,3,0,1,Yes,Yes,144413.92,Yes,0.1289,Low
15701265,Germany,Female,36,1,104356.94,2,No,Yes,54184.06,No,0.1288,Low
15627212,France,Female,36,2,110414.48,1,Yes,Yes,48984.95,No,0.1288,Low
15604196,France,Male,32,6,185714.28,1,Yes,Yes,102502.5,No,0.1288,Low
15570141,France,Female,34,3,132352.69,1,Yes,No,80320.3,No,0.1288,Low
15799468,France,Female,34,3,96127.27,1,No,No,30972.06,No,0.1288,Low
15706170,France,Male,34,1,84055.43,1,No,No,37490.84,No,0.1287,Low
15649160,France,Female,38,3,138731.95,1,Yes,Yes,194138.36,No,0.1287,Low
15626684,France,Female,38,5,167539.97,1,No,Yes,159207.34,No,0.1286,Low
15631800,France,Male,37,3,98431.37,1,No,No,75698.44,No,0.1286,Low
15670103,France,Female,38,5,126645.13,1,Yes,Yes,168303.55,No,0.1286,Low
15605375,France,Male,35,2,86911.8,1,Yes,No,174094.24,No,0.1286,Low
15661007,France,Male,33,0,72783.42,1,No,No,181051.99,No,0.1286,Low
15628155,France,Female,35,7,117183.74,1,Yes,Yes,109733.73,No,0.1286,Low
15810878,Spain,Female,38,6,141786.78,1,No,Yes,147797.54,No,0.1286,Low
15719649,France,Male,38,3,99844.68,1,No,No,187915.7,No,0.1286,Low
15646563,France,Female,35,9,0,1,No,Yes,25448.31,No,0.1286,Low
15606232,Spain,Female,36,7,116338.68,1,Yes,Yes,155743.48,No,0.1286,Low
15703199,Spain,Male,38,3,96143.47,1,No,No,98994.92,No,0.1286,Low
15579207,France,Male,37,3,91184.01,1,Yes,No,105476.65,No,0.1286,Low
15779496,France,Male,64,0,81564.1,2,No,Yes,35896.09,No,0.1286,Low
15653773,France,Female,38,7,164496.99,1,Yes,Yes,163327.27,No,0.1286,Low
15660535,France,Female,47,5,0,2,Yes,Yes,179843.33,No,0.1285,Low
15596493,France,Female,47,7,0,2,Yes,Yes,177624.01,No,0.1285,Low
15701809,Spain,Female,28,3,0,1,Yes,No,3408.7,No,0.1285,Low
15733247,France,Male,33,10,0,1,Yes,No,4861.72,Yes,0.1284,Low
15674148,Spain,Male,33,6,0,1,Yes,No,94993.04,Yes,0.1284,Low
15679983,France,Male,34,7,0,1,No,No,74593.84,No,0.1284,Low
15742848,France,Male,41,5,0,1,Yes,Yes,65657.29,No,0.1284,Low
15623219,France,Male,33,8,0,1,Yes,No,121189.3,Yes,0.1284,Low
15793671,France,Male,34,5,0,1,Yes,No,161971.42,No,0.1284,Low
15799494,Germany,Male,44,3,140393.65,2,No,Yes,186285.52,No,0.1283,Low
15724453,France,Male,23,2,0,1,No,No,198830.98,No,0.1283,Low
15668695,France,Female,22,5,89492.62,1,No,No,42934.43,No,0.1281,Low
15700325,France,Female,24,8,92760.55,1,Yes,No,35896.75,No,0.1281,Low
15661198,Germany,Male,34,2,146407.11,1,Yes,Yes,72073.72,No,0.128,Low
15637954,France,Female,35,0,155470.55,1,Yes,Yes,53718.28,No,0.1279,Low
15733297,France,Female,38,10,84764.79,1,Yes,Yes,162253.9,No,0.1279,Low
15567114,France,Male,35,1,118894.22,1,No,No,2923.61,No,0.1279,Low
15568120,France,Female,37,7,69609.85,1,Yes,Yes,72127.83,No,0.1279,Low
15761600,France,Male,43,5,86394.14,1,Yes,Yes,130001.13,No,0.1279,Low
15741643,Germany,Male,35,7,122917.69,1,Yes,Yes,76169.68,No,0.1279,Low
15683657,France,Female,31,0,79340.95,1,Yes,No,78255.86,No,0.1279,Low
15809265,France,Female,35,4,0,1,Yes,Yes,133287.73,No,0.1279,Low
15781409,France,Female,28,6,0,1,Yes,No,74287.53,No,0.1278,Low
15639415,France,Male,35,3,162442.35,1,Yes,No,183566.78,No,0.1277,Low
15654390,France,Male,33,7,154575.76,1,Yes,No,25722.28,Yes,0.1277,Low
15662238,France,Male,37,3,105563,1,Yes,No,182624.93,No,0.1277,Low
15712121,Spain,Male,34,5,154983.98,1,Yes,No,27738.01,No,0.1277,Low
15581388,Spain,Male,33,8,145729.71,1,Yes,No,41365.85,No,0.1277,Low
15659656,France,Male,35,4,110837.73,1,No,No,126419.8,No,0.1277,Low
15647546,Germany,Female,40,8,150679.71,2,No,Yes,196226.38,No,0.1277,Low
15674179,Germany,Male,34,7,60515.13,1,No,No,124571.09,No,0.1277,Low
15589589,France,Male,34,5,144094.2,1,Yes,No,44510.26,No,0.1277,Low
15779497,France,Male,43,5,127823.93,1,Yes,Yes,19483.35,No,0.1276,Low
15759284,France,Female,37,6,0,1,Yes,Yes,117948,Yes,0.1276,Low
15774336,Germany,Male,44,9,111369.79,2,Yes,Yes,91947.74,No,0.1274,Low
15807432,Germany,Female,37,2,136925.09,2,No,Yes,153400.24,No,0.1273,Low
15652218,France,Male,33,2,152302.72,1,Yes,No,71333.44,No,0.1273,Low
15566735,Germany,Female,36,2,108913.84,2,Yes,Yes,140460.01,No,0.1273,Low
15790678,France,Female,32,8,119023.28,1,Yes,No,100816.29,No,0.1271,Low
15583364,France,Female,32,6,111871.93,1,No,No,112132.86,No,0.1271,Low
15648320,France,Female,31,7,123974.96,1,Yes,No,102153.75,No,0.1271,Low
15610903,Spain,Female,31,5,125341.69,1,Yes,No,79547.39,No,0.1271,Low
15713594,France,Female,32,7,147256.86,1,Yes,No,112771.95,No,0.1271,Low
15789014,France,Female,26,6,108909.12,1,Yes,No,82547.01,No,0.1271,Low
15799384,France,Male,33,8,0,1,No,No,73564.44,No,0.127,Low
15782089,France,Male,33,6,0,1,Yes,No,58458.26,No,0.127,Low
15746594,Spain,Male,33,8,0,1,Yes,No,119882.7,No,0.1267,Low
15684516,Spain,Male,34,1,121151.05,1,No,No,119357.93,No,0.1267,Low
15793803,France,Male,34,1,112572.39,1,No,No,165626.6,No,0.1267,Low
15717489,France,Male,23,9,0,1,Yes,No,19793.73,Yes,0.1267,Low
15611223,Germany,Female,38,10,101648.5,2,Yes,No,172001.44,No,0.1267,Low
15580493,France,Male,33,1,127818.52,1,Yes,No,163477.22,No,0.1267,Low
15724334,France,Male,22,5,0,1,Yes,No,151169.83,No,0.1266,Low
15755722,France,Male,24,10,0,1,No,No,92180.62,No,0.1266,Low
15756118,Spain,Male,20,8,0,1,Yes,No,110252.53,No,0.1266,Low
15752885,France,Male,42,1,157498.9,1,Yes,Yes,82276.62,No,0.1265,Low
15658935,Germany,Female,34,9,106937.05,2,Yes,No,138275.01,No,0.1264,Low
15797692,France,Female,33,7,89939.62,1,Yes,No,136540.09,No,0.1263,Low
15811127,France,Male,35,6,96423.84,1,Yes,No,10488.44,No,0.1262,Low
15666884,Germany,Female,41,5,82161.7,2,Yes,No,187776.49,No,0.1262,Low
15624695,Spain,Female,72,7,140301.72,1,No,Yes,179258.67,No,0.1262,Low
15692463,Spain,Female,28,3,142253.65,1,Yes,No,45042.56,No,0.1261,Low
15712303,France,Male,66,4,159732.02,1,Yes,Yes,118188.15,No,0.1261,Low
15761986,Spain,Female,32,3,138901.61,1,Yes,No,75685.97,No,0.126,Low
15596397,France,Female,48,7,0,2,Yes,Yes,132870.15,No,0.126,Low
15779809,France,Male,44,8,87471.63,1,No,Yes,188593.98,No,0.126,Low
15735439,Spain,Female,31,1,113693,1,No,No,82796.29,No,0.126,Low
15761102,Spain,Female,32,4,132835.56,1,No,No,136877.24,No,0.1259,Low
15698749,Germany,Female,23,6,85897.95,1,Yes,No,109742.8,No,0.1259,Low
15752097,Spain,Male,38,8,99640.89,1,Yes,No,12429.22,No,0.1259,Low
15689692,Germany,Male,19,3,150348.37,1,Yes,Yes,173784.04,No,0.1258,Low
15723737,France,Male,27,3,0,1,Yes,No,32454.26,No,0.1257,Low
15643056,Germany,Female,38,1,82083.52,1,No,Yes,10333.78,No,0.1257,Low
15696733,France,Male,29,4,0,1,Yes,No,8982.75,No,0.1257,Low
15612729,France,Female,63,7,0,2,Yes,Yes,55054.48,No,0.1256,Low
15576360,France,Male,40,1,141136.79,1,Yes,Yes,67803.83,No,0.1255,Low
15605286,France,Male,55,4,118803.35,2,Yes,Yes,128124.7,Yes,0.1254,Low
15735688,France,Female,31,6,106596.29,1,No,No,91305.77,No,0.1254,Low
15774727,Germany,Female,34,1,129398.01,2,No,No,44965.44,No,0.1252,Low
15802570,France,Female,45,5,0,2,Yes,Yes,146123.19,No,0.1252,Low
15792107,Spain,Female,35,8,0,1,Yes,Yes,165162.4,No,0.1252,Low
15800068,Spain,Female,46,6,0,2,Yes,Yes,170008.74,No,0.1252,Low
15748936,Spain,Female,45,2,0,2,No,Yes,162922.65,No,0.1251,Low
15636731,Germany,Female,36,1,101609.01,2,Yes,Yes,447.73,No,0.1251,Low
15782591,France,Male,35,6,112689.95,1,Yes,No,176962.31,No,0.1251,Low
15667046,Spain,Male,38,7,121527.4,1,Yes,No,113481.02,No,0.1251,Low
15568915,France,Male,38,6,153722.47,1,Yes,No,101319.76,No,0.1251,Low
15572728,Spain,Male,36,8,127397.34,1,Yes,No,151335.24,No,0.1251,Low
15713845,France,Male,38,7,148045.68,1,Yes,No,175479.92,Yes,0.1251,Low
15645355,Germany,Male,34,3,126729.41,1,Yes,Yes,26106.39,Yes,0.1251,Low
15740458,Spain,Male,36,7,135095.47,1,Yes,No,143859.66,No,0.1251,Low
15593834,Spain,Male,36,7,129934.64,1,No,No,75664.56,Yes,0.1251,Low
15730705,France,Male,37,9,165252.52,1,Yes,No,85286.3,No,0.1251,Low
15579820,Spain,Male,38,6,106687.76,1,Yes,No,173776.5,No,0.1251,Low
15576615,Spain,Male,37,10,145382.61,1,Yes,No,80408.59,No,0.1251,Low
15596811,France,Male,36,8,139753.35,1,Yes,No,79871.16,No,0.1251,Low
15658929,Spain,Male,29,0,133702.89,1,Yes,No,55582.54,Yes,0.125,Low
15739131,Germany,Male,28,4,65643.3,1,Yes,No,28760.99,No,0.125,Low
15715597,France,Male,36,1,97234.58,1,Yes,No,188997.08,No,0.125,Low
15686776,France,Female,32,6,184686.41,2,Yes,No,14956.44,No,0.1249,Low
15775892,Spain,Female,23,8,85600.08,1,No,No,134077.71,No,0.1249,Low
15810457,Germany,Female,33,9,150412.14,2,Yes,No,170764.08,No,0.1248,Low
15742607,Germany,Male,36,7,102800.72,1,Yes,Yes,87352.43,No,0.1248,Low
15581229,Germany,Female,32,1,173340.83,1,No,Yes,122763.95,No,0.1247,Low
15729279,France,Female,25,4,108691.95,1,Yes,No,63030.97,No,0.1247,Low
15673539,France,Female,26,3,118097.87,1,Yes,No,61257.83,No,0.1247,Low
15598894,Spain,Male,38,10,122267.85,1,No,No,145759.93,No,0.1247,Low
15778838,France,Male,38,9,114135.17,1,Yes,No,153269.98,No,0.1247,Low
15770101,Germany,Male,43,6,112088.04,2,Yes,Yes,36706.56,No,0.1246,Low
15750769,France,Male,35,7,75915.75,1,Yes,No,150507.43,No,0.1245,Low
15771442,France,Male,40,4,150578,1,No,Yes,34670.62,Yes,0.1245,Low
15677324,Germany,Male,73,9,124730.26,1,Yes,Yes,51999.5,No,0.1245,Low
15711687,France,Male,41,4,108128.52,1,No,Yes,56784.11,No,0.1245,Low
15720050,France,Female,28,2,110997.76,1,Yes,No,101433.76,No,0.1244,Low
15630661,Spain,Female,25,10,75212.28,1,Yes,No,58965.04,No,0.1243,Low
15706904,France,Male,43,6,113882.31,1,Yes,Yes,74564.41,No,0.1243,Low
15601351,France,Male,43,9,127806.91,1,Yes,Yes,73069.59,No,0.1243,Low
15593178,Spain,Female,36,10,153610.61,1,Yes,Yes,54083.8,Yes,0.1243,Low
15662494,Spain,Male,43,7,138150.57,1,Yes,Yes,177357.16,No,0.1243,Low
15577478,France,Female,72,3,0,1,Yes,Yes,86733.61,No,0.1242,Low
15607330,Spain,Male,42,0,109121.71,1,No,Yes,167873.49,No,0.124,Low
15570134,France,Female,35,6,187530.66,2,Yes,Yes,37976.36,No,0.1239,Low
15599301,Germany,Female,28,6,164365.44,1,No,Yes,5698.97,No,0.1239,Low
15647091,Germany,Male,19,0,75888.2,1,No,No,45613.75,No,0.1238,Low
15655252,Germany,Male,41,10,79857.64,1,Yes,Yes,78088.17,No,0.1238,Low
15593973,Spain,Female,33,8,122528.18,1,Yes,No,196260.3,No,0.1237,Low
15724876,France,Female,38,5,83714.41,1,Yes,Yes,33245.97,No,0.1237,Low
15718673,Spain,Female,33,10,75592.43,1,Yes,No,62674.42,No,0.1236,Low
15675231,France,Female,45,8,0,2,Yes,Yes,36193.07,No,0.1236,Low
15776051,France,Female,45,6,0,2,Yes,Yes,51143.43,No,0.1236,Low
15679148,France,Male,44,3,115451.05,2,No,No,67234.33,No,0.1235,Low
15636999,France,Male,38,8,0,1,No,Yes,77661.12,Yes,0.1235,Low
15672640,Spain,Female,45,4,114347.85,2,Yes,Yes,109089.04,No,0.1235,Low
15698664,Spain,Male,43,2,115643.58,2,No,No,174606.35,No,0.1235,Low
15657830,France,Male,43,4,87624.03,2,Yes,No,149401.33,No,0.1235,Low
15742609,Germany,Male,28,2,116623.31,1,No,Yes,59905.29,No,0.1235,Low
15625623,France,Female,45,4,0,2,No,Yes,121053.19,No,0.1234,Low
15682995,France,Female,32,1,78535.25,1,Yes,No,64349.6,No,0.1233,Low
15616221,France,Female,29,4,85646.81,1,No,No,63233.02,Yes,0.1233,Low
15743976,Germany,Male,41,8,37702.79,1,Yes,Yes,195775.48,No,0.1232,Low
15602312,Spain,Male,33,5,150092.8,1,No,No,71862.79,No,0.123,Low
15779247,Spain,Female,24,8,98567.1,1,Yes,No,187987.01,No,0.123,Low
15652048,Germany,Male,44,7,105007.31,2,Yes,Yes,197812.16,No,0.123,Low
15639278,Germany,Female,36,6,145387.32,2,Yes,Yes,169963.2,Yes,0.1228,Low
15628824,France,Female,37,5,160389.82,1,No,Yes,183542.08,No,0.1228,Low
15658889,France,Male,22,4,136444.25,1,Yes,No,51980.25,Yes,0.1227,Low
15633546,Spain,Female,33,3,124832.51,1,Yes,No,195877.06,No,0.1227,Low
15723671,France,Male,35,9,100107.99,1,Yes,No,83949.68,No,0.1226,Low
15588933,France,Female,36,3,146053.66,1,Yes,Yes,138344.7,No,0.1226,Low
15781326,France,Male,35,9,95478.17,1,No,No,169286.74,No,0.1226,Low
15574868,Germany,Male,36,5,115725.24,2,No,No,1871.25,No,0.1225,Low
15776807,France,Male,29,1,0,1,Yes,No,180345.44,No,0.1224,Low
15729668,Spain,Male,29,3,60280.62,1,Yes,No,154271.41,No,0.1224,Low
15784130,Germany,Female,30,8,154870.28,1,Yes,Yes,54191.38,No,0.1224,Low
15807961,France,Male,25,4,0,1,Yes,No,145524.36,No,0.1224,Low
15733842,France,Female,24,1,103219.47,1,Yes,No,60420.07,No,0.1224,Low
15707042,France,Female,24,2,87413.19,1,Yes,No,63340.65,No,0.1224,Low
15671334,France,Male,31,4,0,1,Yes,No,169361.89,No,0.1224,Low
15672237,France,Male,25,1,0,1,Yes,No,100598.98,No,0.1224,Low
15656322,Germany,Male,33,3,71843.15,1,Yes,No,26772.04,No,0.1223,Low
15649618,Germany,Female,39,7,167395.6,2,No,Yes,139537.43,No,0.1223,Low
15657105,Spain,Male,36,2,0,1,Yes,No,195192.4,No,0.1223,Low
15741875,Spain,Female,25,3,104833.79,1,No,No,71911.3,No,0.1222,Low
15683363,Spain,Male,39,1,0,1,No,Yes,108419.41,No,0.1222,Low
15604536,Germany,Female,31,4,164672.66,1,No,Yes,61936.1,No,0.1222,Low
15627995,Germany,Female,26,5,155143.52,1,No,Yes,135034.57,Yes,0.122,Low
15702656,France,Female,33,1,96834.78,1,Yes,No,108764.69,No,0.1219,Low
15604119,Spain,Male,35,7,110349.82,1,No,No,126355.8,No,0.1218,Low
15675842,Spain,Male,26,4,139584.57,1,Yes,No,36308.93,No,0.1218,Low
15658475,France,Male,36,8,142882.49,1,Yes,No,89983.02,Yes,0.1218,Low
15655632,France,Male,27,2,131691.33,1,Yes,No,49480.66,No,0.1218,Low
15666032,Spain,Male,28,1,127289.28,1,No,No,45611.51,No,0.1218,Low
15738497,Spain,Male,44,4,107726.93,2,Yes,No,153064.87,No,0.1218,Low
15737909,France,Male,44,2,111095.58,2,Yes,No,100137.7,No,0.1218,Low
15626012,France,Male,26,4,149879.66,1,No,No,50016.17,No,0.1218,Low
15609928,Germany,Male,43,5,129305.09,2,No,Yes,19244.58,No,0.1216,Low
15778934,Spain,Female,49,8,0,2,No,Yes,98090.69,No,0.1215,Low
15653572,Spain,Male,43,8,127132.96,1,No,Yes,6009.27,Yes,0.1215,Low
15709451,Germany,Female,35,1,121952.75,2,Yes,Yes,142839.82,No,0.1214,Low
15730345,France,Female,35,2,104508.1,1,Yes,Yes,147636.46,No,0.1214,Low
15580462,Spain,Male,40,1,112544.45,1,Yes,Yes,19842.22,No,0.1214,Low
15718369,Germany,Female,33,9,130862.43,1,Yes,Yes,114935.21,No,0.1213,Low
15659366,France,Male,43,1,105799.32,2,Yes,No,34888.04,Yes,0.1213,Low
15630167,Spain,Female,39,4,139723.9,1,Yes,Yes,120612.11,No,0.1213,Low
15755077,Germany,Female,37,0,105617.73,2,Yes,Yes,133699.82,Yes,0.1213,Low
15750014,Germany,Female,37,0,113865.23,2,Yes,Yes,117396.25,No,0.1213,Low
15779985,Germany,Female,37,1,133199.71,2,Yes,Yes,27366.77,No,0.1213,Low
15575679,France,Male,24,7,126431.54,1,Yes,No,58781.11,No,0.1213,Low
15812197,France,Male,38,7,80293.98,1,No,No,126555.74,No,0.1212,Low
15810775,Spain,Male,52,2,100549.43,2,Yes,Yes,16644.16,No,0.1212,Low
15812191,France,Male,33,4,118082.89,1,No,No,94440.45,No,0.1211,Low
15755798,France,Male,33,4,111582.11,1,No,No,113943.17,No,0.1211,Low
15744553,France,Male,34,2,144318.97,1,Yes,No,112668.06,No,0.1211,Low
15766172,France,Male,34,3,128743.55,1,Yes,No,134851.12,No,0.1211,Low
15794178,France,Male,34,3,107136.6,1,Yes,No,153895.46,No,0.1211,Low
15685309,France,Female,35,7,0,1,Yes,Yes,49108.23,Yes,0.121,Low
15596979,France,Female,47,6,0,2,Yes,Yes,129392.75,No,0.121,Low
15757577,France,Female,61,8,0,2,Yes,Yes,118522.73,No,0.1209,Low
15746564,France,Male,42,3,108010.78,1,Yes,Yes,157486.1,No,0.1209,Low
15570051,Germany,Female,38,6,179886.41,2,No,No,153122.58,No,0.1209,Low
15672966,Spain,Female,64,9,0,2,Yes,Yes,103318.44,No,0.1209,Low
15616270,Spain,Male,42,4,106920.91,1,No,Yes,119747.08,No,0.1209,Low
15620030,France,Male,29,1,0,1,No,No,82422.97,No,0.1208,Low
15780650,France,Male,40,9,0,1,Yes,Yes,96670.2,No,0.1206,Low
15664543,France,Male,40,7,0,1,No,Yes,152876.13,Yes,0.1206,Low
15706587,France,Male,57,0,0,2,No,Yes,116781.71,No,0.1206,Low
15659094,Germany,Female,34,8,136729.51,2,No,No,47058.21,No,0.1206,Low
15636423,France,Male,40,7,0,1,Yes,Yes,141359.11,No,0.1206,Low
15682211,France,Male,57,1,0,2,Yes,Yes,114448.77,No,0.1206,Low
15689952,Spain,Male,41,5,0,1,No,Yes,115753.94,No,0.1206,Low
15634606,Spain,Male,52,1,0,2,Yes,Yes,176913.42,No,0.1206,Low
15793197,France,Female,34,8,100359.54,1,No,No,46038.28,No,0.1206,Low
15805681,France,Male,41,9,0,1,Yes,Yes,113267.48,No,0.1206,Low
15623566,France,Male,40,9,46520.69,1,Yes,Yes,96687.25,No,0.1206,Low
15634141,Germany,Female,42,8,192390.52,2,Yes,No,823.36,No,0.1205,Low
15710527,France,Female,35,4,0,1,Yes,Yes,119565.34,No,0.1205,Low
15747265,Germany,Female,27,10,171283.91,1,Yes,Yes,84136.12,No,0.1204,Low
15587266,Germany,Female,27,6,172310.33,1,No,Yes,111448.92,No,0.1204,Low
15745080,France,Male,26,8,0,1,Yes,No,21760.96,No,0.1202,Low
15722578,Germany,Female,21,6,97956.5,1,Yes,Yes,164966.27,No,0.1202,Low
15586880,Germany,Male,41,2,122545.65,2,Yes,Yes,42050.24,No,0.1202,Low
15605333,Spain,Male,31,6,0,1,Yes,No,10625.91,No,0.1202,Low
15785290,France,Male,29,9,0,1,Yes,No,8342.35,No,0.1202,Low
15781903,Germany,Male,41,2,127913.71,2,Yes,Yes,44205.95,No,0.1202,Low
15739357,Spain,Male,30,2,145127.85,1,No,No,7554.68,No,0.1201,Low
15581252,Spain,Female,29,7,80922.75,1,Yes,No,7820.78,No,0.1201,Low
15806956,Spain,Male,30,1,112666.67,1,No,No,11710.4,Yes,0.1201,Low
15732268,France,Male,29,3,159597.45,1,Yes,No,39934.41,No,0.1201,Low
15795895,Germany,Male,36,1,117864.85,2,Yes,No,27619.06,No,0.1201,Low
15708046,Spain,Male,31,0,117551.23,1,Yes,No,158958.9,No,0.1201,Low
15639368,France,Male,25,0,110942.9,1,No,No,172576.56,No,0.1201,Low
15628144,France,Female,72,4,74812.84,1,No,Yes,27448.33,No,0.1201,Low
15700710,France,Female,37,3,116465.53,1,No,Yes,24435.77,No,0.12,Low
15666332,Spain,Female,48,2,0,2,Yes,Yes,3149.1,No,0.12,Low
15688951,Germany,Male,43,8,119654.44,2,No,Yes,148412.24,Yes,0.12,Low
15638963,France,Female,22,4,174852.89,1,Yes,Yes,28149.06,No,0.1199,Low
15782404,France,Female,34,2,96019.5,1,No,No,9085,No,0.1199,Low
15779915,Spain,Male,31,5,0,1,Yes,No,35593.18,No,0.1199,Low
15678460,France,Male,30,9,0,1,Yes,No,49594.02,No,0.1199,Low
15775293,France,Male,34,3,143292.95,1,Yes,No,66526.01,No,0.1198,Low
15782468,Spain,Male,51,3,109799.55,2,Yes,Yes,12457.76,Yes,0.1197,Low
15635034,Germany,Male,37,9,101191.83,1,Yes,Yes,34551.35,Yes,0.1197,Low
15815131,Spain,Female,36,7,115617.24,1,Yes,Yes,71519.4,No,0.1197,Low
15596136,France,Female,36,9,166939.88,1,Yes,Yes,72504.76,No,0.1197,Low
15592386,France,Male,58,3,0,2,No,Yes,32790.02,No,0.1196,Low
15617197,France,Male,50,4,0,2,Yes,Yes,31840.59,Yes,0.1196,Low
15778219,France,Male,26,5,0,1,Yes,No,20510.79,No,0.1196,Low
15654379,Spain,Male,59,4,0,2,Yes,Yes,27435.41,No,0.1196,Low
15716994,Spain,Male,24,3,114739.92,1,Yes,No,85891.02,Yes,0.1195,Low
15680587,France,Male,23,4,131254.81,1,Yes,No,20199.3,No,0.1195,Low
15598157,France,Male,34,4,106328.08,1,Yes,No,88680.65,No,0.1195,Low
15627514,Spain,Female,46,3,0,2,No,Yes,104902.68,No,0.1195,Low
15754569,France,Male,57,1,0,2,Yes,Yes,56562.57,No,0.1195,Low
15570681,France,Male,24,1,116084.32,1,Yes,No,89734.7,No,0.1195,Low
15742681,Germany,Male,26,4,121365.39,1,Yes,Yes,8742.36,No,0.1194,Low
15760641,Germany,Male,26,1,106648.98,1,No,Yes,7063.6,No,0.1194,Low
15656417,France,Female,39,1,132077.48,2,Yes,No,192255.15,No,0.1194,Low
15652981,Germany,Male,30,2,119755,1,Yes,Yes,21852.91,No,0.1194,Low
15789425,Germany,Female,37,8,98218.04,2,Yes,No,182354.46,Yes,0.1193,Low
15669611,France,Male,71,3,83116.68,1,Yes,Yes,27597.76,No,0.1193,Low
15585379,France,Male,39,2,111525.02,1,Yes,No,199484.96,No,0.1192,Low
15588904,France,Male,33,9,0,1,Yes,No,113505.93,Yes,0.1192,Low
15646082,France,Female,34,8,82909.14,1,Yes,No,91817.38,Yes,0.1192,Low
15643378,France,Male,42,1,112419.92,1,Yes,Yes,83022.92,No,0.1192,Low
15703682,Spain,Male,33,10,0,1,No,No,158336.36,No,0.1192,Low
15641595,Spain,Male,43,4,97392.18,2,Yes,No,43956.83,No,0.119,Low
15712960,Spain,Male,37,3,171653.17,1,No,Yes,5353.12,No,0.119,Low
15690744,France,Male,43,2,112499.42,2,Yes,No,30375.18,No,0.119,Low
15612670,Spain,Female,46,10,0,2,Yes,Yes,129508.96,No,0.119,Low
15755648,France,Female,21,8,98373.26,1,Yes,No,18203,No,0.1189,Low
15594815,France,Male,35,3,174790.15,1,Yes,Yes,600.36,No,0.1189,Low
15689616,Spain,Male,34,5,168094.01,1,No,No,20058.61,No,0.1189,Low
15589949,Spain,Male,34,9,152806.74,1,Yes,No,19687.99,No,0.1189,Low
15617052,France,Male,34,9,0,1,Yes,No,183021.06,Yes,0.1189,Low
15695474,France,Male,33,7,122531.86,1,Yes,No,13549.24,No,0.1189,Low
15580252,France,Male,44,4,112610.77,1,No,Yes,2048.55,No,0.1188,Low
15642248,Spain,Male,66,8,123935.35,1,Yes,Yes,65758.19,No,0.1188,Low
15611191,Germany,Female,37,10,122453.97,2,Yes,Yes,52693.99,No,0.1187,Low
15716619,Germany,Female,36,3,74974.89,1,Yes,Yes,12099.67,No,0.1187,Low
15617348,France,Male,44,1,0,2,No,No,69244.24,No,0.1187,Low
15780514,France,Male,33,8,136678.52,1,Yes,No,54290.62,No,0.1186,Low
15771873,Germany,Female,37,2,103769.22,2,Yes,No,194099.12,No,0.1185,Low
15642996,Germany,Female,42,9,86351.85,2,Yes,No,57380.13,No,0.1185,Low
15774155,Germany,Male,33,0,103471.52,1,Yes,Yes,162703,No,0.1184,Low
15762793,Germany,Female,36,0,136980.23,2,Yes,Yes,99019.65,No,0.1184,Low
15750497,France,Female,37,7,153147.75,1,Yes,Yes,152235.3,No,0.1183,Low
15793842,France,Female,34,2,76322.69,1,Yes,No,128136.29,No,0.1182,Low
15619889,France,Male,26,4,0,1,Yes,No,195167.38,No,0.1182,Low
15763063,Spain,Female,25,10,128509.63,1,Yes,No,121562.33,No,0.118,Low
15582951,France,Female,25,8,126442.59,1,Yes,No,121904.44,No,0.118,Low
15641091,France,Female,31,5,106089.2,1,No,No,99537.68,No,0.118,Low
15762418,Spain,Male,22,3,121681.82,1,Yes,No,128643.35,Yes,0.1179,Low
15666633,Spain,Male,56,1,0,2,Yes,Yes,10643.38,No,0.1179,Low
15731890,France,Male,41,1,123971.16,1,No,Yes,172814.99,No,0.1179,Low
15668385,France,Male,40,1,154863.15,1,Yes,Yes,138052.51,No,0.1179,Low
15788022,Germany,Female,41,4,90757.64,2,No,Yes,169183.66,No,0.1179,Low
15750970,Spain,Male,40,1,99004.24,1,Yes,Yes,152845.99,No,0.1179,Low
15637788,France,Male,23,3,110203.77,1,Yes,No,95583.45,No,0.1179,Low
15701291,France,Male,44,3,0,2,Yes,No,30607.11,No,0.1178,Low
15807525,France,Male,43,2,0,2,Yes,No,33879.26,Yes,0.1178,Low
15628274,Germany,Male,35,8,149995.72,2,Yes,No,42143.55,No,0.1178,Low
15574012,Spain,Male,44,8,113755.78,2,Yes,No,149756.71,Yes,0.1177,Low
15666916,France,Male,43,6,99610.92,2,Yes,No,187296.78,No,0.1177,Low
15598840,France,Male,33,1,123082.08,1,Yes,No,134960.98,No,0.1177,Low
15626135,France,Male,34,1,165312.27,1,Yes,No,155495.63,No,0.1177,Low
15810839,France,Male,34,0,103108.17,1,No,No,125646.82,No,0.1177,Low
15777315,France,Male,43,6,93616.35,2,No,No,98348.66,No,0.1177,Low
15678057,France,Male,44,10,118569.03,2,No,No,82117.2,No,0.1177,Low
15675983,France,Female,36,3,79551.12,1,No,Yes,178267.07,No,0.1176,Low
15587421,Germany,Female,34,7,111388.18,2,Yes,No,148564.76,No,0.1174,Low
15647800,France,Female,34,6,101266.51,1,Yes,No,33501.98,No,0.1174,Low
15656062,France,Female,33,7,103377.81,1,Yes,No,84419.78,No,0.1174,Low
15723411,Spain,Female,36,4,98266.3,1,Yes,Yes,46416.36,No,0.1173,Low
15708162,Germany,Female,40,1,89994.71,2,No,Yes,121084.27,No,0.1173,Low
15727819,Spain,Female,34,10,171671.9,1,Yes,Yes,50777.77,No,0.1173,Low
15668958,France,Male,30,2,107316.09,1,Yes,No,64299.82,No,0.1172,Low
15812272,Germany,Male,44,5,124601.58,2,Yes,Yes,46998.13,Yes,0.1172,Low
15605684,France,Female,31,7,104158.84,1,Yes,No,134169.85,No,0.1172,Low
15621409,France,Male,32,4,127845.83,1,Yes,No,66469.2,No,0.1172,Low
15722813,Spain,Male,30,4,125385.01,1,Yes,No,68293.93,No,0.1172,Low
15572022,France,Female,36,6,0,1,No,Yes,690.84,No,0.1172,Low
15656937,Spain,Male,26,1,131643.25,1,Yes,No,64436.16,No,0.1172,Low
15689322,Spain,Male,31,3,153316.14,1,Yes,No,59927.99,No,0.1172,Low
15685357,Spain,Female,36,8,112940.07,1,No,Yes,9855.81,No,0.1171,Low
15659501,France,Female,38,6,142263.45,1,No,Yes,33730.43,No,0.1171,Low
15774262,Germany,Male,52,8,83693.34,2,Yes,Yes,161083.53,No,0.1171,Low
15757895,Germany,Male,30,6,106629.49,1,No,Yes,44114.88,No,0.1171,Low
15624993,France,Female,36,7,128518.98,1,Yes,Yes,44567.83,Yes,0.1171,Low
15750258,France,Female,32,2,155663.31,1,Yes,No,97658.66,No,0.117,Low
15586243,France,Male,44,8,122277.87,1,Yes,Yes,91810.71,No,0.117,Low
15652527,France,Male,44,7,108724.98,1,No,Yes,72330.46,No,0.117,Low
15765982,France,Male,41,7,74135.85,1,Yes,Yes,11783.1,Yes,0.117,Low
15684147,France,Male,43,5,102338.19,1,Yes,Yes,79649.62,No,0.117,Low
15726046,France,Female,27,2,133009.51,1,Yes,No,126809.15,No,0.117,Low
15566894,France,Male,39,3,137817.52,1,No,No,83997.79,No,0.117,Low
15660571,Spain,Male,43,10,113034.31,1,Yes,Yes,100423.88,No,0.117,Low
15595937,Germany,Male,36,1,138992.48,2,No,No,122373.42,No,0.1169,Low
15765532,Germany,Male,76,6,96166.88,1,Yes,Yes,191393.26,No,0.1169,Low
15620344,France,Male,29,6,0,1,Yes,No,33953.87,No,0.1167,Low
15601688,France,Male,28,8,0,1,Yes,No,159254.29,No,0.1167,Low
15762745,Spain,Male,32,8,0,1,Yes,No,133653.38,No,0.1167,Low
15621267,France,Male,32,5,0,1,No,No,148769.08,No,0.1167,Low
15593094,France,Male,27,9,0,1,Yes,No,142680.64,Yes,0.1167,Low
15768682,Spain,Male,39,3,0,1,Yes,Yes,105997.25,No,0.1167,Low
15766734,France,Male,31,5,0,1,Yes,No,95655.16,No,0.1167,Low
15794356,Germany,Male,42,3,121765.37,2,Yes,Yes,166516.84,No,0.1167,Low
15720203,Spain,Male,28,7,0,1,Yes,No,143274.41,No,0.1167,Low
15572294,France,Male,28,7,0,1,No,No,129526.57,No,0.1167,Low
15787825,Germany,Male,37,6,152496.82,1,Yes,Yes,99907.29,No,0.1167,Low
15737705,France,Female,27,4,152309.37,1,Yes,No,104112,No,0.1167,Low
15744041,France,Female,26,3,140356.7,1,Yes,No,117144.15,No,0.1167,Low
15600879,Germany,Female,36,3,157780.93,2,Yes,No,6089.13,No,0.1166,Low
15743149,France,Female,35,8,0,1,Yes,Yes,67508.01,No,0.1166,Low
15662232,Germany,Male,42,2,92616.64,2,Yes,No,8567.18,No,0.1165,Low
15784594,Germany,Female,37,1,130622.34,2,Yes,Yes,128499.94,No,0.1165,Low
15725094,France,Female,37,4,140211.88,1,Yes,Yes,93832.33,No,0.1165,Low
15791045,France,Female,38,3,132951.92,1,No,Yes,124486.28,No,0.1165,Low
15663134,Spain,Male,58,1,0,2,Yes,Yes,11779.98,Yes,0.1165,Low
15715888,France,Female,38,2,142289.28,1,No,Yes,119638.85,No,0.1165,Low
15794874,Spain,Male,41,9,127523.75,1,No,Yes,191417.42,No,0.1164,Low
15633866,Germany,Male,30,1,110824.52,1,Yes,Yes,57896.27,No,0.1163,Low
15656319,Spain,Male,37,4,88141.1,1,Yes,No,109659.12,No,0.1163,Low
15604044,France,Male,38,8,134811.3,1,Yes,No,1299.75,No,0.1162,Low
15710012,Spain,Male,44,2,0,2,Yes,No,43018.82,Yes,0.1162,Low
15710825,Spain,Male,31,7,110071.1,1,No,No,43921.36,No,0.1161,Low
15756125,Spain,Male,44,5,140856.16,2,Yes,No,158735.1,No,0.1161,Low
15733904,France,Male,32,9,147493.89,1,Yes,No,33656.35,No,0.1161,Low
15665784,France,Male,27,9,128940.24,1,Yes,No,46786.92,No,0.1161,Low
15669262,France,Male,43,9,157960.49,2,No,No,136602.8,No,0.1161,Low
15757434,France,Male,28,7,119706.22,1,No,No,31190.42,No,0.1161,Low
15791535,France,Male,28,5,137222.77,1,No,No,39608.58,No,0.1161,Low
15618750,France,Male,31,8,112211.61,1,Yes,No,26261.42,No,0.1161,Low
15569266,France,Male,28,7,155060.41,1,Yes,No,29179.52,No,0.1161,Low
15592461,Germany,Male,26,4,109166.37,1,Yes,Yes,92840.67,No,0.116,Low
15753719,Germany,Female,30,9,72392.41,1,Yes,No,77077.14,No,0.116,Low
15686909,Germany,Male,27,3,150795.81,1,No,Yes,85208.93,No,0.116,Low
15728474,Germany,Male,32,4,108235.91,1,Yes,Yes,143783.28,No,0.116,Low
15644174,Germany,Male,27,4,135096.05,1,Yes,Yes,186523.72,Yes,0.116,Low
15771543,Germany,Male,31,2,134237.07,1,Yes,Yes,166423.66,Yes,0.116,Low
15734461,Germany,Male,31,2,112708.2,1,No,Yes,186370.3,No,0.116,Low
15636634,Germany,Female,25,7,79656.81,1,Yes,No,93524.22,No,0.116,Low
15780359,Germany,Male,25,4,115142.9,1,Yes,Yes,148098.95,No,0.116,Low
15664311,Germany,Male,28,3,123675.69,1,Yes,Yes,166458.41,No,0.116,Low
15638329,Germany,Male,25,1,111432.13,1,Yes,Yes,168683.57,No,0.116,Low
15787835,Germany,Female,38,4,125212.65,2,Yes,Yes,15795.88,Yes,0.1159,Low
15641007,France,Female,38,4,72594,1,Yes,Yes,76042.48,No,0.1159,Low
15611315,Germany,Female,23,4,71433.08,1,Yes,No,103697.57,No,0.1159,Low
15581548,Spain,Female,22,5,98800,1,Yes,No,122865.55,No,0.1158,Low
15684925,France,Female,43,3,0,2,No,No,2465.8,No,0.1158,Low
15606887,France,Female,30,5,0,1,Yes,No,193880.6,Yes,0.1158,Low
15628034,France,Female,37,6,129101.3,1,Yes,Yes,23971.33,No,0.1157,Low
15720662,France,Female,35,1,106266.8,1,Yes,Yes,16607.15,No,0.1157,Low
15595917,France,Female,35,1,102097.33,1,No,Yes,168285.85,No,0.1157,Low
15720508,France,Male,31,3,119558.35,1,No,No,72927.68,No,0.1157,Low
15806230,Germany,Male,40,2,121647.54,2,Yes,Yes,64849.74,Yes,0.1157,Low
15602979,France,Male,29,1,135536.5,1,Yes,No,66825.33,No,0.1157,Low
15724924,France,Female,37,6,138497.84,1,No,Yes,18988.58,No,0.1157,Low
15734714,France,Female,29,3,79715.36,1,Yes,No,82252.28,No,0.1157,Low
15634146,Germany,Male,18,2,142872.36,1,Yes,Yes,117632.63,No,0.1157,Low
15762708,Spain,Female,38,10,119658.49,1,Yes,Yes,8646.58,No,0.1157,Low
15704231,France,Female,33,8,0,1,Yes,Yes,69759.91,No,0.1156,Low
15671014,Spain,Female,72,8,98765.84,1,Yes,Yes,96015.53,No,0.1156,Low
15661629,Spain,Male,34,9,126436.29,1,Yes,No,174248.52,Yes,0.1155,Low
15611579,Spain,Male,42,4,141947.67,1,Yes,Yes,10598.29,No,0.1155,Low
15680918,Spain,Male,34,8,117300.02,1,Yes,No,139410.08,No,0.1155,Low
15589204,France,Male,33,9,131765.72,1,Yes,No,118782.06,No,0.1155,Low
15716449,Spain,Male,33,9,132168.28,1,No,No,98734.15,No,0.1155,Low
15693337,Spain,Male,41,0,148863.17,1,Yes,Yes,163911.32,No,0.1155,Low
15795132,France,Female,25,3,91718.8,1,No,No,28411.23,No,0.1155,Low
15665811,France,Male,33,9,141234.98,1,Yes,No,95673.05,No,0.1155,Low
15615828,France,Male,34,8,122359.5,1,No,No,116495.55,No,0.1155,Low
15601627,France,Male,33,8,148163.57,1,No,No,122925.4,No,0.1155,Low
15659100,France,Male,33,9,128152.82,1,No,No,147822.81,No,0.1155,Low
15780088,Spain,Male,34,9,132439.99,1,Yes,No,177747.72,No,0.1155,Low
15802106,France,Male,34,8,155973.88,1,Yes,No,154208.96,No,0.1155,Low
15687171,Spain,Male,34,5,146679.77,1,Yes,No,102179.86,No,0.1155,Low
15760568,Germany,Female,38,5,142658.04,2,No,Yes,135337.11,No,0.1155,Low
15803749,Germany,Female,41,4,87541.06,2,Yes,Yes,12577.21,Yes,0.1154,Low
15628893,France,Male,29,8,0,1,Yes,No,66367.33,No,0.1154,Low
15762238,Germany,Female,44,0,84745.03,2,No,Yes,34673.98,No,0.1152,Low
15659962,France,Male,60,3,0,2,Yes,Yes,70174.03,No,0.1152,Low
15614878,Germany,Female,29,6,180520.29,1,Yes,Yes,123850.58,No,0.1149,Low
15675675,France,Female,32,5,106290.64,1,Yes,No,121982.73,No,0.1149,Low
15691874,France,Female,34,9,125474.44,1,Yes,No,198929.84,No,0.1149,Low
15566843,Germany,Male,20,9,134874.4,1,Yes,Yes,118825.56,No,0.1148,Low
15590683,France,Female,31,6,172325.67,1,No,Yes,45438.38,No,0.1148,Low
15734085,Germany,Male,24,5,117154.9,1,Yes,Yes,127744.02,No,0.1148,Low
15567897,Germany,Male,23,5,132725.1,1,Yes,Yes,143913.33,No,0.1148,Low
15573086,France,Male,42,7,99824.45,1,Yes,Yes,36721.4,No,0.1146,Low
15801395,France,Female,33,10,135120.72,1,No,No,195204.99,No,0.1146,Low
15650086,France,Male,43,2,165896,2,Yes,No,130795.52,No,0.1146,Low
15614361,Spain,Male,42,9,121490.05,1,Yes,Yes,29296.74,No,0.1146,Low
15795527,Spain,Male,43,2,136487.86,2,Yes,No,82815.93,No,0.1146,Low
15702919,Germany,Male,30,6,63669.42,1,Yes,No,145111.37,No,0.1145,Low
15644753,Spain,Male,40,3,110929.96,1,Yes,Yes,30876.84,No,0.1145,Low
15574879,Germany,Female,37,2,121801.72,2,No,Yes,23146.62,No,0.1145,Low
15770174,France,Male,29,6,141389.06,1,Yes,No,54122.89,No,0.1145,Low
15720338,Spain,Male,55,8,85845.43,2,Yes,Yes,128918.42,No,0.1145,Low
15764253,France,Male,32,6,160485.16,1,Yes,No,29023.03,No,0.1145,Low
15806941,France,Male,60,7,76961.6,2,Yes,Yes,83643.87,No,0.1145,Low
15597033,Germany,Male,37,8,153366.13,1,Yes,Yes,26912.34,No,0.1144,Low
15654489,France,Female,38,8,134887.53,1,Yes,Yes,10804.04,No,0.1143,Low
15630641,France,Female,37,6,127103.97,1,Yes,Yes,41516.44,No,0.1143,Low
15604782,Germany,Female,33,7,187257.94,1,No,Yes,190430.81,No,0.1142,Low
15777893,France,Male,43,1,0,2,Yes,No,21785.91,No,0.1142,Low
15801817,France,Female,38,7,123544.21,1,Yes,Yes,157664.02,No,0.114,Low
15752650,Spain,Female,37,6,121231.39,1,Yes,Yes,146366.08,No,0.114,Low
15622911,France,Male,42,4,105420.18,1,No,Yes,121409.06,No,0.1139,Low
15747867,France,Male,24,9,135125.28,1,No,No,89801.9,No,0.1139,Low
15615012,France,Male,23,5,156267.59,1,Yes,No,160968.44,No,0.1139,Low
15664639,France,Male,19,9,128514.84,1,No,No,175969.19,No,0.1139,Low
15803337,France,Male,23,9,168372.52,1,Yes,No,134676.72,No,0.1139,Low
15668830,Spain,Male,24,8,108881.73,1,Yes,No,104492.83,No,0.1139,Low
15602844,France,Male,38,7,97459.06,1,No,No,189175.71,No,0.1138,Low
15766649,France,Male,38,10,89416.99,1,No,No,144275.39,No,0.1138,Low
15717191,France,Male,49,1,93817.41,2,Yes,Yes,132468.76,Yes,0.1138,Low
15752312,Spain,Male,49,1,150777.72,2,Yes,Yes,135757.27,No,0.1138,Low
15774328,Germany,Male,40,1,144757.97,2,Yes,Yes,166656.18,No,0.1137,Low
15689081,France,Male,29,4,0,1,Yes,No,76755.99,Yes,0.1136,Low
15640464,France,Male,41,5,91612.91,1,Yes,Yes,28427.84,No,0.1136,Low
15614923,Spain,Male,41,7,107511.52,1,No,Yes,46156.87,No,0.1136,Low
15632275,France,Male,29,2,0,1,Yes,No,126336.72,No,0.1136,Low
15675626,France,Male,28,2,0,1,No,No,98060.51,No,0.1136,Low
15597487,France,Female,35,5,0,1,Yes,Yes,80992.8,No,0.1135,Low
15619932,France,Male,66,7,123760.68,1,No,Yes,53157.16,No,0.1135,Low
15621546,France,Female,33,9,127638.35,1,Yes,Yes,192717.57,No,0.1135,Low
15661827,Spain,Female,45,4,0,2,Yes,Yes,26589.56,No,0.1135,Low
15592846,Germany,Male,35,10,128173.9,2,Yes,No,59093.39,No,0.1134,Low
15792328,France,Male,39,6,0,1,Yes,Yes,56999.9,Yes,0.1134,Low
15808662,France,Male,44,3,0,2,Yes,No,88407.51,No,0.1134,Low
15744770,France,Male,44,2,0,2,No,No,86414.41,No,0.1134,Low
15738980,France,Male,43,2,0,2,Yes,No,105568.6,No,0.1134,Low
15755209,Spain,Female,35,7,133868.21,1,Yes,Yes,27286.1,No,0.1133,Low
15729832,France,Male,29,3,145512.84,1,Yes,No,20207.02,No,0.1133,Low
15645937,Spain,Male,32,3,0,1,Yes,No,91044.47,No,0.1133,Low
15647333,France,Male,27,4,137003.68,1,Yes,No,21254.06,No,0.1133,Low
15763612,Germany,Male,41,2,124439.49,2,No,Yes,47093.11,No,0.1132,Low
15756301,Germany,Female,29,3,97325.15,1,No,Yes,131924.38,No,0.1132,Low
15732307,Germany,Male,33,4,124067.32,1,Yes,Yes,77906.87,No,0.1131,Low
15640442,France,Male,31,4,129722.57,1,No,No,41176.6,No,0.113,Low
15753549,France,Male,25,1,157848.53,1,No,No,37543.93,Yes,0.113,Low
15575002,France,Male,29,4,140720.93,1,Yes,No,36221.18,No,0.113,Low
15636520,France,Male,27,1,125547.53,1,No,No,7900.46,No,0.113,Low
15626457,France,Male,31,0,116234.61,1,Yes,No,172096.08,No,0.113,Low
15809137,France,Male,29,6,0,1,No,No,198376.02,Yes,0.1127,Low
15621004,France,Male,32,7,0,1,Yes,No,198055.94,Yes,0.1127,Low
15619699,France,Male,31,7,0,1,Yes,No,198269.08,No,0.1127,Low
15610156,France,Male,40,2,133463.1,1,No,Yes,93165.34,No,0.1126,Low
15644572,France,Male,40,4,125832.2,1,Yes,Yes,100433.83,No,0.1126,Low
15717046,Spain,Male,53,3,0,2,Yes,Yes,38913.68,No,0.1126,Low
15780746,France,Male,61,4,0,2,Yes,Yes,191313.7,No,0.1126,Low
15770974,Germany,Female,37,8,170840.08,2,No,No,109843.16,No,0.1126,Low
15745355,France,Male,41,4,153198.23,1,Yes,Yes,92090.36,No,0.1126,Low
15590434,Spain,Male,41,4,89015.61,1,No,Yes,135227.23,No,0.1126,Low
15791513,France,Male,41,4,138937.35,1,Yes,Yes,101617.64,Yes,0.1126,Low
15752502,France,Male,41,4,130385.82,1,No,Yes,130661.95,No,0.1126,Low
15753161,France,Female,36,5,180169.44,2,Yes,No,17348.56,No,0.1125,Low
15701946,France,Male,34,4,124314.45,1,No,No,97782.92,No,0.1124,Low
15776631,France,Female,36,5,119540.15,1,No,Yes,80603.99,No,0.1124,Low
15646227,France,Female,27,1,97893.2,1,Yes,No,166144.98,No,0.1124,Low
15580701,France,Male,33,3,153819.58,1,Yes,No,79176.09,Yes,0.1124,Low
15713637,France,Male,34,2,117468.67,1,Yes,No,185227.42,No,0.1124,Low
15611157,France,Female,32,2,87814.89,1,Yes,No,138578.37,No,0.1124,Low
15637118,France,Male,33,4,140700.61,1,Yes,No,103557.93,No,0.1124,Low
15770405,France,Female,27,5,125167.74,1,Yes,No,199104.52,No,0.1124,Low
15635125,Spain,Male,63,2,120787.18,2,Yes,Yes,52198.84,No,0.1124,Low
15700772,France,Male,44,9,0,2,No,No,38433.35,No,0.1123,Low
15607347,France,Male,22,5,130056.23,1,No,No,121894.31,Yes,0.1123,Low
15734161,France,Male,43,6,0,2,Yes,No,43128.95,No,0.1123,Low
15809817,Spain,Male,43,10,0,2,No,No,53478.02,No,0.1123,Low
15811985,Spain,Male,44,6,0,2,No,No,55893.37,No,0.1123,Low
15598097,France,Male,44,9,0,2,Yes,No,26257.01,No,0.1123,Low
15758513,France,Male,43,7,0,2,Yes,No,52534.81,No,0.1123,Low
15792565,France,Female,46,7,0,2,Yes,Yes,67769.94,No,0.1121,Low
15654870,France,Female,45,8,0,2,Yes,Yes,99251.24,No,0.1121,Low
15710671,France,Male,34,3,137361.96,1,No,No,183682.09,No,0.1121,Low
15649457,Germany,Male,41,2,131341.46,2,No,Yes,7034.94,No,0.1118,Low
15681026,Germany,Female,33,9,104552.72,1,Yes,Yes,120853.83,Yes,0.1118,Low
15650351,France,Female,38,8,102133.38,1,Yes,Yes,166520.96,No,0.1117,Low
15727251,France,Male,30,8,117494.27,1,No,No,61977.82,No,0.1117,Low
15673619,France,Male,25,9,162560.32,1,Yes,No,64129.03,No,0.1117,Low
15815428,France,Male,34,3,105057.33,1,Yes,No,9217.92,No,0.1117,Low
15596939,Germany,Male,36,4,132578.92,2,Yes,No,84320.94,No,0.1116,Low
15735522,Germany,Male,37,2,145610.07,2,No,No,186300.59,No,0.1116,Low
15577064,Germany,Male,36,2,104702.65,2,Yes,No,107948.72,No,0.1116,Low
15602373,France,Male,44,4,115049.15,2,Yes,No,165038.41,No,0.1116,Low
15764314,Germany,Male,36,2,113877.23,2,Yes,No,174921.91,No,0.1116,Low
15749093,France,Male,43,4,158713.08,2,No,No,98586.14,No,0.1116,Low
15623357,Germany,Male,24,2,120596.93,1,No,Yes,180490.53,No,0.1115,Low
15769829,Spain,Male,51,3,0,2,No,Yes,20856.31,No,0.1113,Low
15768293,France,Male,51,3,0,2,Yes,Yes,5552.37,No,0.1113,Low
15793854,France,Male,42,2,99095.73,1,Yes,Yes,17512.53,No,0.1112,Low
15775888,Germany,Female,38,5,85626.6,1,Yes,Yes,125079.65,No,0.1112,Low
15642997,France,Female,36,2,147149.59,1,Yes,Yes,87816.86,No,0.1112,Low
15628420,Spain,Male,33,2,80462.24,1,No,No,150422.35,No,0.1111,Low
15770968,Germany,Female,19,8,108711.57,2,Yes,No,24857.25,No,0.1111,Low
15611947,France,Male,34,3,83074,1,Yes,No,132673.22,No,0.1111,Low
15633950,France,Male,41,1,101960.74,1,Yes,Yes,123547.28,No,0.111,Low
15588986,Germany,Female,29,4,99097.36,1,Yes,Yes,9796.69,No,0.111,Low
15814236,Spain,Female,38,1,96939.06,1,Yes,Yes,102606.92,No,0.111,Low
15626114,France,Male,24,4,95741.75,1,Yes,No,46170.75,No,0.1109,Low
15683677,Spain,Male,39,9,0,1,Yes,Yes,47722.79,No,0.1109,Low
15736397,France,Male,23,1,96471.2,1,Yes,No,35550.97,No,0.1109,Low
15778290,France,Male,70,8,70416.75,1,Yes,Yes,36483.52,No,0.1109,Low
15656141,France,Male,39,5,0,1,No,Yes,40207.06,No,0.1109,Low
15734970,Spain,Male,38,7,86824.09,1,No,No,175905.97,No,0.1108,Low
15606901,France,Male,43,7,0,2,Yes,No,40023.7,No,0.1108,Low
15644896,Germany,Male,32,3,108586.86,1,Yes,Yes,182355.21,No,0.1107,Low
15740356,Germany,Male,26,4,115021.76,1,No,Yes,162443.05,No,0.1107,Low
15775809,Germany,Female,26,6,98723.67,1,No,Yes,151146.67,No,0.1107,Low
15709604,France,Male,23,2,107433.48,1,Yes,No,173843.21,No,0.1106,Low
15577170,France,Male,60,5,76705.87,2,No,Yes,13889.73,No,0.1106,Low
15578462,Spain,Female,76,9,134208.25,1,Yes,Yes,13455.43,No,0.1105,Low
15683618,France,Female,35,3,121418.62,1,Yes,Yes,24400.37,No,0.1105,Low
15598521,Germany,Female,33,7,131647.01,2,No,No,79775.19,No,0.1105,Low
15583755,Germany,Male,33,2,156570.86,1,Yes,Yes,37140.2,No,0.1105,Low
15594594,Spain,Male,42,7,139070.51,1,Yes,Yes,86945,No,0.1103,Low
15614827,France,Male,42,8,104430.08,1,Yes,Yes,147557.71,No,0.1103,Low
15589739,France,Male,41,3,90605.29,1,Yes,Yes,14357,No,0.1103,Low
15575438,France,Male,42,7,115076.06,1,Yes,Yes,79323.61,No,0.1103,Low
15567839,France,Male,42,9,114631.23,1,No,Yes,91429.74,No,0.1103,Low
15759915,France,Female,31,6,87772.52,1,Yes,No,188516.45,No,0.1103,Low
15788126,Spain,Female,38,6,121021.05,1,Yes,Yes,12182.15,No,0.1102,Low
15741336,France,Female,38,5,118590.41,1,Yes,Yes,5684.17,Yes,0.1102,Low
15809263,Germany,Male,29,5,109676.52,1,Yes,Yes,25548.47,No,0.1102,Low
15587835,France,Male,41,3,136416.82,1,No,Yes,57844.26,No,0.1102,Low
15637646,France,Male,31,10,122647.32,1,No,No,61666.87,No,0.1102,Low
15677062,France,Female,38,6,127043.09,1,Yes,Yes,8247,No,0.1102,Low
15669342,Germany,Male,35,2,127862.93,2,Yes,No,139083.7,No,0.1101,Low
15681196,France,Male,35,1,172170.36,1,Yes,Yes,159777.37,No,0.1101,Low
15586310,France,Male,30,4,169462.09,1,Yes,No,112187.11,No,0.11,Low
15786170,France,Male,31,4,118342.26,1,No,No,161574.19,No,0.11,Low
15723873,Spain,Male,31,3,125167.02,1,No,No,98820.39,No,0.11,Low
15676242,Spain,Male,31,3,136556.44,1,Yes,No,82152.83,Yes,0.11,Low
15748718,France,Male,28,2,115062.61,1,Yes,No,179056.23,No,0.11,Low
15745827,France,Male,30,3,132005.77,1,Yes,No,142940.39,No,0.11,Low
15772995,France,Male,30,2,116295.29,1,Yes,No,75285.47,No,0.11,Low
15752816,France,Male,29,3,114590.58,1,No,No,75585.48,No,0.11,Low
15679024,France,Male,32,3,116324.53,1,Yes,No,77304.49,No,0.11,Low
15633108,France,Male,26,4,139848.17,1,Yes,No,164696.27,No,0.11,Low
15728352,France,Male,27,4,120509.81,1,No,No,142170.44,No,0.11,Low
15736990,France,Male,28,3,157842.07,1,Yes,No,86911.49,No,0.11,Low
15731117,Spain,Male,28,2,109161.25,1,Yes,No,152987.42,No,0.11,Low
15587690,France,Male,28,2,116498.22,1,Yes,No,144290.25,No,0.11,Low
15723721,France,Male,30,4,140916.81,1,Yes,No,157711.18,No,0.11,Low
15688644,France,Male,31,1,129743.75,1,Yes,No,109145.2,No,0.11,Low
15626507,France,Male,27,1,152283.39,1,Yes,No,183271.15,No,0.11,Low
15812482,France,Male,27,3,139301.68,1,Yes,No,99843.98,No,0.11,Low
15692258,Spain,Male,31,1,115406.97,1,No,No,145528.22,No,0.11,Low
15689517,France,Male,27,3,127009.83,1,Yes,No,161909.95,No,0.11,Low
15589312,France,Male,30,3,115007.08,1,No,No,176858.5,No,0.11,Low
15807107,France,Male,32,3,121394.42,1,Yes,No,164081.42,No,0.11,Low
15594576,France,Male,32,1,144875.71,1,No,No,187740.04,No,0.11,Low
15632143,France,Male,31,2,119148.55,1,No,No,149740.22,No,0.11,Low
15643903,France,Male,27,1,154483.98,1,Yes,No,156394.74,No,0.11,Low
15574480,Spain,Male,31,1,132862.59,1,No,No,158054.49,No,0.11,Low
15791174,Spain,Male,67,1,88382.01,1,No,Yes,59457,No,0.1099,Low
15597109,France,Male,70,1,94416.78,1,No,Yes,145299.5,No,0.1099,Low
15734634,Spain,Female,27,5,100912.19,1,No,No,7631.27,No,0.1098,Low
15567328,Spain,Male,38,5,177997.07,1,No,Yes,19233.41,No,0.1098,Low
15629128,Germany,Male,42,2,132193.94,2,Yes,Yes,162865.52,No,0.1098,Low
15611580,Spain,Male,33,4,79281.61,1,Yes,No,117547.76,No,0.1097,Low
15603378,France,Female,36,3,141334.95,1,No,Yes,125870.5,No,0.1097,Low
15700476,Germany,Male,41,9,103522.75,2,Yes,Yes,34338.21,No,0.1096,Low
15590094,Germany,Male,38,9,126265.88,2,No,No,15859.95,No,0.1096,Low
15812356,Germany,Female,40,6,89175.06,2,No,Yes,152883.95,No,0.1096,Low
15594786,Germany,Male,34,7,111565.91,1,Yes,Yes,121073.23,No,0.1096,Low
15694188,Spain,Female,46,5,56580.95,2,No,Yes,45424.13,No,0.1095,Low
15814022,France,Female,26,9,89928.99,1,Yes,No,46203.31,No,0.1095,Low
15579109,Germany,Male,35,5,163856.76,1,Yes,Yes,15118.2,No,0.1095,Low
15731951,Spain,Female,28,5,95328.6,1,Yes,No,6129.61,Yes,0.1095,Low
15599131,Germany,Male,26,4,214346.96,2,Yes,No,128815.33,No,0.1094,Low
15637178,Spain,Female,45,7,0,2,Yes,Yes,128378.04,No,0.1094,Low
15678886,Germany,Male,38,7,110555.37,2,Yes,No,46522.68,No,0.1093,Low
15810010,Germany,Male,36,6,118448.15,2,Yes,No,53172.02,No,0.1093,Low
15629739,Germany,Female,31,8,100375.39,1,Yes,Yes,90384.26,No,0.1092,Low
15783752,Germany,Male,29,4,129514.99,1,Yes,Yes,102930.46,No,0.1092,Low
15788946,Spain,Female,29,3,116805.82,1,No,No,4092.75,No,0.109,Low
15585284,Spain,Female,35,7,147285.52,1,Yes,Yes,57807.05,No,0.109,Low
15745375,Germany,Male,23,3,72012.76,1,Yes,No,161333.13,No,0.109,Low
15763579,Germany,Female,36,2,105264.88,2,Yes,Yes,52909.87,No,0.109,Low
15782802,Germany,Male,26,6,114450.32,1,Yes,Yes,14081.64,No,0.1089,Low
15799128,Spain,Female,38,9,102406.76,1,No,Yes,57600.66,No,0.1089,Low
15720155,Germany,Male,29,6,131354.39,1,No,Yes,9324.31,Yes,0.1089,Low
15584897,France,Female,31,3,98360.03,1,No,No,20973.8,No,0.1089,Low
15716134,France,Male,40,5,190008.32,2,Yes,Yes,107047.92,No,0.1088,Low
15705113,Spain,Male,34,6,83264.28,1,No,No,9663.28,No,0.1088,Low
15782530,Spain,Male,30,2,111093.01,1,Yes,No,68985.99,No,0.1088,Low
15730137,France,Male,31,0,88421.81,1,No,No,72350.47,No,0.1088,Low
15761886,France,Male,36,4,172381.8,1,Yes,Yes,86480.29,No,0.1088,Low
15698510,Germany,Male,42,9,181627.14,2,Yes,No,172668.39,No,0.1086,Low
15569430,Spain,Female,36,2,175509.8,2,Yes,No,152039.67,No,0.1086,Low
15723654,France,Male,25,2,135903.33,1,Yes,No,73656.38,No,0.1085,Low
15659486,Germany,Male,34,9,74309.81,1,Yes,No,15034.93,No,0.1085,Low
15765952,France,Male,29,4,145471.37,1,Yes,No,188382.77,No,0.1085,Low
15645136,Spain,Male,30,1,128065.12,1,Yes,No,121525.48,No,0.1085,Low
15680685,France,Male,30,3,165257.2,1,No,No,134822.05,No,0.1085,Low
15616168,France,Female,35,7,81905.95,1,Yes,Yes,61623.19,No,0.1085,Low
15747927,France,Male,26,4,155739.76,1,Yes,No,171552.02,No,0.1085,Low
15725660,France,Male,20,1,80569.73,1,No,No,68621.98,No,0.1084,Low
15753362,Spain,Male,60,3,0,2,Yes,Yes,78194.37,No,0.1084,Low
15620735,Germany,Female,33,4,127076.68,2,Yes,No,69011.66,No,0.1084,Low
15684294,France,Male,50,2,0,2,No,Yes,147075.69,No,0.1084,Low
15631217,France,Male,40,6,156218.19,1,No,Yes,33607.72,No,0.1084,Low
15739248,France,Male,52,4,0,2,Yes,Yes,118429.02,No,0.1084,Low
15665834,Spain,Male,28,8,0,1,No,No,176713.47,No,0.1083,Low
15572360,France,Male,30,10,57657.49,1,No,No,79240.9,No,0.1083,Low
15602731,France,Male,31,5,0,1,Yes,No,134889.95,Yes,0.1083,Low
15654760,France,Male,40,1,101514.89,1,Yes,Yes,121765,No,0.1083,Low
15613673,France,Male,28,9,0,1,Yes,No,134110.93,No,0.1083,Low
15616745,Spain,Male,35,2,174894.53,1,Yes,Yes,22314.55,No,0.1083,Low
15705994,Spain,Male,27,10,0,1,Yes,No,94544.88,No,0.1083,Low
15742809,Spain,Female,29,7,77919.78,1,Yes,No,122547.58,No,0.1082,Low
15596021,Spain,Male,44,8,0,2,Yes,No,148487.9,No,0.1081,Low
15670602,Germany,Male,24,7,107418.27,1,No,Yes,160450.21,No,0.1081,Low
15701206,Spain,Male,44,5,0,2,Yes,No,66462.79,No,0.1081,Low
15579387,Germany,Female,44,2,79064.85,2,No,Yes,113291.75,No,0.1081,Low
15673223,France,Male,44,10,0,2,No,No,164287.86,No,0.1081,Low
15709511,France,Male,43,8,0,2,Yes,No,100618.17,No,0.1081,Low
15731781,France,Male,43,7,0,2,Yes,No,178393.68,No,0.1081,Low
15677243,Spain,Male,43,5,0,2,Yes,No,126933.73,No,0.1081,Low
15636548,Spain,Male,44,7,0,2,No,No,185992.36,No,0.1081,Low
15636562,Spain,Male,44,8,0,2,No,No,62424.46,No,0.1081,Low
15579183,France,Male,64,1,0,2,Yes,Yes,53710.23,No,0.1081,Low
15684316,France,Male,43,9,0,2,No,No,190573.91,Yes,0.1081,Low
15695383,Spain,Male,44,9,0,2,Yes,No,87677.15,No,0.1081,Low
15566543,Spain,Male,44,9,0,2,Yes,No,107124.17,No,0.1081,Low
15619529,Spain,Male,27,8,132576.25,1,No,No,7222.92,No,0.108,Low
15643752,France,Male,25,5,116160.23,1,Yes,No,13411.67,No,0.108,Low
15750602,France,Male,29,5,147092.65,1,Yes,No,10928.3,No,0.108,Low
15682467,France,Female,36,1,118851.05,1,Yes,Yes,102747.02,No,0.108,Low
15735782,France,Male,31,9,120962.59,1,Yes,No,5419.31,No,0.108,Low
15787619,France,Male,18,2,160980.03,1,No,No,145936.28,No,0.1079,Low
15636592,France,Male,35,0,181821.96,2,No,Yes,36923.67,Yes,0.1079,Low
15725762,France,Male,24,4,122168.65,1,Yes,No,174107.04,No,0.1079,Low
15628936,Spain,Male,28,9,118945.09,1,No,No,16064.25,Yes,0.1077,Low
15805909,Spain,Male,28,8,159900.38,1,No,No,22698.56,No,0.1077,Low
15751022,Germany,Female,37,10,121532.17,2,Yes,Yes,73464.88,No,0.1076,Low
15646302,France,Female,24,7,100169.51,1,Yes,No,121408.55,No,0.1074,Low
15644296,France,Female,30,8,105209.54,1,Yes,No,1852.58,No,0.1074,Low
15702801,France,Female,29,3,86616.35,1,No,No,91903.9,Yes,0.1074,Low
15774224,Germany,Female,30,5,131563.88,2,Yes,No,170638.98,No,0.1073,Low
15649668,Germany,Female,36,10,145750.45,2,Yes,Yes,96660.76,No,0.1073,Low
15755018,Germany,Female,26,10,109819.16,2,Yes,No,154491.39,No,0.1073,Low
15762045,Germany,Female,37,5,142688.57,2,Yes,Yes,110953.33,No,0.1073,Low
15803682,Germany,Female,37,10,117791.06,2,Yes,Yes,75837.58,No,0.1073,Low
15658614,Germany,Female,38,7,145400.69,2,Yes,Yes,83844.79,No,0.1073,Low
15813439,France,Male,33,5,100116.82,1,Yes,No,34215.58,No,0.1072,Low
15729019,Spain,Male,34,8,98382.72,1,Yes,No,39542,No,0.1072,Low
15660541,France,Male,34,5,127900.03,1,Yes,No,101737.8,No,0.1071,Low
15736495,France,Male,34,8,114088.32,1,Yes,No,92794.61,No,0.1071,Low
15605036,Spain,Female,37,9,155619.58,1,Yes,Yes,135088.58,No,0.1071,Low
15741092,Spain,Male,34,10,153360.02,1,Yes,No,140509.86,No,0.1071,Low
15633274,France,Male,34,7,160515.37,1,Yes,No,121904.14,No,0.1071,Low
15664720,Spain,Male,33,8,122017.19,1,No,No,162515.17,No,0.1071,Low
15778936,France,Male,33,9,147510.34,1,Yes,No,190611.92,No,0.1071,Low
15770498,France,Female,37,4,111723.08,1,Yes,Yes,83478.12,No,0.107,Low
15657812,France,Male,52,1,0,2,Yes,Yes,172033.57,No,0.1068,Low
15585282,France,Male,62,1,127706.33,2,No,Yes,142377.69,No,0.1067,Low
15576644,Germany,Female,29,4,78939.15,1,Yes,No,122134.56,Yes,0.1067,Low
15665159,France,Male,61,0,128213.96,2,Yes,Yes,188729.08,Yes,0.1067,Low
15782899,Spain,Female,28,7,95357.49,1,No,No,102297.15,No,0.1066,Low
15573971,France,Male,44,7,0,2,No,No,57898.58,No,0.1066,Low
15775709,France,Female,27,10,98590.25,1,Yes,No,30912.89,No,0.1066,Low
15785042,France,Female,31,8,97588.6,1,No,No,124210.53,No,0.1066,Low
15767804,France,Male,44,6,0,2,Yes,No,151733.43,No,0.1066,Low
15782608,France,Male,43,5,0,2,No,No,113079.19,Yes,0.1066,Low
15677184,France,Female,35,6,115576.44,1,No,Yes,27922.45,No,0.1066,Low
15591552,France,Female,32,7,98877.95,1,Yes,No,132973.21,No,0.1066,Low
15688074,Germany,Male,31,1,125013.72,1,Yes,Yes,187658.09,No,0.1065,Low
15583278,Spain,Female,36,8,92716.96,1,Yes,Yes,33693.78,No,0.1065,Low
15611848,Germany,Male,32,3,137714.25,1,No,Yes,159403.68,No,0.1065,Low
15766185,Germany,Male,31,4,146587.3,1,Yes,Yes,89874.82,No,0.1065,Low
15622370,Germany,Male,30,1,116416.94,1,No,Yes,85808.22,No,0.1065,Low
15768193,Germany,Male,36,5,146050.97,2,No,No,86424.57,No,0.1064,Low
15578186,Germany,Male,37,9,115217.99,2,Yes,No,144995.33,No,0.1064,Low
15792329,Germany,Male,37,5,107106.33,2,Yes,No,172063.09,No,0.1064,Low
15762169,Germany,Male,37,9,145018.64,2,Yes,No,90928.02,Yes,0.1064,Low
15809286,Germany,Male,37,8,138292.64,2,No,No,152422.91,Yes,0.1064,Low
15654574,Germany,Male,36,5,131142.53,2,Yes,No,174918.46,No,0.1064,Low
15771742,Germany,Male,38,9,115442.19,2,Yes,No,128481.5,Yes,0.1064,Low
15715744,France,Male,39,7,0,1,No,Yes,119348.28,No,0.1064,Low
15610755,France,Female,33,0,137811.75,1,Yes,Yes,184856.89,No,0.1064,Low
15792668,Germany,Male,37,7,109908.06,2,Yes,No,115037.67,Yes,0.1064,Low
15581871,Germany,Male,42,7,131287.36,2,Yes,Yes,149697.78,No,0.1064,Low
15637717,Germany,Male,41,4,109026.8,2,Yes,Yes,43117.1,No,0.1064,Low
15623521,Spain,Male,43,9,123105.88,2,Yes,No,145765.83,No,0.1063,Low
15672144,France,Female,38,6,144432.04,1,Yes,Yes,73963.17,Yes,0.106,Low
15725698,Spain,Female,35,4,115680.81,1,Yes,Yes,90280.7,No,0.106,Low
15714006,France,Female,35,2,133111.73,1,No,Yes,79957.95,No,0.106,Low
15672152,Germany,Male,37,9,122506.38,1,No,Yes,199693.84,Yes,0.106,Low
15606267,France,Female,38,4,98640.74,1,Yes,Yes,110457.99,No,0.1059,Low
15584477,Spain,Female,35,1,106405.03,1,Yes,Yes,82900.25,No,0.1059,Low
15719212,France,Male,33,5,83134.3,1,Yes,No,187946.55,No,0.1059,Low
15775307,Spain,Female,38,3,97266.1,1,Yes,Yes,92797.23,No,0.1059,Low
15746726,Germany,Male,31,8,78398.69,1,Yes,No,44937.01,No,0.1058,Low
15807340,Germany,Male,33,4,131023.76,2,No,No,55072.93,No,0.1058,Low
15693326,France,Female,42,7,125437.14,2,No,No,164128.58,No,0.1058,Low
15692291,Spain,Female,42,6,99056.22,2,Yes,No,154347.95,Yes,0.1058,Low
15692926,Germany,Male,25,8,121702.73,1,Yes,Yes,132210.49,No,0.1057,Low
15790379,Germany,Male,28,8,108601,1,Yes,Yes,119647.7,No,0.1057,Low
15809143,Germany,Male,32,9,133060.63,1,Yes,Yes,125167.92,No,0.1057,Low
15742204,Germany,Male,31,6,139729.54,1,No,Yes,135815.38,No,0.1057,Low
15588622,Germany,Male,25,7,108380.72,1,Yes,Yes,79005.95,No,0.1057,Low
15569670,Germany,Male,30,6,112372.96,1,Yes,Yes,118029.09,No,0.1057,Low
15597610,Spain,Male,41,6,144974.55,1,Yes,Yes,19344.92,No,0.1057,Low
15728523,France,Male,41,5,144147.68,1,Yes,Yes,14789.9,No,0.1057,Low
15696361,Germany,Male,31,7,125681.51,1,No,Yes,129980.93,No,0.1057,Low
15732791,Germany,Male,32,5,122947.92,1,Yes,Yes,99154.86,No,0.1057,Low
15684011,Germany,Male,29,7,130575.26,1,No,Yes,173629.78,No,0.1057,Low
15674442,France,Male,23,7,157761.56,1,No,No,147759.84,No,0.1056,Low
15659364,Spain,Male,23,5,164902.43,1,No,No,141152.28,No,0.1056,Low
15724282,Germany,Male,44,3,164113.04,2,Yes,Yes,12120.79,No,0.1055,Low
15777904,France,Female,45,7,0,2,Yes,Yes,68831.72,No,0.1054,Low
15730273,France,Male,27,8,0,1,Yes,No,171922.72,No,0.1054,Low
15741652,Spain,Male,37,8,177657.35,1,Yes,Yes,77142.32,No,0.1054,Low
15611682,Spain,Male,37,6,169902.92,1,Yes,Yes,128256.18,No,0.1054,Low
15567725,France,Female,46,7,52016.08,2,Yes,Yes,72993.65,No,0.1054,Low
15699389,France,Male,42,7,118274.71,1,Yes,Yes,25885.72,No,0.1053,Low
15624595,Spain,Female,35,5,124580.69,1,Yes,Yes,18785.48,No,0.1053,Low
15669290,France,Male,38,8,59360.77,1,Yes,Yes,191457.06,No,0.1053,Low
15630321,France,Male,44,3,0,2,Yes,No,86935.08,No,0.1052,Low
15615991,France,Male,42,7,99263.09,1,Yes,Yes,67607.9,No,0.1052,Low
15738889,France,Male,42,8,102870.93,1,No,Yes,103764.55,Yes,0.1052,Low
15703354,France,Female,33,2,103516.87,1,Yes,No,113907.8,No,0.1052,Low
15671358,France,Male,44,4,0,2,Yes,No,163471.01,No,0.1052,Low
15688689,Germany,Female,37,8,149000.91,2,Yes,Yes,21472.42,No,0.1051,Low
15580146,France,Male,31,9,82674.15,1,Yes,No,41970.72,No,0.105,Low
15604304,Germany,Female,34,4,91622.42,1,Yes,Yes,136603.42,No,0.105,Low
15604146,Germany,Female,38,8,103653.51,2,Yes,Yes,137079.86,No,0.105,Low
15632185,France,Female,42,1,82228.67,2,Yes,No,71359.78,No,0.105,Low
15681316,France,Female,41,0,120549.29,2,Yes,No,175722.31,No,0.105,Low
15686870,Germany,Male,36,8,108239.11,2,No,No,99444.02,No,0.1049,Low
15618225,Germany,Male,36,8,116993.43,2,Yes,No,168816.22,No,0.1049,Low
15785350,Spain,Male,23,7,104744.89,1,Yes,No,170262.97,No,0.1049,Low
15784597,France,Male,26,9,162923.85,1,Yes,No,98368.24,No,0.1048,Low
15686611,France,Male,30,10,129755.99,1,No,No,172749.65,No,0.1048,Low
15645103,Germany,Male,25,5,54817.55,1,Yes,No,131660.31,No,0.1048,Low
15625916,Spain,Male,32,6,161628.66,1,Yes,No,91482.5,No,0.1048,Low
15632256,France,Male,29,7,127504.57,1,No,No,86173.92,No,0.1048,Low
15737310,France,Male,29,10,130206.28,1,Yes,No,184654.87,No,0.1048,Low
15641480,France,Male,32,5,131354.25,1,Yes,No,125256.53,No,0.1048,Low
15649124,France,Male,30,9,121535.18,1,No,No,40313.47,No,0.1048,Low
15631912,France,Male,30,8,136291.71,1,Yes,No,54113.38,No,0.1048,Low
15699619,France,Male,31,10,155978.17,1,Yes,No,91510.71,No,0.1048,Low
15578096,France,Male,26,7,106397.75,1,No,No,103563.23,No,0.1048,Low
15585823,France,Male,31,8,128131.73,1,Yes,No,96131.47,No,0.1048,Low
15603170,France,Male,32,9,121455.65,1,Yes,No,190068.53,Yes,0.1048,Low
15677785,Spain,Male,32,5,136963.12,1,Yes,No,133814.28,No,0.1048,Low
15609299,France,Male,29,6,150685.79,1,Yes,No,87771.06,No,0.1048,Low
15756425,France,Male,30,7,146301.31,1,No,No,96847.91,No,0.1048,Low
15675787,France,Male,26,8,112972.57,1,Yes,No,145011.62,No,0.1048,Low
15681991,France,Male,32,7,107871.72,1,Yes,No,125302.64,No,0.1048,Low
15794266,France,Male,32,9,145303.52,1,Yes,No,103560.98,No,0.1048,Low
15788494,France,Male,31,8,145875.74,1,Yes,No,137491.23,No,0.1048,Low
15660871,France,Male,28,8,137300.23,1,Yes,No,90174.83,No,0.1048,Low
15627517,Spain,Male,27,7,149400.27,1,No,No,167522.19,No,0.1048,Low
15643635,Spain,Male,32,5,133705.74,1,No,No,134455.84,No,0.1048,Low
15632263,Spain,Male,30,5,120355,1,Yes,No,137793.35,No,0.1048,Low
15656522,Spain,Male,32,10,158537.42,1,Yes,No,166850.57,No,0.1048,Low
15764708,France,Male,30,6,117696.67,1,Yes,No,100843.82,No,0.1048,Low
15766826,France,Male,26,7,146266,1,Yes,No,21903.62,Yes,0.1048,Low
15612832,France,Male,32,7,125540.05,1,No,No,86786.41,No,0.1048,Low
15611551,Spain,Male,48,1,131659.59,2,No,Yes,14152.15,No,0.1047,Low
15599403,France,Male,60,10,125389.7,2,Yes,Yes,178616.73,No,0.1046,Low
15770576,Spain,Male,50,7,128061,2,Yes,Yes,62375.1,No,0.1046,Low
15782993,France,Male,51,10,123401.43,2,Yes,Yes,127825.25,No,0.1046,Low
15698872,Spain,Female,39,2,0,2,No,No,191207.03,No,0.1046,Low
15769191,France,Male,55,8,132387.91,2,Yes,Yes,170360.11,No,0.1046,Low
15631267,France,Male,50,6,153590.73,2,Yes,Yes,130910.78,No,0.1046,Low
15699532,France,Male,51,8,120124.35,2,No,Yes,168773.54,No,0.1046,Low
15595426,Spain,Male,57,6,105000.85,2,Yes,Yes,87412.24,Yes,0.1046,Low
15759751,France,Male,48,1,0,2,Yes,Yes,110059.38,No,0.1045,Low
15632272,France,Female,42,2,0,2,Yes,No,92664.09,No,0.1044,Low
15697318,Germany,Male,32,9,77487.2,1,No,No,33143.04,No,0.1044,Low
15588587,France,Female,36,1,86837.95,1,Yes,Yes,105280.55,No,0.1044,Low
15761763,France,Male,33,8,164385.53,1,Yes,No,150664.97,No,0.1043,Low
15574122,France,Male,34,5,129278.43,1,No,No,165562.84,No,0.1043,Low
15659807,Spain,Male,41,8,109402.13,1,Yes,Yes,66463.62,No,0.1043,Low
15691323,Germany,Male,40,4,89025.88,2,Yes,No,188892.19,No,0.1043,Low
15606915,France,Male,24,7,98148.61,1,Yes,No,26843.76,No,0.1042,Low
15620323,Spain,Female,42,3,83492.07,2,Yes,No,37914.12,No,0.1042,Low
15654096,Germany,Female,24,10,122200.31,2,Yes,No,43705.56,No,0.1042,Low
15671609,France,Male,44,7,0,2,Yes,No,23425.78,No,0.1041,Low
15764537,France,Male,43,8,0,2,Yes,No,9704.66,No,0.1041,Low
15667002,Spain,Male,43,5,0,2,Yes,No,29346.1,No,0.1041,Low
15635775,France,Male,33,3,89276.48,1,Yes,No,6959,No,0.1041,Low
15760988,Germany,Male,33,9,124573.33,2,No,No,683.37,No,0.104,Low
15748696,France,Male,42,9,150507.21,1,No,Yes,169964.12,No,0.1038,Low
15720187,Germany,Female,30,7,143964.36,2,Yes,No,41879.99,No,0.1037,Low
15683930,Germany,Female,32,9,134096.53,2,Yes,No,53931.05,Yes,0.1037,Low
15582944,Spain,Female,39,5,0,2,Yes,No,140941.47,No,0.1037,Low
15696371,Spain,Female,24,1,92476.88,1,No,No,83247.14,No,0.1037,Low
15686936,France,Female,37,5,89634.69,1,Yes,Yes,169583.18,Yes,0.1036,Low
15741295,France,Male,49,3,0,2,Yes,Yes,49872.33,No,0.1036,Low
15593331,Germany,Male,25,6,146580.69,1,No,Yes,14633.35,No,0.1036,Low
15769596,Germany,Female,24,2,110407.44,2,No,No,15832.43,Yes,0.1036,Low
15608406,France,Male,26,5,111128.04,1,Yes,No,60941.27,Yes,0.1036,Low
15742238,Germany,Male,35,4,136496.12,2,Yes,No,116672.02,No,0.1035,Low
15692430,Germany,Male,36,2,123601.56,2,Yes,No,103557.85,No,0.1035,Low
15613282,France,Male,29,8,130306.49,1,Yes,No,77469.38,No,0.1034,Low
15789379,France,Male,26,6,130428.78,1,Yes,No,173365.89,No,0.1034,Low
15586931,Spain,Male,39,3,0,1,Yes,Yes,95625.03,No,0.1033,Low
15789669,France,Male,65,2,0,2,Yes,Yes,48071.61,No,0.1032,Low
15741865,France,Female,38,9,153166.17,1,Yes,Yes,93261.69,No,0.1032,Low
15576641,Germany,Male,40,5,125725.02,2,Yes,Yes,50783.1,No,0.1032,Low
15726032,France,Male,33,9,89968.69,1,Yes,No,68777.26,No,0.1031,Low
15733616,France,Male,40,5,80613.93,1,Yes,Yes,142838.64,No,0.1031,Low
15810385,Spain,Female,36,2,164557.95,1,No,Yes,82336.73,No,0.1031,Low
15690332,Germany,Male,35,3,192407.97,1,Yes,Yes,40145.28,No,0.103,Low
15802758,Germany,Female,23,4,104753.84,2,Yes,No,56756.52,Yes,0.103,Low
15738721,Spain,Male,41,9,102827.44,1,No,Yes,64595.25,No,0.1029,Low
15576000,France,Male,40,6,138033.55,1,Yes,Yes,67972.45,No,0.1029,Low
15718839,Germany,Female,38,2,102741.15,2,No,Yes,23974.85,No,0.1029,Low
15575581,Germany,Female,30,3,131344.52,2,Yes,No,54776.64,No,0.1028,Low
15568046,France,Male,24,7,109558.36,1,Yes,No,183515.13,No,0.1028,Low
15569438,Germany,Male,36,10,106702.94,2,No,No,198313.69,No,0.1027,Low
15656330,Spain,Female,32,0,68138.37,1,Yes,Yes,170309.19,No,0.1027,Low
15624703,Germany,Male,35,9,129847.75,2,Yes,No,197325.4,No,0.1027,Low
15800116,Germany,Male,28,4,145605.44,1,No,Yes,93883.53,No,0.1026,Low
15765537,Germany,Male,26,2,142721.52,1,Yes,Yes,153605.75,No,0.1026,Low
15644765,Germany,Male,26,4,120727.97,1,No,Yes,149073.88,No,0.1026,Low
15592765,France,Male,40,8,125470.81,1,Yes,Yes,174536.17,No,0.1026,Low
15667742,Spain,Male,41,5,100880.76,1,No,Yes,134665.25,No,0.1026,Low
15757628,France,Male,40,10,112896.86,1,Yes,Yes,121402.53,No,0.1026,Low
15789753,France,Male,40,6,148790.61,1,No,Yes,79329.7,No,0.1026,Low
15578435,France,Male,40,8,110340.68,1,Yes,Yes,157886.6,No,0.1026,Low
15788930,Spain,Male,37,7,132730.17,1,Yes,No,199293.01,No,0.1026,Low
15784286,Spain,Male,40,5,102145.13,1,Yes,Yes,100637.07,No,0.1026,Low
15740846,France,Male,40,5,125909.85,1,Yes,Yes,95124.4,No,0.1026,Low
15760749,Spain,Male,41,7,126683.8,1,No,Yes,114775.53,No,0.1026,Low
15763683,Germany,Male,32,4,139626.01,1,Yes,Yes,118235.52,Yes,0.1026,Low
15640266,Spain,Male,41,5,104631.67,1,Yes,Yes,95551.22,No,0.1026,Low
15607986,France,Male,40,10,139930.18,1,Yes,Yes,105720.09,No,0.1026,Low
15772941,Germany,Male,30,3,110153.27,1,No,Yes,74849.46,No,0.1026,Low
15608916,France,Male,40,7,147754.68,1,Yes,Yes,110454.46,No,0.1026,Low
15776936,France,Male,40,7,160818.08,1,No,Yes,169642.13,Yes,0.1026,Low
15796370,Spain,Male,40,5,155455.43,1,No,Yes,113581.85,No,0.1026,Low
15785611,Germany,Male,38,3,183102.29,1,Yes,Yes,71557.12,No,0.1025,Low
15773487,Germany,Female,31,8,76798.92,1,No,No,196021.73,No,0.1025,Low
15806771,France,Female,40,0,3768.69,2,Yes,No,177065.24,Yes,0.1025,Low
15717290,Germany,Male,41,2,112871.19,2,No,Yes,65520.74,No,0.1024,Low
15607381,Germany,Female,31,7,148913.72,2,Yes,No,53817.23,No,0.1023,Low
15600357,France,Female,40,1,140197.71,2,Yes,No,150720.39,No,0.1023,Low
15771749,Germany,Female,38,5,114268.22,2,Yes,Yes,89524.83,No,0.1023,Low
15613085,Spain,Female,33,3,0,1,Yes,Yes,188193.25,No,0.1022,Low
15721917,France,Female,38,8,95139.41,1,Yes,Yes,86575.46,No,0.1022,Low
15613518,France,Female,35,6,112668.7,1,No,Yes,122584.29,No,0.1022,Low
15646539,France,Male,31,3,96288.26,1,Yes,No,56794.73,No,0.1021,Low
15736254,France,Male,29,2,91955.61,1,Yes,No,37065.66,No,0.1021,Low
15685019,France,Male,29,3,102787.42,1,Yes,No,55972.56,No,0.1021,Low
15660840,France,Male,30,3,124119.54,1,Yes,No,162198.32,No,0.102,Low
15754874,France,Male,26,4,119009.57,1,Yes,No,141926.43,No,0.102,Low
15723827,France,Male,30,4,114779.35,1,No,No,183171.47,No,0.102,Low
15599152,France,Male,31,1,156111.24,1,No,No,134790.74,No,0.102,Low
15616525,Spain,Male,31,4,141356.47,1,No,No,137985.69,No,0.102,Low
15661249,France,Male,53,4,0,2,No,Yes,111307.98,No,0.1019,Low
15604355,France,Male,39,1,97700.02,1,Yes,Yes,30709.03,No,0.1019,Low
15794868,Germany,Male,40,10,137456.28,2,Yes,Yes,14113.11,No,0.1019,Low
15745623,France,Male,32,4,112079.58,1,No,No,89368.59,No,0.1018,Low
15567893,Germany,Male,33,3,124213.36,2,Yes,No,62627.55,No,0.1018,Low
15594720,Germany,Female,35,8,102742.91,2,Yes,Yes,189339.6,No,0.1017,Low
15693018,Germany,Male,23,10,115563.71,1,Yes,Yes,91633.53,No,0.1016,Low
15779973,Germany,Male,35,3,99967.76,1,Yes,Yes,176882.08,No,0.1015,Low
15780870,Spain,Male,67,3,153946.14,1,Yes,Yes,7418.92,No,0.1014,Low
15621974,Germany,Female,33,4,111063.73,2,Yes,No,83556.65,No,0.1014,Low
15687852,France,Male,30,2,104145.65,1,No,No,159629.64,No,0.1014,Low
15631481,France,Male,51,8,79563.36,2,Yes,Yes,172200.91,No,0.1013,Low
15671345,Spain,Female,42,6,75302.85,2,No,No,57034.35,No,0.1011,Low
15637650,France,Male,50,9,94748.76,2,No,Yes,13608.18,No,0.101,Low
15775153,Spain,Male,32,4,82034,1,No,No,146326.45,No,0.1009,Low
15765812,Spain,Male,48,1,0,2,Yes,Yes,8908,No,0.1009,Low
15739194,Spain,Male,38,0,178056.54,2,Yes,No,38434.73,No,0.1009,Low
15591489,France,Male,26,5,142662.68,1,No,No,60285.3,No,0.1009,Low
15809872,France,Male,32,2,84906.45,1,Yes,No,163216.48,No,0.1009,Low
15619130,Germany,Female,37,5,113291.05,2,Yes,Yes,132467.54,No,0.1009,Low
15586752,Germany,Male,33,8,152143.89,1,Yes,Yes,32174.03,No,0.1007,Low
15633227,France,Female,28,9,85146.36,1,No,No,2803.89,No,0.1007,Low
15607691,France,Male,36,8,174060.46,1,Yes,Yes,94925.62,No,0.1005,Low
15732334,France,Female,40,0,0,2,Yes,No,35795.85,No,0.1004,Low
15775067,France,Male,47,3,93578.68,2,No,Yes,137720.56,Yes,0.1004,Low
15604515,Germany,Female,22,10,111543.26,2,No,No,106327.85,No,0.1003,Low
15593365,Spain,Male,39,2,81273.13,1,Yes,Yes,18719.67,No,0.1002,Low
15697183,Spain,Male,43,9,0,2,Yes,No,107811.28,No,0.1002,Low
15672756,France,Female,35,8,112808.18,1,No,Yes,17848.3,No,0.1002,Low
15667462,Spain,Male,43,10,0,2,Yes,No,118368.2,No,0.1002,Low
15615832,Spain,Female,35,8,155621.08,1,No,Yes,35177.31,No,0.1002,Low
15787710,Spain,Female,39,9,0,2,Yes,No,28368.37,No,0.1002,Low
15638247,Spain,Male,44,9,0,2,Yes,No,142287.65,No,0.1002,Low
15713853,Germany,Male,42,9,108748.08,2,Yes,Yes,65323.11,No,0.1001,Low
15783659,France,Male,67,4,145981.87,1,Yes,Yes,131043.2,No,0.1001,Low
15615029,Spain,Male,39,6,0,1,Yes,Yes,95135.27,No,0.1001,Low
15804962,France,Male,36,1,155655.46,1,Yes,Yes,192387.51,Yes,0.1001,Low
15688984,France,Male,20,4,95830.43,1,Yes,No,177738.98,No,0.1001,Low
15652948,France,Male,33,4,92676.3,1,Yes,No,105817.63,No,0.1001,Low
15785547,France,Male,28,8,191402.82,2,Yes,No,83238.4,No,0.1,Low
15680683,Spain,Male,29,5,197200.04,2,Yes,No,141453.62,No,0.1,Low
15574554,Germany,Male,66,8,103291.25,2,Yes,Yes,130664.79,No,0.1,Low
15769005,France,Male,49,4,154344.49,2,Yes,Yes,38794.57,No,0.0999,Low
15583067,France,Female,36,4,97157.96,1,No,Yes,63185.05,No,0.0999,Low
15714981,France,Male,37,4,0,1,Yes,Yes,55775.84,Yes,0.0998,Low
15596575,Germany,Male,39,5,113193.51,2,Yes,Yes,52166.25,No,0.0998,Low
15757897,France,Female,26,3,104258.8,1,Yes,Yes,428.23,No,0.0998,Low
15768763,France,Male,37,2,0,1,No,Yes,52525.15,Yes,0.0998,Low
15628863,France,Male,38,4,60013.81,1,Yes,Yes,38020.05,No,0.0998,Low
15656176,France,Male,57,10,0,2,Yes,Yes,47847.19,No,0.0997,Low
15643696,France,Male,49,3,0,2,Yes,Yes,142917.54,No,0.0997,Low
15609637,France,Male,51,7,0,2,No,Yes,43496.36,No,0.0997,Low
15757467,Spain,Male,57,6,0,2,Yes,Yes,39297.48,No,0.0997,Low
15706394,France,Male,53,7,0,2,No,Yes,52332.85,No,0.0997,Low
15585198,France,Male,41,4,94267.9,1,No,Yes,152821.12,Yes,0.0996,Low
15689751,France,Female,31,2,79589.43,1,No,No,4050.57,No,0.0996,Low
15779414,Spain,Male,40,3,153639.11,1,Yes,Yes,138351.68,No,0.0996,Low
15603741,Spain,Male,40,4,128389.12,1,Yes,Yes,176091.31,No,0.0996,Low
15741693,France,Male,40,4,130661.96,1,Yes,Yes,101918.96,No,0.0996,Low
15800811,France,Male,40,3,148556.74,1,No,Yes,146056.29,No,0.0996,Low
15737735,Spain,Male,40,4,95053.1,1,Yes,Yes,116816.54,Yes,0.0996,Low
15650889,Germany,Female,30,10,133537.1,2,Yes,No,155593.74,No,0.0995,Low
15614302,Germany,Female,31,10,125837.86,2,Yes,No,189392.66,No,0.0995,Low
15714355,Germany,Male,32,8,121669.23,1,No,Yes,125898.39,No,0.0995,Low
15621818,Germany,Male,29,7,117726.33,1,Yes,Yes,175398.34,No,0.0995,Low
15644934,France,Male,26,9,105522.06,1,Yes,No,10842.46,No,0.0995,Low
15711572,Germany,Female,31,9,110941.93,2,Yes,No,163484.8,No,0.0995,Low
15786852,Germany,Female,38,2,158651.29,2,Yes,Yes,179445.28,No,0.0994,Low
15759184,France,Male,34,7,117715.84,1,Yes,No,2498.67,No,0.0994,Low
15750772,France,Female,38,6,132129.72,1,No,Yes,76068.95,No,0.0994,Low
15776231,Germany,Male,35,4,88109.81,1,Yes,Yes,32825.5,No,0.0993,Low
15815626,France,Male,63,2,68432.45,2,Yes,Yes,112503.24,Yes,0.0993,Low
15814209,France,Male,31,1,118870.92,1,Yes,No,101704.19,No,0.0993,Low
15793046,France,Female,35,4,90413.12,1,Yes,Yes,20555.21,No,0.0993,Low
15775949,France,Female,38,7,110615.47,1,Yes,Yes,193502.93,No,0.0993,Low
15804064,France,Female,35,2,79126.17,1,Yes,Yes,126997.53,No,0.0993,Low
15673929,France,Male,64,4,0,2,Yes,Yes,148305.82,No,0.0993,Low
15575428,Germany,Female,35,2,117438.92,2,Yes,Yes,16910.98,No,0.0991,Low
15683841,Germany,Male,41,10,113270.2,2,Yes,Yes,185387.14,No,0.0989,Low
15719090,Germany,Female,34,4,89437.03,1,Yes,Yes,189540.95,No,0.0989,Low
15618401,Germany,Male,41,10,113220.2,2,Yes,Yes,114072.91,No,0.0989,Low
15620836,Germany,Female,34,2,108410.87,2,Yes,No,102908.91,No,0.0989,Low
15731267,France,Male,37,4,75263.7,1,Yes,No,85801.77,No,0.0989,Low
15610781,France,Female,29,10,88378.6,1,Yes,No,88550.28,No,0.0988,Low
15693162,France,Female,29,5,99713.87,1,No,No,112317.89,No,0.0988,Low
15688868,France,Female,26,5,87098.91,1,No,No,106095.82,No,0.0988,Low
15624775,France,Male,67,2,94203.8,1,No,Yes,102391.06,No,0.0987,Low
15676094,France,Female,34,6,0,1,Yes,Yes,140268.45,No,0.0986,Low
15737910,Germany,Male,35,5,140691.08,2,Yes,No,167810.26,No,0.0986,Low
15648989,France,Male,37,4,126872.6,1,Yes,No,197266.58,No,0.0986,Low
15628008,Spain,Female,29,6,98759.89,1,No,No,112202.64,No,0.0986,Low
15793425,Spain,Female,33,9,0,1,No,Yes,183358.21,No,0.0986,Low
15706815,Germany,Male,37,2,90432.92,1,Yes,Yes,188366.04,Yes,0.0985,Low
15642202,Germany,Female,37,5,106453.53,2,No,Yes,127413,No,0.0985,Low
15809722,France,Female,40,8,100812.33,2,Yes,No,147358.27,No,0.0984,Low
15781307,Germany,Male,37,7,120092.52,2,Yes,No,135925.72,No,0.0984,Low
15812071,France,Male,54,6,93806.31,2,No,Yes,140068.77,No,0.0984,Low
15743818,Spain,Male,58,9,122330.7,2,No,Yes,124429.19,No,0.0984,Low
15741078,France,Male,54,7,111729.47,2,No,Yes,84920.49,No,0.0984,Low
15813660,Spain,Male,40,2,160625.17,1,No,Yes,3554.63,No,0.0983,Low
15772996,Germany,Male,40,0,152092.44,2,Yes,Yes,83508.93,No,0.0982,Low
15802381,Germany,Female,34,5,63663.93,1,No,Yes,167784.28,No,0.098,Low
15685920,Spain,Male,34,2,101506.66,1,No,No,198030.24,No,0.098,Low
15787014,Germany,Female,28,8,90371.09,1,Yes,Yes,146851.73,No,0.0978,Low
15802118,Spain,Male,41,7,123428.69,1,Yes,Yes,164924.11,No,0.0978,Low
15687329,Germany,Female,32,1,108465.65,2,Yes,No,60552.44,Yes,0.0976,Low
15725036,France,Male,42,9,118546.71,1,No,Yes,77142.85,No,0.0975,Low
15739292,Germany,Male,31,9,103837.75,1,Yes,Yes,150218.11,No,0.0974,Low
15699095,France,Female,24,3,0,1,Yes,Yes,198826.03,Yes,0.0973,Low
15722532,Spain,Female,36,10,91760.11,1,Yes,Yes,135784.94,No,0.0973,Low
15756680,France,Male,28,6,165798.1,1,Yes,No,147090.9,No,0.0972,Low
15639576,France,Male,26,9,136623.19,1,Yes,No,153228,No,0.0972,Low
15653997,Spain,Male,31,6,114493.68,1,No,No,138396.32,No,0.0972,Low
15598884,Spain,Female,23,5,0,1,Yes,Yes,180622.43,No,0.0972,Low
15773723,Spain,Female,22,9,67178.19,1,Yes,Yes,163534.75,Yes,0.0972,Low
15696506,Spain,Male,27,9,101352.78,1,No,No,30252.3,No,0.0972,Low
15732884,France,Male,29,7,131959.86,1,No,No,189268.81,No,0.0972,Low
15673747,France,Female,22,8,0,1,No,Yes,167553.06,No,0.0972,Low
15794323,France,Male,32,8,121240.76,1,Yes,No,116969.73,No,0.0972,Low
15694566,France,Female,42,10,0,2,No,No,169921.11,Yes,0.0971,Low
15578546,Germany,Male,26,4,102251.14,1,Yes,Yes,145900.89,No,0.0971,Low
15680421,France,Female,42,10,0,2,No,No,171099.22,No,0.0971,Low
15814116,France,Female,42,7,0,2,Yes,No,144039.05,No,0.0971,Low
15645717,France,Male,62,2,0,2,Yes,Yes,25438.87,No,0.097,Low
15636105,Spain,Male,61,2,0,2,Yes,Yes,43982.41,No,0.097,Low
15771139,Germany,Male,34,8,147487.23,2,Yes,No,66680.77,No,0.0969,Low
15749557,France,Female,44,6,0,2,Yes,Yes,192542.17,No,0.0969,Low
15739548,France,Male,28,9,111167.7,1,Yes,No,149331.01,No,0.0969,Low
15572114,Spain,Male,40,1,121629.22,1,Yes,Yes,3258.6,No,0.0968,Low
15618314,France,Male,40,8,114005.78,1,Yes,Yes,67998.45,No,0.0967,Low
15688612,France,Male,33,7,140956.99,1,No,No,3510.18,No,0.0967,Low
15605264,Germany,Male,47,0,63723.78,2,Yes,Yes,181928.25,No,0.0967,Low
15610042,France,Male,33,8,100267.03,1,Yes,No,103006.27,No,0.0967,Low
15793896,Spain,Male,40,7,95312.8,1,Yes,Yes,62944.75,No,0.0967,Low
15741181,France,Male,41,6,135071.12,1,Yes,Yes,64477.25,No,0.0967,Low
15624428,Germany,Female,24,7,40224.7,1,Yes,Yes,178341.33,No,0.0966,Low
15573112,Spain,Male,29,5,103907.28,1,Yes,No,161229.84,No,0.0965,Low
15589030,France,Male,47,1,0,2,Yes,Yes,145593.85,No,0.0965,Low
15681562,France,Female,43,2,112773.73,2,Yes,Yes,139366.58,No,0.0965,Low
15565714,France,Male,47,1,64430.06,2,No,Yes,96517.97,No,0.0965,Low
15627699,France,Male,32,10,105000.23,1,Yes,No,190019.61,No,0.0965,Low
15622470,Spain,Male,41,10,96032.22,1,Yes,Yes,75825.57,No,0.0965,Low
15737133,Spain,Male,68,4,114386.85,1,Yes,Yes,28601.68,No,0.0964,Low
15687688,Germany,Female,32,10,139875.2,2,Yes,No,15378.23,No,0.0964,Low
15695197,Germany,Female,25,7,128524.19,2,Yes,No,20682.46,No,0.0964,Low
15686957,Germany,Male,35,2,158584.28,2,Yes,No,43640.16,No,0.0964,Low
15716000,Spain,Male,48,2,0,2,Yes,Yes,7919.08,No,0.0963,Low
15777830,France,Female,42,4,0,2,No,No,167682.37,No,0.0963,Low
15657566,Germany,Male,24,8,103097.85,1,Yes,Yes,157577.29,No,0.0962,Low
15680141,Spain,Female,35,7,147936.42,1,Yes,Yes,106785.7,No,0.0962,Low
15707596,Germany,Female,74,8,114888.74,2,Yes,Yes,66732.63,Yes,0.0962,Low
15775912,France,Male,48,4,101238.24,2,No,Yes,177815.87,Yes,0.0961,Low
15664523,Germany,Female,31,8,122021.92,2,Yes,No,33828.64,No,0.0961,Low
15785865,France,Male,58,9,91285.13,2,Yes,Yes,26767.85,No,0.0961,Low
15596710,France,Female,33,1,167298.42,1,No,Yes,145381.65,No,0.0961,Low
15783522,Spain,Female,37,8,100565.94,1,Yes,Yes,128799.86,No,0.0961,Low
15575430,France,Female,33,1,118392.75,1,Yes,Yes,157564.75,No,0.0961,Low
15589380,Germany,Male,40,3,114446.84,2,Yes,Yes,87308.18,No,0.096,Low
15708791,Spain,Male,32,9,85534.83,1,No,No,169137.24,No,0.096,Low
15681697,France,Male,31,8,72541.48,1,Yes,No,129803.08,No,0.096,Low
15770543,France,Male,37,7,74260.03,1,Yes,No,194617.98,No,0.096,Low
15591822,Spain,Male,26,9,76226.9,1,Yes,No,167564.82,No,0.096,Low
15637774,France,Male,32,5,73494.21,1,No,No,136301.1,No,0.096,Low
15799925,France,Male,60,6,88541.57,2,Yes,Yes,131718.12,No,0.096,Low
15796071,Spain,Male,29,7,83889.03,1,Yes,No,153059.62,No,0.096,Low
15645896,Germany,Male,39,6,121681.91,2,No,Yes,61793.47,No,0.096,Low
15670755,France,Male,60,8,0,2,Yes,Yes,102925.76,No,0.0959,Low
15747542,France,Male,52,7,0,2,Yes,Yes,173952.5,No,0.0959,Low
15808189,France,Male,52,6,0,2,No,Yes,123622,No,0.0959,Low
15663921,France,Male,60,7,0,2,Yes,Yes,163691.48,No,0.0959,Low
15623927,France,Male,55,9,0,2,Yes,Yes,94450.97,No,0.0959,Low
15587419,France,Male,58,8,0,2,No,Yes,107665.68,Yes,0.0959,Low
15632324,France,Male,59,7,0,2,Yes,Yes,162347.05,No,0.0959,Low
15749528,Spain,Male,58,6,0,2,No,Yes,170025.43,No,0.0959,Low
15809830,France,Male,50,8,0,2,No,Yes,79377.45,No,0.0959,Low
15584967,Spain,Male,57,6,0,2,Yes,Yes,72402,No,0.0959,Low
15575399,France,Female,42,1,152160.21,2,Yes,No,101778.9,No,0.0959,Low
15594556,Spain,Male,52,8,0,2,Yes,Yes,123242.11,No,0.0959,Low
15592025,France,Male,53,7,0,2,Yes,Yes,130132.41,No,0.0959,Low
15650454,France,Male,57,5,0,2,Yes,Yes,122449.18,No,0.0959,Low
15656901,France,Male,59,8,0,2,Yes,Yes,165576.55,No,0.0959,Low
15710726,France,Male,52,8,0,2,No,Yes,178229.04,No,0.0959,Low
15699461,Spain,Male,35,10,176273.95,1,No,Yes,121277.78,No,0.0958,Low
15682928,Spain,Male,39,4,65521.2,1,Yes,Yes,1243.97,No,0.0958,Low
15724764,Germany,Female,42,10,64404.26,2,No,No,26022.37,No,0.0957,Low
15571261,Germany,Female,35,6,126077.43,2,Yes,Yes,53954.24,No,0.0956,Low
15773934,France,Male,33,6,88294.6,1,Yes,No,66979.06,No,0.0956,Low
15723685,Germany,Female,26,7,105514.69,2,Yes,No,50070.59,No,0.0955,Low
15770255,Germany,Female,33,10,83555.58,1,No,No,69767.14,No,0.0955,Low
15607065,France,Male,34,9,91835.16,1,No,No,138280.17,No,0.0954,Low
15765846,Spain,Female,31,2,94222.53,1,Yes,No,103570.8,No,0.0954,Low
15639665,Spain,Male,61,0,0,2,Yes,Yes,96202.44,No,0.0954,Low
15728829,France,Male,18,7,102983.91,1,Yes,No,171770.58,No,0.0953,Low
15807768,Germany,Male,28,1,103033.83,1,Yes,Yes,40321.87,No,0.0952,Low
15584766,France,Male,33,3,54503.55,1,Yes,Yes,371.05,No,0.0951,Low
15754112,Spain,Male,55,7,0,2,Yes,Yes,41967.03,No,0.095,Low
15672027,Germany,Female,33,10,102185.42,2,Yes,No,23231.93,No,0.095,Low
15571586,Spain,Male,29,3,159035.45,1,Yes,No,2705.31,Yes,0.0949,Low
15780561,France,Female,39,9,83456.79,2,No,No,38882.34,No,0.0948,Low
15770420,Germany,Male,46,10,78136.36,2,Yes,Yes,73470.98,No,0.0947,Low
15626898,France,Male,30,7,77599.23,1,No,No,144407.1,No,0.0947,Low
15585865,France,Female,38,2,170061.92,2,No,No,134901.34,Yes,0.0946,Low
15567993,Spain,Male,28,8,134766.85,1,Yes,No,79355.87,No,0.0946,Low
15756472,France,Male,25,7,108396.67,1,Yes,No,128276.95,No,0.0946,Low
15730339,Spain,Male,30,3,133446.34,1,No,No,3154.95,No,0.0946,Low
15592379,Spain,Female,42,9,121056.63,2,Yes,No,39122.58,No,0.0946,Low
15744622,France,Male,32,8,116358,1,Yes,No,108798.36,No,0.0946,Low
15656865,Germany,Male,69,9,78778.49,1,No,Yes,8751.59,No,0.0945,Low
15793641,France,Female,70,3,0,2,Yes,Yes,172240.27,No,0.0945,Low
15635367,France,Male,26,2,93844.69,1,Yes,No,28415.36,No,0.0943,Low
15737795,Spain,Male,36,1,0,1,No,Yes,135482.26,Yes,0.0943,Low
15721921,France,Male,44,8,165326.2,1,Yes,Yes,57205.55,No,0.0943,Low
15668894,Germany,Male,41,5,122552.48,2,No,Yes,120646.4,No,0.0943,Low
15611186,France,Male,37,1,39344.83,1,Yes,Yes,178291.89,Yes,0.0943,Low
15673084,Spain,Male,38,1,68079.8,1,No,Yes,166264.89,No,0.0943,Low
15701319,Germany,Female,37,6,96340.81,2,Yes,Yes,139377.24,Yes,0.0943,Low
15779620,France,Male,36,1,0,1,No,Yes,94570.56,No,0.0943,Low
15627365,France,Male,46,0,0,2,Yes,Yes,184350.78,No,0.0942,Low
15575147,France,Male,22,9,99339,1,Yes,No,68297.61,Yes,0.0942,Low
15664881,France,Male,34,4,100054.77,1,Yes,No,109496.45,No,0.0941,Low
15806945,France,Female,30,9,88594.14,1,Yes,No,196332.45,No,0.0941,Low
15641585,France,Male,40,6,97339.99,1,No,Yes,88815.25,No,0.0941,Low
15581551,Spain,Male,41,8,132838.07,1,Yes,Yes,175347.28,No,0.0941,Low
15591607,France,Male,24,9,101827.07,1,Yes,No,167256.35,No,0.094,Low
15699247,France,Female,44,5,0,2,Yes,Yes,123977.86,Yes,0.094,Low
15732175,France,Male,37,2,0,1,No,Yes,8065,No,0.0939,Low
15711733,France,Male,48,4,0,2,No,Yes,146821.42,No,0.0938,Low
15599272,France,Female,36,1,151844.64,1,Yes,Yes,135388.89,No,0.0937,Low
15619898,France,Male,55,5,0,2,Yes,Yes,7008.65,No,0.0937,Low
15711602,France,Female,36,3,91711.59,1,Yes,Yes,95393.43,No,0.0936,Low
15661526,Germany,Male,37,2,110777.26,2,Yes,No,2383.59,No,0.0935,Low
15726556,Germany,Female,26,6,135067.52,2,No,No,131211.86,No,0.0935,Low
15643967,France,Female,37,4,92208.54,1,No,Yes,197699.8,Yes,0.0935,Low
15581323,Germany,Female,28,7,139246.22,2,Yes,No,106799.49,No,0.0935,Low
15737275,France,Male,39,3,113096.41,1,Yes,Yes,60335.24,No,0.0935,Low
15660271,Germany,Male,26,8,146133.39,1,Yes,Yes,175296.76,No,0.0934,Low
15729970,Germany,Male,29,8,127269.75,1,No,Yes,79495.01,No,0.0934,Low
15790596,Spain,Male,39,0,141829.67,1,Yes,Yes,92748.16,No,0.0934,Low
15776433,Spain,Male,62,2,0,2,Yes,Yes,186489.95,No,0.0933,Low
15654341,France,Male,34,8,101116.06,1,Yes,No,196395.05,No,0.0933,Low
15796413,France,Male,46,6,0,2,Yes,No,195325.74,No,0.0933,Low
15720924,France,Female,34,1,0,1,Yes,Yes,75503.6,No,0.0933,Low
15789413,France,Male,64,3,0,2,Yes,Yes,75272.63,No,0.0933,Low
15610147,France,Male,60,2,0,2,No,Yes,2085.32,No,0.0932,Low
15650432,Germany,Male,41,10,84622.13,1,Yes,Yes,198072.16,No,0.0931,Low
15638424,Germany,Female,35,5,150725.53,2,No,Yes,113656.85,No,0.093,Low
15589975,France,Female,73,6,97259.25,1,No,Yes,104719.66,No,0.093,Low
15688264,France,Female,43,0,0,2,Yes,Yes,41263.69,No,0.093,Low
15624866,Germany,Male,37,3,168735.74,2,No,No,70370.24,No,0.0928,Low
15788920,Germany,Female,32,4,109196.67,2,Yes,No,55218.02,No,0.0928,Low
15780144,Germany,Female,32,2,123403.85,2,Yes,No,80120.19,No,0.0927,Low
15633419,Germany,Female,28,1,143124.63,2,Yes,No,81723.8,No,0.0927,Low
15658306,France,Male,68,4,97705.99,1,Yes,Yes,61569.07,No,0.0927,Low
15600821,France,Male,69,2,108424.19,1,Yes,Yes,178418.35,No,0.0927,Low
15723320,Germany,Female,25,2,109175.14,2,Yes,No,114566.47,No,0.0927,Low
15648577,France,Female,31,3,0,1,Yes,Yes,176570.28,Yes,0.0927,Low
15650034,France,Female,28,1,0,1,Yes,Yes,162428.05,No,0.0927,Low
15681990,Germany,Male,24,6,111769.14,2,Yes,No,55859.27,No,0.0927,Low
15661723,Spain,Male,71,4,137260.78,1,No,Yes,94433.08,Yes,0.0927,Low
15654625,Germany,Male,39,8,120252.02,2,Yes,Yes,10160.23,No,0.0927,Low
15578141,Spain,Male,38,3,0,1,Yes,Yes,12905.89,Yes,0.0927,Low
15669994,Germany,Female,31,1,128663.81,2,Yes,No,125083.29,No,0.0927,Low
15811389,Germany,Female,35,0,171982.95,2,No,Yes,167313.07,No,0.0927,Low
15583692,Germany,Female,35,2,90194.34,2,Yes,No,57064.57,No,0.0927,Low
15666173,Germany,Female,32,1,96408.98,1,Yes,Yes,138191.81,No,0.0925,Low
15641582,Germany,Male,43,10,123180.01,2,Yes,Yes,196673.28,No,0.0924,Low
15621083,France,Male,57,6,136325.48,2,Yes,Yes,72549.27,Yes,0.0924,Low
15756196,France,Male,50,6,121818.84,2,No,Yes,124151.37,No,0.0924,Low
15592578,Spain,Female,41,7,146997.64,2,No,No,137791.18,No,0.0924,Low
15625035,France,Male,50,8,160139.59,2,Yes,Yes,79314.1,No,0.0924,Low
15756150,France,Female,39,2,0,2,No,No,9041.71,No,0.0923,Low
15575410,Germany,Female,39,4,83765.35,2,Yes,No,118358.54,No,0.0922,Low
15770711,Germany,Female,28,4,90696.78,1,No,Yes,21597.2,No,0.0922,Low
15571302,Germany,Male,72,5,94216.05,1,Yes,Yes,78695.68,No,0.0921,Low
15762882,Germany,Female,31,4,61211.18,1,Yes,Yes,145250.43,No,0.0921,Low
15579112,France,Male,47,2,0,2,Yes,Yes,186116.54,No,0.092,Low
15734588,France,Male,46,0,0,2,Yes,Yes,36376.97,No,0.092,Low
15632576,France,Male,31,4,93249.4,1,Yes,No,77335.75,No,0.092,Low
15733032,Spain,Male,47,2,0,2,Yes,Yes,119808.64,No,0.092,Low
15655952,France,Male,47,2,0,2,Yes,Yes,97057.28,No,0.092,Low
15801904,Germany,Male,28,0,143988,2,Yes,No,8755.69,Yes,0.0919,Low
15783349,Spain,Male,39,1,111233.09,1,Yes,Yes,123995.15,No,0.0919,Low
15775339,France,Female,29,8,95947.76,1,Yes,No,4696.44,No,0.0919,Low
15660211,Germany,Male,35,7,156847.29,2,Yes,No,31824.29,No,0.0918,Low
15703177,France,Female,35,2,90865.8,1,Yes,Yes,86764.46,No,0.0918,Low
15690678,France,Female,33,4,129307.32,1,Yes,Yes,172930.28,No,0.0917,Low
15612139,France,Female,33,0,83036.05,1,No,Yes,154990.58,Yes,0.0917,Low
15815560,Germany,Male,74,7,105102.5,1,Yes,Yes,46172.47,No,0.0916,Low
15569624,Germany,Female,31,6,105864.6,2,Yes,No,145567.34,No,0.0916,Low
15592531,France,Male,50,7,0,2,Yes,Yes,10062.8,No,0.0915,Low
15802362,Spain,Male,45,0,0,2,No,Yes,70399.71,No,0.0915,Low
15733597,France,Female,41,0,150219.41,2,No,No,107839.03,No,0.0915,Low
15652835,Spain,Female,27,2,121580.42,1,No,Yes,134720.51,No,0.0915,Low
15614049,France,Male,55,8,0,2,Yes,Yes,139161.64,No,0.0914,Low
15594917,France,Female,34,1,63095.01,1,Yes,Yes,40645.81,No,0.0914,Low
15598493,France,Male,50,7,0,2,No,Yes,72143.44,No,0.0914,Low
15604345,France,Female,22,9,65763.57,1,Yes,Yes,145792.01,No,0.0914,Low
15693926,Spain,Male,37,0,178742.71,1,Yes,Yes,194493.57,No,0.0913,Low
15791304,Germany,Male,25,7,165413.43,1,Yes,Yes,35279.74,No,0.0912,Low
15623560,France,Female,35,6,102482.76,1,Yes,Yes,53994.64,No,0.091,Low
15680167,France,Female,78,6,47536.4,1,Yes,Yes,119400.08,No,0.091,Low
15641312,France,Male,36,6,0,1,Yes,Yes,27011.8,Yes,0.0909,Low
15713769,Spain,Male,38,7,0,1,Yes,Yes,27239.28,No,0.0909,Low
15807900,France,Male,36,7,0,1,Yes,Yes,55868.97,Yes,0.0909,Low
15654409,France,Female,34,5,67816.72,1,Yes,Yes,29641.58,No,0.0908,Low
15654292,Germany,Male,33,8,130368.31,2,Yes,No,105642.43,No,0.0908,Low
15632365,Germany,Male,33,8,142871.27,2,No,No,77737.86,No,0.0908,Low
15585734,Germany,Male,41,9,137742.9,2,Yes,Yes,166957.82,No,0.0908,Low
15800295,Germany,Male,34,9,112746.54,2,No,No,141230.07,No,0.0908,Low
15755225,Germany,Male,34,9,134464.58,2,Yes,No,178833.34,No,0.0908,Low
15719958,Germany,Male,39,3,124548.99,2,Yes,Yes,120380.12,No,0.0907,Low
15684440,Germany,Male,32,2,98986.28,1,Yes,Yes,55867.38,No,0.0907,Low
15736146,Germany,Male,28,4,96679.71,1,Yes,Yes,49133.45,No,0.0907,Low
15704597,France,Male,33,7,174571.36,1,No,Yes,43943.09,No,0.0907,Low
15698028,France,Female,41,1,0,2,Yes,No,31766.3,No,0.0906,Low
15794916,France,Male,41,7,113980.21,1,Yes,Yes,116704.25,No,0.0906,Low
15702968,Germany,Male,74,3,106545.53,1,Yes,Yes,134589.58,No,0.0906,Low
15688337,France,Male,40,9,118129.87,1,Yes,Yes,160277.65,No,0.0906,Low
15808849,France,Male,40,7,145536.9,1,No,Yes,135334.24,No,0.0906,Low
15693906,France,Female,24,3,34547.82,1,Yes,Yes,11638.17,No,0.0905,Low
15595440,France,Male,49,7,122451.46,2,Yes,Yes,75808.1,No,0.0904,Low
15762216,France,Female,41,4,129553.76,2,Yes,No,187599.8,No,0.0904,Low
15589869,France,Male,49,9,111634.29,2,No,Yes,166440.32,No,0.0904,Low
15636590,France,Male,46,1,0,2,Yes,Yes,65998.26,No,0.0904,Low
15716605,Germany,Female,24,7,103099.17,2,Yes,No,173276.62,No,0.0904,Low
15613772,France,Male,39,3,135096.77,1,Yes,Yes,14353.43,Yes,0.0903,Low
15813034,Spain,Male,38,2,62276.99,1,Yes,Yes,59280.79,No,0.0903,Low
15580134,Spain,Male,27,2,172463.45,1,Yes,Yes,40315.27,No,0.0903,Low
15701081,France,Male,36,2,0,1,No,Yes,61811.1,No,0.0903,Low
15636069,Spain,Male,28,7,155519.59,1,Yes,No,1843.24,No,0.0903,Low
15747762,France,Male,32,7,118520.41,1,No,No,3815.48,No,0.0903,Low
15781589,Spain,Male,52,8,0,2,No,Yes,179291.85,No,0.0902,Low
15725478,France,Male,60,7,0,2,Yes,Yes,111558.7,No,0.0902,Low
15805884,France,Female,41,9,0,2,Yes,No,145477.36,No,0.0902,Low
15689955,France,Female,40,7,0,2,Yes,No,176547.8,No,0.0902,Low
15683560,France,Female,40,7,0,2,Yes,No,183963.34,No,0.0902,Low
15734737,France,Male,56,9,0,2,Yes,Yes,169498.61,No,0.0902,Low
15659098,France,Male,30,7,95128.86,1,No,No,19799.26,No,0.0901,Low
15773039,France,Male,37,3,0,1,Yes,Yes,179670.31,No,0.09,Low
15573045,France,Male,62,10,127738.75,2,Yes,Yes,85153,No,0.09,Low
15661745,France,Male,36,3,0,1,No,Yes,144078.02,No,0.09,Low
15696054,France,Male,37,2,0,1,No,Yes,121175.86,No,0.09,Low
15671139,Spain,Male,39,0,107042.74,1,Yes,Yes,102284.2,No,0.0899,Low
15599004,Spain,Male,37,1,0,1,Yes,Yes,106040.97,No,0.0899,Low
15667944,France,Male,39,0,86843.61,1,No,Yes,159830.58,No,0.0899,Low
15766374,Germany,Male,42,4,119624.6,2,Yes,Yes,195978.86,No,0.0898,Low
15801152,Spain,Female,39,1,142876.98,2,Yes,No,44363.42,No,0.0898,Low
15621205,France,Male,34,4,175111.11,1,Yes,Yes,74858.3,No,0.0898,Low
15708236,France,Female,72,6,91285.22,1,Yes,Yes,7032.95,No,0.0898,Low
15756305,France,Female,66,6,0,2,Yes,Yes,160663.11,No,0.0896,Low
15778861,Spain,Male,33,6,97188.62,1,No,No,91881.29,No,0.0896,Low
15641860,Germany,Male,34,6,108760.27,2,Yes,No,166324.79,Yes,0.0896,Low
15679029,France,Male,33,7,102874.28,1,No,No,117841.06,No,0.0896,Low
15584338,France,Female,40,0,0,2,Yes,No,62762.12,No,0.0895,Low
15597709,France,Female,39,6,154121.32,2,Yes,No,176614.86,Yes,0.0895,Low
15677395,France,Female,39,9,129189.15,2,No,No,170998.83,No,0.0895,Low
15659305,Germany,Male,19,8,166133.28,1,Yes,Yes,107994.99,No,0.0895,Low
15812945,France,Female,29,0,0,1,Yes,Yes,84012.81,No,0.0894,Low
15683521,Germany,Male,28,0,142574.71,2,Yes,No,129084.82,No,0.0894,Low
15633854,France,Female,40,3,0,2,Yes,No,167889.1,No,0.0894,Low
15727059,France,Female,40,4,0,2,No,No,182547.04,No,0.0894,Low
15605293,France,Female,43,1,0,2,Yes,Yes,196645.87,No,0.0894,Low
15716328,France,Female,40,2,0,2,No,No,141946.92,No,0.0894,Low
15574761,France,Female,41,3,33563.95,2,Yes,No,178994.13,Yes,0.0894,Low
15793070,Spain,Female,41,2,69974.66,2,Yes,No,188426.13,Yes,0.0894,Low
15579166,France,Female,30,7,70729.17,1,Yes,Yes,160948.87,No,0.0893,Low
15759274,France,Female,32,10,0,1,Yes,Yes,151815.76,No,0.0893,Low
15585490,France,Female,34,4,0,1,No,Yes,65166.6,No,0.0893,Low
15641782,France,Female,31,7,0,1,No,Yes,183051.6,Yes,0.0893,Low
15683168,France,Female,30,6,0,1,No,Yes,175025.27,No,0.0893,Low
15596522,France,Female,42,2,0,2,Yes,No,145222.93,No,0.0892,Low
15748752,Germany,Male,33,1,102772.67,2,Yes,No,70705.58,No,0.0892,Low
15684512,Germany,Female,72,8,135290.42,2,Yes,Yes,63729.72,No,0.0892,Low
15590820,Spain,Male,26,6,79932.41,1,No,No,150242.44,No,0.089,Low
15758531,France,Female,40,10,0,2,Yes,No,154189.08,No,0.089,Low
15756625,France,Female,41,8,0,2,Yes,No,139844.04,Yes,0.089,Low
15760244,France,Female,76,5,160979.68,1,No,Yes,13848.58,No,0.0889,Low
15637522,France,Female,31,0,106942.08,1,No,Yes,44001.11,No,0.0889,Low
15666166,France,Female,74,0,121276.32,1,Yes,Yes,160348.31,No,0.0889,Low
15627830,Germany,Female,30,5,32197.64,1,No,Yes,141446.01,No,0.0888,Low
15599722,Spain,Female,43,6,86053.52,2,Yes,Yes,113276.46,Yes,0.0887,Low
15729958,France,Male,37,1,0,1,Yes,Yes,126837.72,No,0.0887,Low
15770185,France,Male,32,10,80728.15,1,Yes,No,86306.75,No,0.0887,Low
15680666,Spain,Female,39,2,151963.26,2,Yes,No,158948.63,No,0.0887,Low
15654229,Spain,Male,47,1,0,2,No,Yes,30117.44,No,0.0885,Low
15750808,Spain,Male,46,2,131365.37,2,Yes,Yes,180290.68,No,0.0885,Low
15608653,Spain,Female,34,7,70731.07,1,Yes,Yes,20243.97,Yes,0.0884,Low
15715465,Germany,Male,28,7,77776.39,1,Yes,No,177737.07,No,0.0884,Low
15748625,France,Male,57,6,0,2,Yes,Yes,15304.08,No,0.0883,Low
15589805,France,Female,34,6,139810.34,1,Yes,Yes,152417.79,No,0.0883,Low
15582960,France,Female,33,5,125827.43,1,No,Yes,145698.73,No,0.0883,Low
15798024,Germany,Male,84,8,92242.34,1,Yes,Yes,186235.98,No,0.0883,Low
15769254,Germany,Female,34,9,101861.36,2,No,No,187011.96,No,0.0882,Low
15667093,France,Male,37,2,0,1,Yes,Yes,13624.02,No,0.0882,Low
15677305,France,Female,35,7,107749.03,1,Yes,Yes,3937.37,No,0.0881,Low
15665766,Germany,Male,39,9,133191.19,2,No,Yes,53289.49,No,0.0881,Low
15638513,France,Female,40,7,142856.95,2,No,No,38019.74,No,0.0881,Low
15790659,Spain,Male,59,7,0,2,No,Yes,27597.59,No,0.088,Low
15768455,France,Male,60,8,0,2,Yes,Yes,51380.9,No,0.088,Low
15736302,France,Male,48,4,0,2,Yes,Yes,170893.85,No,0.088,Low
15749727,Spain,Male,50,7,0,2,No,Yes,178458.86,No,0.088,Low
15611973,France,Male,55,7,0,2,Yes,Yes,118752.6,No,0.088,Low
15712608,Germany,Female,42,2,74483.97,2,No,Yes,44273.91,No,0.0879,Low
15734005,France,Female,42,1,0,2,Yes,No,56865.62,No,0.0878,Low
15777586,Spain,Female,42,2,109052.04,2,Yes,No,6409.55,No,0.0878,Low
15761477,Germany,Male,24,4,130806.42,2,Yes,No,80241.14,No,0.0877,Low
15650545,France,Male,69,7,71996.09,1,Yes,Yes,139065.94,No,0.0877,Low
15702741,France,Male,32,8,93012.89,1,Yes,No,86957.42,No,0.0876,Low
15764195,Spain,Male,39,4,111900.14,1,Yes,Yes,97577.17,No,0.0876,Low
15619407,France,Male,39,4,133707.09,1,Yes,Yes,108152.75,No,0.0876,Low
15685826,France,Male,30,7,90727.79,1,Yes,No,122268.75,No,0.0876,Low
15588019,France,Male,28,7,98738.92,1,Yes,No,122190.22,No,0.0876,Low
15667456,Spain,Male,62,3,0,2,Yes,Yes,82195.15,No,0.0876,Low
15711521,France,Male,39,3,121778.71,1,Yes,Yes,138399.67,No,0.0876,Low
15738224,France,Male,32,6,99162.29,1,Yes,No,128384.11,No,0.0876,Low
15596181,France,Male,38,8,65942.26,1,Yes,Yes,68093.23,Yes,0.0874,Low
15699335,Germany,Female,33,3,137657.25,2,Yes,Yes,171657.57,No,0.0874,Low
15799042,France,Male,38,7,0,1,Yes,Yes,63202,No,0.0874,Low
15703068,Germany,Male,41,8,126145.54,2,Yes,Yes,138051.19,No,0.0874,Low
15618695,Spain,Female,22,3,108117.1,1,No,Yes,53328.7,No,0.0873,Low
15754578,France,Female,35,0,135984.15,2,Yes,No,186778.89,No,0.0873,Low
15780716,Germany,Male,39,3,129626.19,2,Yes,Yes,103220.56,No,0.0873,Low
15596808,Spain,Male,33,4,96110.22,1,Yes,No,1173.23,No,0.0872,Low
15786418,France,Female,20,6,0,1,No,Yes,20508.85,No,0.0872,Low
15617982,Spain,Female,42,3,0,2,Yes,No,35989.41,No,0.0871,Low
15765732,Spain,Female,24,6,149592.14,1,Yes,Yes,153771.8,No,0.0871,Low
15789484,Germany,Female,36,6,169831.46,2,Yes,Yes,27758.36,No,0.087,Low
15772601,Germany,Female,41,2,81733.74,2,No,No,199761.29,No,0.087,Low
15586135,Spain,Female,28,4,0,1,Yes,Yes,136197.65,No,0.087,Low
15631838,France,Male,61,5,108166.09,2,No,Yes,8643.21,No,0.0869,Low
15737627,Germany,Female,20,2,121093.29,2,Yes,No,3529.72,No,0.0869,Low
15719352,Spain,Male,39,6,170184.99,2,Yes,No,89593.26,No,0.0868,Low
15710424,France,Male,36,4,0,1,Yes,Yes,197015.2,No,0.0868,Low
15778025,Germany,Male,43,9,108589.47,2,No,Yes,194808.51,No,0.0868,Low
15736534,Germany,Male,33,0,181656.51,1,Yes,Yes,107667.91,No,0.0866,Low
15589428,France,Female,42,9,0,2,Yes,No,35673.42,No,0.0866,Low
15749482,Spain,Male,30,4,78653.05,1,Yes,No,1790.48,No,0.0864,Low
15747677,Spain,Male,69,6,163975.09,1,Yes,Yes,36108.5,No,0.0864,Low
15641183,Spain,Male,25,8,96950.21,1,Yes,No,97877.92,No,0.0864,Low
15637315,Spain,Female,41,3,0,2,Yes,No,54342.83,No,0.0864,Low
15771674,Spain,Female,39,5,162390.52,2,Yes,No,54702.66,No,0.0864,Low
15668971,France,Female,40,4,55776.39,2,Yes,No,26920.43,No,0.0864,Low
15615032,Spain,Male,46,3,0,2,Yes,Yes,62825.03,No,0.0862,Low
15704954,France,Male,37,0,120764.08,1,Yes,Yes,117023.08,No,0.0862,Low
15678317,France,Male,46,2,0,2,Yes,Yes,59563.49,No,0.0862,Low
15726814,Spain,Male,46,4,0,2,No,Yes,57320.92,No,0.0862,Low
15803750,Spain,Female,33,3,161801.47,1,No,Yes,153288.97,Yes,0.0862,Low
15808566,France,Male,46,2,0,2,Yes,Yes,169122.54,No,0.0862,Low
15815534,Spain,Male,37,0,134006.39,1,Yes,Yes,93736.69,No,0.0862,Low
15658485,France,Female,34,9,70302.48,1,Yes,Yes,68600.36,No,0.0861,Low
15789097,France,Male,48,8,0,2,No,Yes,44965.54,Yes,0.0861,Low
15785542,Germany,Male,26,4,118287.01,2,No,No,60427.3,No,0.086,Low
15604544,Germany,Male,40,4,166082.15,2,No,Yes,44406.17,No,0.086,Low
15753861,Germany,Female,27,1,115095.88,2,No,No,78622.46,No,0.0859,Low
15689612,Spain,Female,34,8,0,1,No,Yes,106981.03,No,0.0858,Low
15754999,France,Female,33,8,0,1,Yes,Yes,124641.42,No,0.0858,Low
15734917,Germany,Male,21,8,133974.36,2,Yes,No,50294.09,No,0.0858,Low
15718280,Germany,Male,39,5,139822.11,2,Yes,Yes,146219.9,No,0.0857,Low
15682070,France,Male,64,9,0,2,Yes,Yes,53277.15,No,0.0857,Low
15679733,Germany,Male,40,2,113228.38,2,Yes,Yes,46415.09,No,0.0856,Low
15565706,Spain,Male,35,1,0,1,Yes,Yes,83256.26,Yes,0.0856,Low
15615140,France,Male,36,6,111168.97,1,Yes,Yes,189969.91,No,0.0856,Low
15744695,France,Male,39,5,77652.4,1,Yes,Yes,25407.59,No,0.0856,Low
15671610,France,Male,36,7,0,1,Yes,Yes,13177.4,No,0.0854,Low
15585961,Spain,Female,43,3,0,2,No,Yes,199505.53,No,0.0853,Low
15730397,Spain,Male,40,1,109681.61,1,Yes,Yes,193321.3,No,0.0853,Low
15598175,Germany,Female,26,4,105082.07,2,Yes,No,132801.57,No,0.0853,Low
15764294,Germany,Male,31,4,98899.91,1,Yes,Yes,47832.82,No,0.0853,Low
15623730,France,Male,34,1,0,1,No,Yes,86330.32,No,0.0853,Low
15587038,Spain,Female,32,2,0,1,Yes,Yes,51972.92,Yes,0.0853,Low
15628303,Spain,Male,35,3,0,1,Yes,Yes,15650.73,No,0.0852,Low
15672912,Spain,Female,39,7,130051.66,2,No,No,55356.39,Yes,0.0852,Low
15598338,Germany,Female,33,3,168560.46,2,No,No,90270.16,No,0.0852,Low
15773520,France,Female,43,4,92599.55,2,Yes,Yes,167336.78,No,0.0852,Low
15797733,Germany,Male,30,10,136622.55,2,No,No,47310.24,No,0.0851,Low
15605791,Germany,Male,29,9,144287.6,2,Yes,No,32063.3,No,0.0851,Low
15736154,France,Female,44,1,0,2,No,Yes,182495.7,No,0.0849,Low
15734765,France,Female,20,4,133800.98,1,No,Yes,150245.81,No,0.0849,Low
15715941,France,Male,54,5,0,2,Yes,Yes,88721.84,No,0.0847,Low
15614215,France,Male,53,6,0,2,No,Yes,97614.87,No,0.0847,Low
15714750,France,Female,42,3,92578.14,2,No,No,70810.6,No,0.0847,Low
15672115,France,Male,60,6,0,2,Yes,Yes,77331.77,No,0.0847,Low
15638988,France,Male,54,6,0,2,Yes,Yes,94888.6,No,0.0847,Low
15734058,Germany,Male,32,9,170661.47,1,Yes,Yes,21646.2,No,0.0847,Low
15694125,France,Male,57,5,0,2,Yes,Yes,56875.76,No,0.0847,Low
15745716,Spain,Male,53,7,0,2,No,Yes,117939.17,No,0.0847,Low
15607753,Spain,Female,23,10,70417.79,1,No,Yes,90896.04,No,0.0846,Low
15802088,Spain,Female,22,10,0,1,Yes,Yes,101311.95,No,0.0846,Low
15712543,Germany,Male,39,7,124828.46,2,Yes,Yes,124411.08,No,0.0845,Low
15586959,France,Female,42,5,0,2,Yes,No,125305.34,No,0.0845,Low
15675320,Spain,Female,40,5,93499.82,2,No,No,123218.81,No,0.0845,Low
15664802,France,Female,42,5,0,2,No,No,101905.34,No,0.0845,Low
15794468,France,Female,42,6,0,2,No,No,121138.77,No,0.0845,Low
15596303,France,Female,39,0,0,2,Yes,No,53222.15,Yes,0.0845,Low
15800688,Spain,Female,42,7,0,2,No,No,130404.53,No,0.0845,Low
15642336,France,Female,42,9,0,2,No,No,135630.32,No,0.0844,Low
15613337,France,Male,47,2,0,2,Yes,Yes,182247.77,No,0.0844,Low
15644297,Germany,Male,38,5,178787.54,1,Yes,Yes,195760.53,No,0.0844,Low
15657771,France,Male,37,6,0,1,Yes,Yes,17802.42,No,0.0844,Low
15810800,Spain,Female,32,0,0,1,Yes,Yes,72873.33,No,0.0843,Low
15569410,Germany,Female,33,7,114430.18,2,Yes,Yes,153012.13,No,0.0842,Low
15570769,France,Male,69,9,93320.8,1,Yes,Yes,24489.44,No,0.0842,Low
15622833,Germany,Female,29,10,130420.2,2,No,No,106276.55,No,0.0842,Low
15748360,Germany,Female,34,10,122196.99,2,Yes,Yes,182099.71,No,0.0842,Low
15593345,Germany,Female,33,6,125241.17,2,Yes,Yes,158736.07,No,0.0842,Low
15684769,France,Male,67,10,129431.36,1,No,Yes,21343.74,No,0.0842,Low
15790489,Spain,Male,34,5,170600.78,1,No,Yes,5240.53,No,0.0842,Low
15800703,Spain,Female,21,5,113157.22,1,Yes,Yes,54141.5,No,0.0841,Low
15637414,France,Female,24,7,128736.39,1,No,Yes,37147.61,No,0.0841,Low
15703482,Germany,Male,34,9,134260.36,2,Yes,No,147074.67,No,0.0841,Low
15672091,Germany,Female,32,2,104336.43,2,No,No,59559.81,No,0.0841,Low
15580935,Germany,Male,33,9,135962.4,2,Yes,No,121747.96,No,0.0841,Low
15748327,Germany,Male,34,6,118235.7,2,No,No,157137.23,No,0.0841,Low
15613180,Germany,Male,21,8,153344.72,1,Yes,Yes,163295.87,No,0.0841,Low
15796505,Germany,Female,34,1,149297.19,2,Yes,Yes,186339.74,No,0.084,Low
15732270,Spain,Male,71,8,0,1,Yes,Yes,198446.91,Yes,0.084,Low
15809999,France,Female,41,3,150300.65,2,Yes,No,71672.86,No,0.084,Low
15815660,France,Female,34,1,154139.45,1,Yes,Yes,60728.89,No,0.0839,Low
15600708,Spain,Female,34,3,77826.8,1,Yes,Yes,168544.85,No,0.0839,Low
15723105,France,Female,28,6,0,1,Yes,Yes,164394.65,No,0.0839,Low
15698324,France,Female,33,4,0,1,Yes,Yes,67879.8,No,0.0839,Low
15711742,France,Female,34,4,0,1,Yes,Yes,62868.33,No,0.0839,Low
15752622,France,Female,32,7,38550.06,1,No,Yes,179230.23,No,0.0839,Low
15745201,France,Female,43,4,139496.35,2,Yes,Yes,77128.23,No,0.0839,Low
15806327,France,Female,40,3,75893.11,2,Yes,No,132562.23,No,0.0839,Low
15621021,Spain,Female,40,1,0,2,Yes,No,8207.36,No,0.0839,Low
15787597,Germany,Female,31,1,108377.75,2,Yes,Yes,9904.63,No,0.0838,Low
15686999,France,Female,40,8,0,2,Yes,No,62112.7,No,0.0838,Low
15793881,France,Female,35,6,118273.83,1,No,Yes,3086.89,No,0.0837,Low
15721582,Germany,Female,40,4,77270.08,2,Yes,Yes,115800.1,Yes,0.0836,Low
15713673,France,Female,33,1,137853,1,No,Yes,90273.85,No,0.0836,Low
15792180,Germany,Male,22,7,144954.75,2,Yes,No,102246,No,0.0835,Low
15645271,Germany,Male,24,8,108528.07,2,No,No,179488.41,Yes,0.0835,Low
15638774,Spain,Female,40,9,0,2,Yes,No,182224.14,No,0.0835,Low
15571752,Germany,Female,32,10,92041.87,1,Yes,Yes,43595.9,No,0.0834,Low
15691840,Germany,Female,37,6,159863.9,2,No,Yes,125307.87,No,0.0834,Low
15724181,Spain,Male,47,5,105603.21,2,Yes,Yes,157360.9,No,0.0834,Low
15682355,Germany,Male,42,3,75075.31,2,Yes,No,92888.52,Yes,0.0834,Low
15717426,France,Male,36,7,0,1,Yes,Yes,40812.9,No,0.0833,Low
15729110,Spain,Female,42,7,0,2,Yes,No,58268.2,Yes,0.0833,Low
15607634,Germany,Male,40,9,95293.86,2,No,Yes,96985.58,No,0.0833,Low
15799652,France,Female,38,0,152582.2,2,No,No,31892.82,No,0.0832,Low
15571995,Germany,Female,33,1,118897.1,2,Yes,Yes,26362.4,No,0.0831,Low
15598046,France,Female,39,5,139562.05,2,Yes,No,61636.22,No,0.0831,Low
15725511,France,Female,31,3,127070.73,1,No,Yes,160941.78,No,0.083,Low
15759317,Germany,Female,27,2,90971.85,1,Yes,Yes,131662.47,No,0.083,Low
15709338,France,Female,29,1,118560.55,1,Yes,Yes,164137.36,No,0.083,Low
15750649,France,Female,44,3,0,2,Yes,Yes,189016.14,No,0.083,Low
15704629,France,Female,32,1,116409.55,1,No,Yes,152790.92,No,0.083,Low
15697424,Spain,Female,30,2,119370.11,1,Yes,Yes,182726.22,Yes,0.083,Low
15784097,Germany,Male,28,1,118402.25,2,Yes,No,14288.93,No,0.083,Low
15759499,France,Female,32,4,111156.52,1,Yes,Yes,167376.26,No,0.083,Low
15770345,Spain,Female,31,1,139183.06,1,No,Yes,143360.56,No,0.083,Low
15605113,France,Female,27,1,133801.49,1,Yes,Yes,143315.57,No,0.083,Low
15773071,Spain,Female,33,6,145580.61,1,Yes,Yes,154598.56,No,0.083,Low
15619045,France,Female,43,4,0,2,No,Yes,162137.5,No,0.083,Low
15627195,Germany,Male,26,1,112930.28,2,Yes,No,22095.73,No,0.083,Low
15660155,Spain,Male,36,5,92140.15,1,No,Yes,67468.67,No,0.0829,Low
15721307,Germany,Male,37,1,95668.82,2,Yes,No,100335.55,No,0.0829,Low
15769312,Spain,Male,48,10,0,2,Yes,Yes,185094.48,No,0.0828,Low
15613014,Germany,Male,29,1,107233.85,2,Yes,No,24924.92,No,0.0828,Low
15618245,Germany,Male,31,1,117020.08,2,Yes,No,54439.53,No,0.0828,Low
15690526,Germany,Male,31,2,137260.45,2,Yes,No,55387.28,No,0.0828,Low
15715512,Germany,Male,29,1,154640.41,1,Yes,Yes,164039.51,No,0.0828,Low
15665783,France,Male,49,7,0,2,Yes,Yes,89609.26,No,0.0828,Low
15667321,Spain,Male,49,10,0,2,Yes,Yes,145089.64,No,0.0828,Low
15688563,Germany,Male,31,4,141989.27,2,Yes,No,26116.82,No,0.0828,Low
15795166,Germany,Male,42,8,153572.31,2,Yes,Yes,76679.6,No,0.0827,Low
15738448,Germany,Female,25,3,174330.35,2,No,No,181647.13,No,0.0827,Low
15759244,Germany,Male,44,8,95368.14,2,Yes,Yes,1787.85,No,0.0827,Low
15761854,France,Female,24,4,0,1,No,Yes,94105,No,0.0825,Low
15744529,France,Male,63,8,0,2,Yes,Yes,115291.86,No,0.0824,Low
15757865,France,Male,62,7,0,2,Yes,Yes,61120.75,No,0.0824,Low
15724543,France,Male,61,5,0,2,Yes,Yes,81299.17,No,0.0824,Low
15667265,France,Male,39,4,121404.64,1,Yes,Yes,159618.17,No,0.0823,Low
15702789,Germany,Male,32,5,175214.71,1,Yes,Yes,155165.61,No,0.0822,Low
15706729,France,Male,38,0,105271.56,1,No,Yes,179833.45,No,0.0822,Low
15571065,Spain,Female,39,0,0,2,Yes,No,94977.3,No,0.0822,Low
15689176,France,Male,46,3,0,2,No,Yes,176276.1,No,0.0821,Low
15725429,Germany,Male,33,8,96759.42,1,Yes,Yes,174777.98,No,0.0821,Low
15594270,France,Male,38,7,198338.77,2,Yes,Yes,14278.18,No,0.0821,Low
15622305,Germany,Female,33,2,107868.14,2,Yes,Yes,146192.4,No,0.0821,Low
15607178,Germany,Male,38,3,54901.01,1,Yes,Yes,140075.55,No,0.082,Low
15631681,Spain,Female,43,0,0,2,No,Yes,85523.24,No,0.082,Low
15783859,France,Female,24,3,161884.99,1,Yes,Yes,9617.24,No,0.082,Low
15690372,Spain,Male,38,1,181110.13,2,Yes,No,184544.59,No,0.082,Low
15722535,France,Female,33,7,127837.54,1,No,Yes,60013.17,No,0.082,Low
15625716,France,Female,33,9,113913.53,1,No,Yes,65316.5,No,0.082,Low
15644849,France,Female,32,2,0,1,Yes,Yes,71047.51,No,0.082,Low
15690673,France,Female,39,6,0,2,Yes,No,141069.88,No,0.0819,Low
15701318,Spain,Male,67,9,148564.66,1,No,Yes,87236.4,No,0.0819,Low
15744273,Germany,Male,30,6,122641.56,2,Yes,No,65618.01,No,0.0819,Low
15711540,France,Female,29,2,0,1,Yes,Yes,144375,No,0.0818,Low
15662976,Spain,Male,37,8,0,1,Yes,Yes,186062.36,No,0.0818,Low
15677538,France,Male,38,7,0,1,Yes,Yes,108469.2,No,0.0818,Low
15577078,Spain,Male,38,6,0,1,Yes,Yes,152880.07,Yes,0.0818,Low
15614420,Germany,Female,32,0,109570.21,2,Yes,Yes,172049.84,No,0.0818,Low
15613102,France,Female,31,2,57530.06,1,Yes,Yes,181893.31,Yes,0.0818,Low
15703037,France,Male,37,5,0,1,No,Yes,178705.45,Yes,0.0818,Low
15645839,France,Male,37,6,0,1,Yes,Yes,187758.5,No,0.0818,Low
15596074,France,Male,37,10,0,1,Yes,Yes,76642.68,No,0.0818,Low
15689268,France,Male,36,9,0,1,Yes,Yes,105818.51,No,0.0818,Low
15774402,Spain,Male,36,5,0,1,No,Yes,182843.24,No,0.0818,Low
15798341,France,Male,38,8,0,1,Yes,Yes,98208.62,No,0.0818,Low
15709476,Spain,Female,41,3,99945.93,2,Yes,No,71179.31,No,0.0817,Low
15801441,Germany,Female,35,2,79585.96,1,No,Yes,198802.9,No,0.0817,Low
15797710,Germany,Male,29,4,98955.87,1,No,Yes,131712.51,No,0.0817,Low
15751771,Germany,Male,32,2,99092.45,1,No,Yes,111149.98,No,0.0817,Low
15689147,France,Female,40,1,0,2,Yes,No,126554.96,No,0.0816,Low
15760825,France,Female,40,1,0,2,Yes,No,123207.17,No,0.0816,Low
15627630,France,Female,41,1,0,2,Yes,No,96069.82,No,0.0816,Low
15647782,Germany,Male,36,8,152899.24,2,Yes,No,177130.33,No,0.0815,Low
15583850,Germany,Male,68,0,126061.51,2,Yes,Yes,184936.77,No,0.0815,Low
15585928,Germany,Female,31,2,68927.57,1,Yes,Yes,25445,No,0.0815,Low
15718281,Germany,Male,67,1,123276.69,2,Yes,Yes,86507.88,Yes,0.0815,Low
15800514,Germany,Female,24,2,95675.62,2,No,No,162699.7,Yes,0.0814,Low
15804072,Spain,Female,42,5,0,2,No,No,24210.56,No,0.0813,Low
15738835,Germany,Male,38,7,101985.81,2,No,No,43801.27,No,0.0813,Low
15575492,France,Female,41,7,0,2,Yes,No,171378.77,No,0.0812,Low
15689492,Germany,Male,41,1,176958.46,2,No,Yes,125806.3,No,0.0812,Low
15776629,France,Female,39,4,0,2,No,No,186275.7,No,0.0812,Low
15724563,Germany,Female,42,3,65046.08,2,No,Yes,140139.28,No,0.0811,Low
15602497,Spain,Male,39,6,133214.13,1,No,Yes,20769.88,No,0.0811,Low
15591932,France,Male,32,5,92961.61,1,Yes,No,116957.6,No,0.0811,Low
15760121,France,Male,32,9,100606.02,1,Yes,No,165693.06,No,0.0811,Low
15601172,France,Male,31,6,91125.75,1,Yes,No,177295.92,No,0.0811,Low
15771222,France,Female,42,5,0,2,No,No,25951.91,No,0.0811,Low
15724648,France,Male,26,6,98684.15,1,No,No,133720.57,No,0.0811,Low
15786433,Germany,Female,35,3,165982.43,2,Yes,Yes,24482.16,No,0.081,Low
15732660,France,Female,27,2,0,1,Yes,Yes,57876.05,No,0.0809,Low
15617648,France,Female,44,5,95671.75,2,Yes,Yes,106564.88,No,0.0809,Low
15801256,Spain,Male,49,7,0,2,No,Yes,10096.25,No,0.0809,Low
15645269,France,Female,42,4,0,2,Yes,No,17439.66,No,0.0808,Low
15569209,Spain,Female,34,5,76001.57,1,Yes,Yes,158668.87,No,0.0808,Low
15813640,France,Female,40,7,0,2,Yes,No,10712.82,No,0.0808,Low
15668629,Spain,Male,44,2,0,2,Yes,No,196582.19,No,0.0807,Low
15732832,France,Female,40,5,0,2,Yes,No,41052.82,No,0.0806,Low
15622017,Spain,Female,33,10,0,1,Yes,Yes,98820.09,No,0.0806,Low
15748381,France,Female,29,6,185709.28,2,Yes,Yes,77242.19,No,0.0806,Low
15719809,Germany,Male,32,3,145166.09,2,No,No,111421.45,No,0.0806,Low
15683375,France,Female,32,4,0,1,Yes,Yes,114951.42,No,0.0806,Low
15722212,France,Female,41,8,0,2,No,No,28276.83,No,0.0806,Low
15703117,France,Female,44,1,0,2,No,Yes,89602.81,No,0.0806,Low
15622321,France,Female,32,3,0,1,Yes,Yes,80823.02,No,0.0806,Low
15698528,Spain,Female,31,3,0,1,Yes,Yes,130086.47,Yes,0.0806,Low
15628992,Germany,Male,32,2,128647.98,2,No,No,54416.18,No,0.0806,Low
15720968,Germany,Male,27,2,130274.26,2,Yes,No,147533.09,No,0.0806,Low
15777614,Spain,Female,44,1,0,2,Yes,Yes,82614.89,No,0.0806,Low
15730488,Spain,Female,27,1,0,1,No,Yes,112311.15,No,0.0806,Low
15756954,France,Female,32,2,0,1,Yes,Yes,80130.54,No,0.0806,Low
15643794,Spain,Female,27,2,0,1,Yes,Yes,82938.99,No,0.0806,Low
15664150,Germany,Female,29,9,170214.23,2,Yes,No,49284,No,0.0805,Low
15704014,Germany,Male,37,7,140950.92,2,Yes,No,195333.98,No,0.0805,Low
15573854,France,Male,62,5,0,2,No,Yes,38652.96,No,0.0805,Low
15592078,Germany,Female,27,8,123599.49,2,Yes,No,1676.92,No,0.0804,Low
15624892,Germany,Male,37,7,93978.96,2,Yes,No,60651.77,No,0.0804,Low
15800845,Spain,Female,33,8,111379.55,1,Yes,Yes,45098.62,No,0.0801,Low
15771087,France,Female,71,0,88084.13,2,Yes,Yes,154337.47,No,0.0801,Low
15624596,France,Female,23,5,104822.45,1,No,Yes,160176.47,No,0.0801,Low
15746662,Spain,Female,27,1,116320.68,1,No,Yes,45563.94,No,0.0801,Low
15652914,Spain,Male,38,7,0,1,No,Yes,53534.8,No,0.0801,Low
15688085,Spain,Female,28,3,157597.61,1,No,Yes,34097.22,No,0.0801,Low
15714883,France,Female,25,2,111395.53,1,No,Yes,48197.06,No,0.0801,Low
15578878,Spain,Female,30,3,139528.23,1,Yes,Yes,33230.37,No,0.0801,Low
15814275,France,Male,33,6,174912.72,1,Yes,Yes,43932.54,No,0.08,Low
15630402,France,Female,31,9,0,1,No,Yes,5719.11,No,0.08,Low
15596984,France,Female,31,6,0,1,Yes,Yes,16447.6,Yes,0.08,Low
15807837,France,Female,30,6,107499.7,1,Yes,Yes,187632.22,No,0.08,Low
15628123,France,Female,28,5,118890.81,1,No,Yes,145157.97,No,0.08,Low
15739168,France,Female,31,5,137411.29,1,No,Yes,161854.98,No,0.08,Low
15662626,France,Female,40,2,0,2,No,No,36371.27,No,0.08,Low
15678720,France,Female,44,7,0,2,Yes,Yes,190534.76,No,0.08,Low
15757537,France,Female,31,6,107784.65,1,Yes,Yes,141137.53,No,0.08,Low
15588449,Spain,Female,27,5,107812.67,1,No,Yes,162501.83,Yes,0.08,Low
15771270,France,Female,27,8,127471.56,1,Yes,Yes,152916.05,Yes,0.08,Low
15687607,France,Female,30,9,135422.31,1,No,Yes,186418.85,No,0.08,Low
15568849,Spain,Female,31,10,118158.74,1,Yes,Yes,158027.57,No,0.08,Low
15794278,Spain,Male,67,6,151858.98,1,Yes,Yes,72814.31,No,0.0799,Low
15693199,France,Female,37,8,0,2,Yes,No,191557.1,Yes,0.0799,Low
15606310,France,Male,71,5,149105.08,1,No,Yes,162683.06,No,0.0799,Low
15730579,France,Male,68,5,169445.4,1,Yes,Yes,186335.07,No,0.0799,Low
15578783,Germany,Male,35,0,76989.97,1,Yes,Yes,17242.79,No,0.0798,Low
15572461,Germany,Female,29,4,102714.65,2,No,No,21170.81,No,0.0797,Low
15699195,France,Female,24,3,110949.41,1,Yes,Yes,168515.61,No,0.0797,Low
15636016,France,Female,34,3,120777.88,1,Yes,Yes,131729.52,No,0.0797,Low
15749345,France,Female,22,1,76318.64,1,Yes,Yes,194783.12,No,0.0797,Low
15771323,Spain,Male,39,5,121626.9,1,Yes,Yes,82438.13,No,0.0797,Low
15589493,Germany,Male,27,1,122552.34,2,Yes,No,67611.36,No,0.0796,Low
15635459,Germany,Female,27,3,106116.5,2,Yes,No,3674.71,No,0.0796,Low
15793491,Germany,Male,26,3,119545.48,2,Yes,No,65482.94,No,0.0796,Low
15649992,Spain,Male,65,7,134714.7,2,No,Yes,190419.81,No,0.0794,Low
15614893,Spain,Male,38,2,0,1,Yes,Yes,82709.8,No,0.0794,Low
15643439,France,Male,47,10,0,2,No,Yes,25482.62,No,0.0794,Low
15724632,France,Female,41,0,0,2,No,Yes,175262.49,No,0.0793,Low
15782418,Germany,Female,19,9,83495.11,1,Yes,Yes,143022.31,Yes,0.0792,Low
15745030,Germany,Male,41,1,79706.25,2,Yes,No,165675.01,No,0.0792,Low
15725737,France,Male,46,3,0,2,No,Yes,8487.75,No,0.0791,Low
15617518,Germany,Male,36,7,89409.95,1,Yes,Yes,149399.7,No,0.0791,Low
15587581,Germany,Female,33,5,136624.6,2,Yes,Yes,169117.74,No,0.0791,Low
15813532,France,Female,39,5,0,2,Yes,No,32615.21,No,0.0791,Low
15575510,France,Female,32,2,155584.21,1,No,Yes,153662.88,No,0.0791,Low
15699839,France,Male,36,2,152606.82,1,Yes,Yes,71692.8,No,0.0791,Low
15783025,Germany,Male,37,3,94661.53,2,Yes,No,121239.65,No,0.0791,Low
15679966,France,Female,31,3,133964.3,1,Yes,Yes,166187.1,No,0.0791,Low
15778304,Germany,Male,24,0,92398.08,1,Yes,Yes,18897.29,No,0.0791,Low
15732448,France,Female,28,8,0,1,Yes,Yes,36754.13,No,0.079,Low
15690209,Germany,Female,32,3,104857.19,2,Yes,No,114149.8,No,0.079,Low
15683524,Germany,Female,23,6,166070.48,2,No,No,90494.72,No,0.079,Low
15662085,France,Female,32,9,0,1,Yes,Yes,148210.64,No,0.0788,Low
15774882,France,Female,35,3,99587.43,1,Yes,Yes,1713.1,Yes,0.0788,Low
15577700,France,Male,37,10,185063.7,2,Yes,Yes,134526.87,No,0.0788,Low
15763107,France,Female,30,9,0,1,Yes,Yes,174971.64,No,0.0788,Low
15580682,France,Female,40,4,79927.36,2,Yes,Yes,33524.6,No,0.0788,Low
15739476,France,Female,32,5,0,1,Yes,Yes,150684.23,No,0.0788,Low
15813132,Germany,Male,30,4,114027.7,1,Yes,Yes,193716.56,No,0.0787,Low
15782758,France,Male,40,5,147650.68,1,Yes,Yes,199674.83,No,0.0787,Low
15690731,France,Male,40,6,131411.24,1,Yes,Yes,194656.11,No,0.0787,Low
15598536,Germany,Female,26,0,84587.9,1,No,Yes,188037.76,No,0.0787,Low
15769451,France,Female,44,1,0,2,Yes,Yes,11467.38,No,0.0787,Low
15795878,Spain,Male,45,3,0,2,Yes,Yes,159463.8,No,0.0786,Low
15705313,France,Female,33,2,58036.33,1,Yes,Yes,83335.78,No,0.0785,Low
15684348,France,Male,63,8,0,2,No,Yes,57014.43,No,0.0785,Low
15573152,France,Female,41,9,0,2,No,No,88852.47,No,0.0784,Low
15576745,France,Male,48,2,96542.16,2,No,Yes,197885.72,No,0.0784,Low
15674149,Germany,Male,36,3,128960.21,2,Yes,Yes,40318.33,No,0.0784,Low
15800233,France,Female,40,5,0,2,Yes,No,35034.15,No,0.0784,Low
15699238,Spain,Female,40,8,0,2,Yes,No,80204.38,No,0.0784,Low
15752601,France,Female,40,7,0,2,No,No,102233.73,No,0.0784,Low
15644179,France,Female,39,3,0,2,Yes,No,50560.45,Yes,0.0784,Low
15694717,Germany,Male,37,2,79731.91,1,Yes,Yes,57558.95,No,0.0782,Low
15576517,Germany,Female,34,7,131082.17,2,Yes,Yes,70618,No,0.0782,Low
15603319,France,Male,29,2,151352.74,1,No,No,197145.89,No,0.0782,Low
15705899,Spain,Male,35,0,127510.99,1,Yes,Yes,155356.34,No,0.0782,Low
15709741,France,Male,28,4,107141.27,1,Yes,No,193018.71,No,0.0782,Low
15795571,Spain,Male,36,0,94153.56,1,No,Yes,120138.27,No,0.0782,Low
15735221,France,Female,42,10,0,2,Yes,No,61312.15,No,0.0782,Low
15774164,Germany,Male,33,5,174673.65,2,Yes,No,33300.56,No,0.0782,Low
15636024,Spain,Female,34,4,109699.08,1,Yes,Yes,37898.91,No,0.0781,Low
15729018,France,Female,33,2,147229.65,1,Yes,Yes,56410.17,No,0.0781,Low
15686302,Spain,Female,31,3,124328.84,1,Yes,Yes,140451.52,No,0.078,Low
15696637,France,Female,23,10,151097.28,1,No,Yes,17163.75,No,0.078,Low
15566958,Spain,Male,39,7,167557.12,1,Yes,Yes,41183.02,No,0.078,Low
15685346,Spain,Female,26,4,135889.13,1,Yes,Yes,165692.03,No,0.078,Low
15759717,Spain,Female,39,7,0,2,Yes,No,19458.75,No,0.078,Low
15685872,France,Female,29,1,146652.01,1,Yes,Yes,173486.39,No,0.078,Low
15731166,France,Female,30,1,127023.39,1,Yes,Yes,138780.89,No,0.078,Low
15636521,Spain,Female,30,1,124037.28,1,Yes,Yes,142210.94,No,0.078,Low
15588535,Spain,Female,39,6,0,2,No,No,19264.33,No,0.078,Low
15803654,France,Female,31,2,151290.16,1,Yes,Yes,172437.12,No,0.078,Low
15721487,France,Female,27,6,0,1,Yes,Yes,57572.38,No,0.0779,Low
15724889,Spain,Male,38,9,0,1,No,Yes,87412.74,No,0.0779,Low
15622518,France,Female,26,5,51116.26,1,Yes,Yes,70454.79,Yes,0.0779,Low
15780220,France,Male,38,10,0,1,Yes,Yes,136521.82,No,0.0779,Low
15617434,Spain,Male,38,9,0,1,No,Yes,90490.33,No,0.0779,Low
15685997,Spain,Female,39,5,166733.92,2,Yes,No,14279.44,No,0.0778,Low
15651802,Spain,Female,39,5,97854.37,2,Yes,No,93536.38,No,0.0778,Low
15767871,Spain,Male,48,7,0,2,Yes,Yes,182609.97,No,0.0778,Low
15780779,Spain,Female,40,4,0,2,Yes,No,114093.73,No,0.0778,Low
15640667,France,Female,41,4,0,2,Yes,No,126551.48,No,0.0778,Low
15605215,France,Male,48,9,0,2,No,Yes,175458.21,No,0.0778,Low
15633260,France,Male,37,1,142663.46,1,No,Yes,88669.89,No,0.0777,Low
15682547,France,Male,38,1,122214,1,No,Yes,88965.46,No,0.0777,Low
15699963,France,Male,38,1,121405.04,1,Yes,Yes,154844.22,No,0.0777,Low
15724200,France,Male,38,1,115341.55,1,No,Yes,173632.92,No,0.0777,Low
15620505,Spain,Female,24,0,97378.54,1,Yes,Yes,71405.17,No,0.0776,Low
15583595,France,Female,28,8,0,1,Yes,Yes,103349.74,No,0.0776,Low
15806880,Spain,Female,30,6,0,1,Yes,Yes,113408.47,No,0.0776,Low
15777504,France,Female,30,8,0,1,Yes,Yes,92621.9,No,0.0776,Low
15637857,France,Female,31,8,0,1,No,Yes,76456.17,No,0.0776,Low
15753840,Spain,Female,32,6,0,1,Yes,Yes,132861.9,Yes,0.0776,Low
15656426,France,Female,42,3,0,2,No,No,82565.01,No,0.0775,Low
15799790,France,Male,35,9,0,1,Yes,Yes,31372.91,No,0.0775,Low
15773421,France,Female,42,4,0,2,Yes,No,121440.8,No,0.0775,Low
15769356,Germany,Female,23,3,116022.53,2,Yes,Yes,37577.66,No,0.0775,Low
15686917,Spain,Female,40,4,0,2,Yes,No,137402.27,No,0.0775,Low
15635500,Germany,Male,75,2,61319.63,1,No,Yes,186655.11,No,0.0774,Low
15696539,France,Female,21,7,105627.95,1,Yes,Yes,36560.51,No,0.0773,Low
15700366,France,Male,39,3,119452.03,1,Yes,Yes,171575.54,No,0.0773,Low
15608328,Spain,Female,41,6,0,2,No,No,101491.23,No,0.0773,Low
15580043,Spain,Female,22,8,105229.34,1,Yes,Yes,34397.08,No,0.0773,Low
15749679,France,Male,39,2,109724.38,1,Yes,Yes,180022.39,No,0.0773,Low
15680201,Germany,Male,24,5,102773.2,2,Yes,No,56793.02,Yes,0.0773,Low
15578761,Spain,Female,42,6,129634.25,2,Yes,Yes,177683.02,Yes,0.0772,Low
15794792,France,Female,31,8,117989.76,1,Yes,Yes,54129.86,No,0.0772,Low
15780961,France,Female,21,1,178718.19,2,Yes,No,22388,No,0.0771,Low
15801466,France,Female,39,2,122524.61,2,Yes,No,88463.63,No,0.0771,Low
15803415,France,Female,39,3,166501.17,2,Yes,No,93835.64,No,0.0771,Low
15799825,France,Female,44,8,0,2,Yes,Yes,27431.62,No,0.077,Low
15753343,France,Female,28,2,121164.11,1,Yes,Yes,59938.81,No,0.077,Low
15743582,France,Female,27,3,107375.82,1,Yes,Yes,62703.38,No,0.077,Low
15614834,Spain,Female,31,3,141751.82,1,No,Yes,61531.86,No,0.077,Low
15632472,Spain,Female,32,1,159397.75,1,No,Yes,57323.18,No,0.077,Low
15770567,France,Female,32,3,123502.53,1,Yes,Yes,69826.8,No,0.077,Low
15589076,France,Male,36,9,0,1,No,Yes,188670.9,Yes,0.0769,Low
15654959,Spain,Male,67,6,158719.57,1,Yes,Yes,118607.4,No,0.0769,Low
15661330,France,Male,37,6,0,1,Yes,Yes,116141.72,No,0.0769,Low
15731281,Germany,Female,35,3,154206.07,2,Yes,Yes,40261.49,No,0.0769,Low
15597983,France,Male,69,10,154953.94,1,Yes,Yes,70849.47,No,0.0769,Low
15604804,France,Female,33,7,127305.5,1,Yes,Yes,120037.36,No,0.0768,Low
15751175,France,Female,44,2,0,2,Yes,Yes,58652.23,No,0.0768,Low
15670822,France,Female,22,7,114415.84,1,Yes,Yes,177497.4,No,0.0768,Low
15756070,Spain,Female,44,4,0,2,No,Yes,101728.46,No,0.0768,Low
15700946,France,Female,34,7,152992.91,1,Yes,Yes,134691.2,No,0.0768,Low
15708362,France,Male,63,4,103729.79,2,Yes,Yes,80272.06,No,0.0768,Low
15713604,Germany,Male,40,9,166776.6,2,No,Yes,172646.88,No,0.0768,Low
15587913,Spain,Female,40,4,0,2,Yes,No,132368.47,No,0.0767,Low
15729054,Germany,Male,32,4,96106.83,1,Yes,Yes,79812.77,No,0.0767,Low
15704819,Spain,Female,39,6,92126.26,2,No,No,112973.34,No,0.0767,Low
15682021,Germany,Male,23,6,104592.55,2,Yes,No,131736.23,No,0.0767,Low
15612627,Germany,Male,29,5,139541.58,2,Yes,No,80607.33,No,0.0766,Low
15674331,Germany,Male,30,7,132174.41,2,No,No,93767.03,No,0.0766,Low
15626040,Spain,Male,63,0,0,2,No,Yes,27166.75,No,0.0766,Low
15730353,Germany,Male,29,9,145294.08,2,Yes,No,147484.13,No,0.0766,Low
15775430,Germany,Male,31,7,138008.06,2,Yes,No,129912.74,No,0.0766,Low
15752801,Germany,Male,29,9,125961.74,2,Yes,No,160303.08,Yes,0.0766,Low
15793723,Germany,Male,32,9,144272.07,2,Yes,No,176580.63,No,0.0766,Low
15630704,Germany,Male,32,9,106520.73,2,Yes,No,177092.16,No,0.0766,Low
15747097,France,Male,35,10,0,1,Yes,Yes,23598.23,Yes,0.0765,Low
15679622,France,Male,35,8,0,1,Yes,Yes,22499.29,No,0.0765,Low
15653037,France,Male,77,1,0,1,No,Yes,18708.76,No,0.0765,Low
15701164,France,Female,34,4,90307.62,1,Yes,Yes,159235.29,No,0.0764,Low
15795738,France,Male,31,4,175477.15,1,Yes,Yes,172832.9,No,0.0764,Low
15589019,Spain,Female,33,4,92855.02,1,Yes,Yes,159813.18,No,0.0764,Low
15676526,France,Female,34,4,88772.87,1,Yes,Yes,168822.01,No,0.0764,Low
15773792,France,Female,32,4,133950.37,1,Yes,Yes,48725.68,Yes,0.0763,Low
15660429,Spain,Female,42,2,156371.61,2,No,Yes,156774.94,Yes,0.0763,Low
15636767,Spain,Female,32,10,0,1,Yes,Yes,22487.45,No,0.0762,Low
15726776,Spain,Male,36,1,111629.29,1,Yes,Yes,21807.16,No,0.0761,Low
15584812,Spain,Female,39,0,0,2,No,No,81901.6,No,0.0761,Low
15788659,France,Male,46,4,0,2,Yes,Yes,137537.22,No,0.076,Low
15752463,Spain,Female,29,4,129938.07,1,No,Yes,190200.53,No,0.076,Low
15648721,France,Male,64,4,0,2,Yes,Yes,3185.67,No,0.076,Low
15721937,France,Male,38,0,138131.34,1,No,Yes,115927.85,No,0.076,Low
15644446,France,Female,28,6,0,1,No,Yes,8814.69,No,0.076,Low
15621244,France,Male,36,0,107379.68,1,Yes,Yes,84460.18,No,0.076,Low
15787196,Spain,Male,46,2,0,2,Yes,Yes,105983.09,No,0.076,Low
15607874,France,Male,38,0,144450.58,1,No,Yes,137276.83,No,0.076,Low
15769346,France,Female,36,1,134997.49,2,Yes,No,44688.08,No,0.0759,Low
15642098,Spain,Female,36,0,108960,2,Yes,No,111180.3,Yes,0.0759,Low
15760662,Germany,Female,29,2,87212.8,1,Yes,Yes,994.86,No,0.0759,Low
15702380,Spain,Male,64,6,0,2,No,Yes,15876.52,No,0.0758,Low
15748986,Germany,Male,42,8,166685.92,2,Yes,Yes,55313.51,No,0.0758,Low
15599869,Spain,Female,29,1,0,1,Yes,Yes,83056.22,No,0.0757,Low
15708265,Spain,Female,24,10,159203.71,1,Yes,Yes,102517.83,Yes,0.0757,Low
15815125,Spain,Male,45,4,102486.21,2,Yes,Yes,158379.25,No,0.0757,Low
15716431,France,Female,30,10,191091.74,2,Yes,Yes,96170.38,No,0.0757,Low
15711489,Spain,Female,32,2,0,1,Yes,Yes,114565.35,No,0.0757,Low
15594409,France,Male,45,1,0,2,Yes,Yes,36154.66,No,0.0756,Low
15759966,Spain,Female,36,5,119799.27,2,Yes,No,159416.58,No,0.0756,Low
15627185,Germany,Male,29,6,123737.04,2,Yes,No,141558.04,No,0.0756,Low
15683993,France,Female,37,8,142987.46,2,Yes,No,158840.99,No,0.0756,Low
15663312,France,Female,35,9,112727.06,2,Yes,No,183752.91,No,0.0756,Low
15719793,Spain,Male,62,5,0,2,Yes,Yes,180243.56,No,0.0755,Low
15784445,Spain,Male,33,1,99106.73,1,No,No,194467.23,No,0.0755,Low
15812470,France,Male,61,5,0,2,No,Yes,29132.43,No,0.0755,Low
15644699,France,Female,40,0,0,2,Yes,No,1099.95,No,0.0755,Low
15769955,France,Female,40,1,0,2,No,No,75762,No,0.0755,Low
15589348,Spain,Male,37,4,137204.77,1,Yes,Yes,28865.59,No,0.0754,Low
15656597,Germany,Male,38,2,135559.8,2,Yes,Yes,71856.3,No,0.0754,Low
15596800,Germany,Male,33,1,158456.76,1,Yes,Yes,197000.92,Yes,0.0753,Low
15764072,France,Female,31,1,109848.6,1,Yes,Yes,42012.55,No,0.0753,Low
15729771,Germany,Male,31,9,154586.92,1,No,Yes,88604.89,Yes,0.0753,Low
15658100,France,Female,42,0,0,2,No,Yes,140724.64,No,0.0753,Low
15679587,France,Female,34,9,115897.12,1,Yes,Yes,25095.03,No,0.0752,Low
15680736,Germany,Female,72,6,124978.19,2,Yes,Yes,7144.46,No,0.0752,Low
15605666,France,Female,34,6,110717.38,1,Yes,Yes,9398.45,No,0.0752,Low
15611544,Germany,Male,36,7,95448.32,2,Yes,No,189085.07,No,0.0752,Low
15783526,France,Male,36,1,100895.54,1,Yes,Yes,68075.14,No,0.0752,Low
15727556,Spain,Female,26,5,166297.89,1,Yes,Yes,181694.44,No,0.0751,Low
15631848,France,Female,26,9,121508.28,1,Yes,Yes,146785.44,No,0.0751,Low
15647306,France,Female,29,9,131240.61,1,Yes,Yes,163746.09,Yes,0.0751,Low
15649450,Germany,Male,24,6,143221.35,2,Yes,No,186035.72,No,0.0751,Low
15711457,France,Female,28,7,124540.28,1,No,Yes,188850.89,No,0.0751,Low
15614643,Spain,Female,39,2,0,2,Yes,No,136737.13,No,0.0751,Low
15796313,France,Female,36,4,166909.2,2,Yes,No,138871.12,Yes,0.075,Low
15599860,Spain,Female,26,8,109958.15,1,Yes,Yes,136592.24,Yes,0.075,Low
15796167,Germany,Male,35,7,98556.89,2,Yes,No,117644.36,No,0.075,Low
15752578,France,Female,37,2,133968.96,2,Yes,No,148689.65,No,0.075,Low
15769915,Spain,Female,20,0,133313.34,1,Yes,Yes,3965.69,No,0.0749,Low
15669293,France,Male,37,5,113308.84,1,No,Yes,31517.16,No,0.0748,Low
15633531,France,Female,76,9,138489.66,1,Yes,Yes,68400.14,No,0.0748,Low
15663933,Germany,Female,35,5,86147.46,2,Yes,No,163440.8,Yes,0.0748,Low
15602479,Spain,Male,37,5,129312.79,1,Yes,Yes,26793.82,No,0.0748,Low
15681115,Spain,Male,39,10,108935.39,1,Yes,Yes,101168.3,No,0.0748,Low
15652615,France,Male,39,8,140004.96,1,Yes,Yes,92985.78,No,0.0748,Low
15670753,Spain,Male,35,2,127283.78,1,Yes,Yes,31302.35,No,0.0746,Low
15760456,France,Female,38,10,123711.73,2,Yes,No,171340.68,Yes,0.0746,Low
15721433,France,Female,38,4,74306.19,2,Yes,No,154395.56,No,0.0746,Low
15585047,France,Male,28,7,160376.61,1,No,No,196853.11,No,0.0744,Low
15622774,France,Male,34,0,0,1,Yes,Yes,167931.81,No,0.0744,Low
15647572,Spain,Male,34,0,54980.81,1,Yes,Yes,136909.88,No,0.0744,Low
15607098,Spain,Female,41,5,94521.17,2,Yes,No,194926.86,No,0.0743,Low
15795228,France,Male,37,3,132623.6,1,Yes,Yes,58974,No,0.0743,Low
15570629,Germany,Female,72,5,138089.97,2,Yes,Yes,99920.41,No,0.0743,Low
15697127,France,Female,31,2,147674.26,1,Yes,Yes,16658.76,No,0.0743,Low
15594651,France,Male,38,4,115221.36,1,No,Yes,70956.75,No,0.0743,Low
15608209,Germany,Male,33,3,96926.12,2,Yes,No,48553.77,No,0.0743,Low
15736250,France,Male,38,2,117810.79,1,No,Yes,65632.33,Yes,0.0743,Low
15567339,France,Male,73,9,0,1,Yes,Yes,114283.33,No,0.0743,Low
15670266,France,Female,28,4,141792.61,1,Yes,Yes,22001.91,No,0.0743,Low
15654654,Germany,Female,33,7,115182.84,2,Yes,Yes,177279.41,No,0.0742,Low
15794159,France,Female,26,8,124281.84,1,Yes,Yes,60116.57,No,0.0742,Low
15569892,France,Male,35,10,57369.61,1,Yes,Yes,101699.77,No,0.0742,Low
15732102,Germany,Female,27,3,150905.03,2,Yes,No,16998.72,No,0.0741,Low
15709368,France,Female,43,6,0,2,Yes,Yes,109041.53,No,0.074,Low
15766741,France,Male,36,2,114628.4,1,No,Yes,168290.06,No,0.074,Low
15739046,Spain,Female,23,9,143054.85,1,No,Yes,62980.96,No,0.074,Low
15599533,France,Female,43,7,0,2,Yes,Yes,77703.19,No,0.074,Low
15653784,France,Male,37,2,125190.86,1,No,Yes,84584.69,No,0.074,Low
15747458,Spain,Female,43,3,133214.88,2,Yes,Yes,95936.84,No,0.074,Low
15709478,Germany,Male,37,1,117524.72,2,No,Yes,161064.29,No,0.074,Low
15670587,Germany,Male,25,10,111363.1,2,Yes,No,197264.35,No,0.0739,Low
15748034,France,Male,29,7,174851.9,1,Yes,Yes,79178.31,No,0.0739,Low
15569264,France,Male,32,5,179305.09,1,Yes,Yes,149043.78,No,0.0739,Low
15742172,Germany,Male,32,9,123938.6,2,Yes,No,198894.42,No,0.0739,Low
15776096,Spain,Male,34,3,161572.24,1,No,Yes,191076.22,No,0.0739,Low
15627000,France,Male,40,0,0,2,Yes,No,62232.6,No,0.0738,Low
15733429,Germany,Male,34,8,120018.86,2,Yes,Yes,343.38,No,0.0738,Low
15808334,Germany,Female,37,1,93124.04,2,Yes,Yes,196079.32,No,0.0738,Low
15641411,France,Female,23,1,112568.31,1,Yes,Yes,113408.11,No,0.0738,Low
15625905,Spain,Male,41,0,0,2,Yes,No,65906.07,No,0.0738,Low
15804002,France,Female,33,1,128306.83,1,Yes,Yes,113580.79,No,0.0737,Low
15716781,France,Male,24,7,171922.72,1,No,Yes,178028.96,No,0.0737,Low
15646936,Germany,Female,32,2,146810.99,2,Yes,Yes,180990.29,No,0.0737,Low
15742534,Germany,Female,28,2,123802.98,2,Yes,Yes,155846.69,No,0.0737,Low
15584928,Germany,Female,32,4,120074.97,2,Yes,Yes,162961.79,No,0.0737,Low
15696826,France,Female,32,1,104001.38,1,No,Yes,36642.65,No,0.0736,Low
15703563,France,Male,40,9,93017.47,2,Yes,No,191608.97,No,0.0736,Low
15743040,Germany,Male,41,2,127892.57,2,No,Yes,199645.45,No,0.0735,Low
15756820,France,Female,26,7,106198.5,1,No,Yes,32020.42,No,0.0735,Low
15632538,Spain,Female,32,5,145553.07,1,Yes,Yes,31484.76,No,0.0735,Low
15639788,France,Female,39,10,0,2,Yes,No,10553.31,No,0.0734,Low
15659568,Spain,Female,31,3,121237.65,1,Yes,Yes,31022.56,No,0.0734,Low
15700549,France,Male,54,5,0,2,Yes,Yes,4493.12,No,0.0734,Low
15772341,Germany,Male,81,6,122029.15,1,Yes,Yes,50783.88,No,0.0733,Low
15773591,France,Male,46,7,117685.31,2,Yes,Yes,93360.35,No,0.0733,Low
15669490,Germany,Male,37,6,94001.61,2,Yes,No,140723.05,No,0.0732,Low
15665460,Spain,Female,67,1,0,2,Yes,Yes,177783.04,No,0.0732,Low
15808023,France,Female,29,9,133681.78,1,Yes,Yes,153747.73,No,0.0732,Low
15610056,Germany,Female,34,6,125227.82,2,No,Yes,128247.03,No,0.0731,Low
15693732,France,Female,66,9,0,2,Yes,Yes,67622.34,No,0.0731,Low
15719170,France,Female,30,1,112543.42,1,Yes,Yes,179435.21,No,0.0731,Low
15742879,Spain,Male,38,1,147904.31,1,Yes,Yes,69370.05,No,0.0731,Low
15762172,France,Female,39,2,0,2,Yes,No,179451.42,No,0.0731,Low
15605926,Germany,Male,70,9,116854.71,2,No,Yes,107125.79,No,0.073,Low
15724423,France,Female,38,6,107193.82,2,No,No,38962.94,No,0.073,Low
15593501,France,Female,36,5,148667.81,2,Yes,No,56092.51,No,0.073,Low
15587735,France,Male,39,6,96863.13,1,Yes,Yes,121681.19,No,0.0729,Low
15699450,France,Male,48,7,0,2,Yes,Yes,150694.58,No,0.0729,Low
15567078,France,Female,27,8,66201.96,1,Yes,Yes,79458.12,No,0.0729,Low
15627002,France,Male,38,1,115934.74,1,Yes,Yes,139059.05,No,0.0729,Low
15700511,Germany,Male,42,9,176702.36,2,Yes,Yes,104804.74,No,0.0729,Low
15675450,France,Male,48,9,0,2,Yes,Yes,72105.63,No,0.0729,Low
15792222,France,Female,37,1,106881.5,2,No,No,169386.81,No,0.0728,Low
15767891,Germany,Female,28,6,99152.73,2,Yes,No,48475.12,No,0.0728,Low
15677387,Germany,Female,33,10,76692.22,1,No,Yes,30396.43,No,0.0728,Low
15605665,Germany,Female,69,3,78833.15,2,Yes,Yes,37196.15,No,0.0727,Low
15675585,Germany,Female,25,0,97738.97,2,Yes,Yes,160523.33,No,0.0727,Low
15693131,France,Female,24,3,95508.2,1,Yes,Yes,45755,No,0.0727,Low
15574692,Spain,Female,39,2,0,2,Yes,No,40721.24,Yes,0.0726,Low
15699257,Spain,Male,42,2,143145.87,2,Yes,No,43612.06,No,0.0726,Low
15726931,France,Female,41,8,56214.85,2,No,No,92982.61,Yes,0.0725,Low
15729412,France,Male,38,4,107192.38,1,Yes,Yes,15669.17,No,0.0725,Low
15730796,France,Female,21,7,98993.02,1,Yes,Yes,169156.64,No,0.0725,Low
15689602,France,Male,38,2,130015.24,1,Yes,Yes,41595.3,No,0.0725,Low
15729083,France,Male,36,2,154525.7,1,No,Yes,27468.72,No,0.0725,Low
15614137,France,Female,40,7,0,2,Yes,No,103898.59,No,0.0725,Low
15632882,Germany,Male,37,1,126817.13,2,Yes,Yes,29995.83,Yes,0.0725,Low
15761348,France,Female,38,0,0,2,Yes,No,165196.65,No,0.0724,Low
15694829,Germany,Male,32,7,175454,1,No,Yes,77349.92,No,0.0724,Low
15801767,Spain,Female,40,8,0,2,Yes,No,108891.3,No,0.0723,Low
15667932,Spain,Female,43,10,0,2,Yes,Yes,55313.44,No,0.0723,Low
15680643,Spain,Female,42,1,0,2,Yes,Yes,149535.97,No,0.0722,Low
15809663,France,Female,27,1,125406.58,1,Yes,Yes,110784.42,No,0.0721,Low
15614818,Spain,Female,33,9,168964.77,1,No,Yes,118982.51,No,0.0721,Low
15716324,France,Female,23,9,143672.9,1,Yes,Yes,115147.33,No,0.0721,Low
15591766,Spain,Female,25,4,121166.89,1,No,Yes,115288.24,No,0.0721,Low
15742210,France,Male,38,9,65962.63,1,Yes,Yes,100950.48,No,0.0721,Low
15779581,Spain,Female,43,3,55853.33,2,No,Yes,94811.85,Yes,0.0721,Low
15758755,France,Female,34,9,132121.71,1,No,Yes,105409.31,No,0.0721,Low
15566467,Germany,Female,32,0,138171.1,2,Yes,Yes,188203.58,No,0.0721,Low
15748069,France,Female,25,3,134467.26,1,Yes,Yes,113266.09,No,0.0721,Low
15677317,France,Female,29,4,153040.03,1,Yes,Yes,131363.57,Yes,0.0721,Low
15731751,France,Female,26,1,120923.52,1,No,Yes,78854.57,No,0.0721,Low
15588235,France,Female,24,8,145081.73,1,Yes,Yes,130075.07,No,0.0721,Low
15768295,France,Female,34,7,109564.1,1,No,Yes,113046.81,No,0.0721,Low
15695097,Germany,Female,30,0,100954.88,2,No,No,134175.15,No,0.0721,Low
15631170,France,Male,45,3,0,2,Yes,Yes,30793.61,No,0.072,Low
15625586,France,Male,35,4,0,1,Yes,Yes,167573.06,No,0.072,Low
15620577,France,Male,45,4,0,2,Yes,Yes,55043.93,No,0.072,Low
15617934,France,Male,36,9,129829.59,1,Yes,Yes,60906.12,No,0.0719,Low
15744614,France,Male,37,9,118636.92,1,Yes,Yes,73551.44,No,0.0719,Low
15794841,Spain,Male,19,5,89750.21,1,Yes,No,193008.52,No,0.0719,Low
15575498,France,Female,39,5,149379.66,2,Yes,No,96075.55,No,0.0719,Low
15667190,Spain,Female,21,1,85818.18,1,Yes,Yes,133102.3,No,0.0718,Low
15706762,France,Female,41,4,145809.53,2,Yes,Yes,52319.26,No,0.0718,Low
15622182,Germany,Female,28,3,153538.13,2,Yes,No,110776.01,No,0.0718,Low
15653147,France,Male,35,2,133853.27,1,Yes,Yes,65361.66,No,0.0717,Low
15633612,France,Male,28,4,172646.82,1,Yes,Yes,116471.43,No,0.0716,Low
15675422,France,Female,32,9,110728.39,1,Yes,Yes,14559.62,No,0.0716,Low
15639049,France,Female,31,7,139395.08,1,No,Yes,6120.84,No,0.0716,Low
15767757,Spain,Female,29,9,120307.58,1,Yes,Yes,6795.61,No,0.0716,Low
15644501,France,Female,26,10,162482.76,1,Yes,Yes,18458.2,No,0.0716,Low
15609254,Spain,Female,41,9,107135.04,2,Yes,Yes,160546.58,No,0.0716,Low
15800805,France,Female,31,7,140931.82,1,No,Yes,20388.77,No,0.0716,Low
15649136,France,Female,43,6,0,2,Yes,Yes,16301.91,No,0.0714,Low
15806511,Spain,Male,45,10,0,2,No,Yes,90977.48,No,0.0714,Low
15777855,France,Male,45,7,0,2,No,Yes,75204.21,No,0.0714,Low
15671915,France,Male,46,5,0,2,Yes,Yes,76946.6,No,0.0714,Low
15738150,France,Male,45,5,0,2,Yes,Yes,155492.87,No,0.0714,Low
15803908,France,Male,45,9,0,2,Yes,Yes,96862.56,No,0.0714,Low
15807433,France,Female,43,9,0,2,No,Yes,11417.26,No,0.0714,Low
15665590,France,Male,46,6,0,2,Yes,Yes,83456.67,No,0.0714,Low
15645815,France,Male,45,5,0,2,Yes,Yes,164886.64,No,0.0714,Low
15676645,France,Male,45,5,0,2,Yes,Yes,121428.2,No,0.0714,Low
15801920,Germany,Male,39,5,80615.46,2,No,No,180962.32,No,0.0714,Low
15763874,Spain,Male,46,8,0,2,Yes,Yes,60739.16,No,0.0714,Low
15803406,France,Female,26,1,77780.29,1,No,Yes,183049.41,No,0.0713,Low
15804610,France,Female,41,1,0,2,No,Yes,160607.06,No,0.0713,Low
15694453,Germany,Male,37,9,131519.49,2,Yes,Yes,51752.18,No,0.0712,Low
15706036,Germany,Male,38,10,132271.12,2,Yes,Yes,46562.02,No,0.0712,Low
15643121,Germany,Female,35,5,82453.96,2,No,No,18254.75,No,0.0712,Low
15635939,France,Female,39,9,0,2,Yes,No,116343.09,No,0.0711,Low
15600688,France,Female,39,5,0,2,No,No,118272.07,No,0.0711,Low
15602500,Spain,Male,38,1,146343.98,1,No,Yes,103902.11,No,0.0711,Low
15757661,France,Female,39,7,0,2,No,No,95985.64,No,0.0711,Low
15737961,Germany,Female,29,0,107712.57,2,Yes,Yes,92898.17,No,0.0711,Low
15663770,France,Male,38,1,142557.11,1,Yes,Yes,172497.73,No,0.0711,Low
15616529,Spain,Male,34,3,0,1,Yes,Yes,41724.72,No,0.071,Low
15677049,Germany,Female,25,7,106570.34,2,No,Yes,177025.79,No,0.071,Low
15725024,Germany,Female,33,3,105663.56,2,No,Yes,33330.89,No,0.071,Low
15640866,France,Female,29,3,0,1,No,Yes,134462.29,No,0.071,Low
15708289,Spain,Male,25,3,100913.57,1,No,No,10579.72,No,0.071,Low
15622993,Germany,Male,28,8,124695.72,2,Yes,No,145251.35,No,0.0709,Low
15625395,France,Female,28,6,105795.9,1,Yes,Yes,41219.09,No,0.0709,Low
15656840,France,Female,29,6,104450.86,1,Yes,Yes,37160.28,No,0.0709,Low
15773512,Spain,Female,25,4,0,1,Yes,Yes,194313.93,No,0.0709,Low
15657321,Germany,Male,27,8,113174.21,2,Yes,No,147261.58,No,0.0709,Low
15727391,Germany,Male,29,9,144553.5,2,Yes,No,143454.95,No,0.0709,Low
15792077,Germany,Male,28,8,119859.52,2,Yes,No,125422.66,No,0.0709,Low
15742480,Germany,Male,36,2,109949.05,2,No,Yes,71682.54,No,0.0708,Low
15802060,Germany,Female,30,10,100548.67,2,No,No,136983.77,No,0.0707,Low
15695129,France,Female,31,1,152663.77,1,No,Yes,17128.64,No,0.0706,Low
15748116,France,Female,29,2,148143.84,1,Yes,Yes,52021.39,No,0.0706,Low
15567335,France,Female,42,7,0,2,Yes,Yes,190040.29,No,0.0706,Low
15674573,France,Female,25,4,121172.97,1,Yes,Yes,56268.98,No,0.0706,Low
15673693,France,Female,26,0,110654.02,1,No,Yes,111879.21,No,0.0705,Low
15625881,Germany,Male,37,3,111432.77,2,Yes,Yes,167032.49,No,0.0705,Low
15665110,France,Female,25,7,79543.59,1,No,Yes,38772.82,No,0.0705,Low
15684958,Germany,Male,38,2,126444.08,2,Yes,Yes,82662.73,No,0.0705,Low
15676707,Spain,Female,39,4,0,2,Yes,No,91366.42,No,0.0705,Low
15591248,France,Female,29,9,71996.29,1,Yes,Yes,34857.46,No,0.0705,Low
15638751,Spain,Female,41,5,0,2,Yes,No,81313.51,No,0.0705,Low
15621644,Germany,Male,83,6,123356.63,1,No,Yes,92934.41,No,0.0705,Low
15660301,Germany,Male,70,6,148745.92,2,Yes,Yes,17818.33,No,0.0704,Low
15749947,France,Female,44,7,0,2,Yes,Yes,66548.58,No,0.0704,Low
15792627,Spain,Female,33,5,84557.82,1,Yes,Yes,69039.43,No,0.0704,Low
15744717,France,Female,44,2,0,2,Yes,Yes,26733.86,No,0.0704,Low
15690440,Spain,Male,47,1,0,2,Yes,Yes,197961.93,No,0.0703,Low
15769783,Spain,Male,37,8,0,1,Yes,Yes,807.06,No,0.0703,Low
15811236,Spain,Male,39,6,133261.13,1,Yes,Yes,78065.9,No,0.0702,Low
15710978,Germany,Male,42,2,88120.97,2,Yes,Yes,21333.22,No,0.0702,Low
15758081,Spain,Male,39,8,138160,1,Yes,Yes,110468.51,No,0.0702,Low
15636700,France,Male,39,9,140236.98,1,No,Yes,146651.99,No,0.0702,Low
15675888,Spain,Female,33,9,72788.03,1,Yes,Yes,103608.06,No,0.0702,Low
15615670,France,Male,36,5,119547.46,1,Yes,Yes,42693.65,No,0.0702,Low
15590011,Spain,Male,38,9,129378.32,1,Yes,Yes,13549.34,No,0.0702,Low
15744913,Spain,Male,36,10,109632.85,1,Yes,Yes,16149.13,No,0.0702,Low
15762682,Spain,Female,35,1,111827.27,2,Yes,No,12674.68,No,0.0702,Low
15809124,France,Male,38,5,151532.4,1,Yes,Yes,46555.15,No,0.0702,Low
15801417,France,Male,37,4,82500.28,1,Yes,Yes,115260.72,No,0.0701,Low
15654372,Germany,Male,34,1,94682.56,2,Yes,No,138478.2,No,0.0701,Low
15785326,Spain,Female,35,5,136526.26,2,Yes,No,59653.03,No,0.0701,Low
15751926,Germany,Male,42,3,87807.29,2,Yes,Yes,64613.81,No,0.0701,Low
15802501,Germany,Male,33,5,103564.83,2,Yes,No,121085.72,No,0.07,Low
15709928,Spain,Female,41,1,0,2,Yes,No,3414.72,No,0.07,Low
15701765,Spain,Female,37,0,0,2,No,No,30114.32,No,0.0699,Low
15758171,France,Male,20,4,0,1,Yes,Yes,55763.66,No,0.0699,Low
15582066,France,Male,21,4,0,1,Yes,Yes,36942.35,No,0.0699,Low
15581280,Germany,Male,29,6,92887.13,1,Yes,Yes,69578.49,No,0.0699,Low
15754261,Spain,Male,42,2,98795.61,2,Yes,No,89123.99,No,0.0698,Low
15781451,France,Male,42,3,134936.97,2,No,No,135178.91,No,0.0698,Low
15727138,Spain,Male,46,9,0,2,Yes,Yes,34774.26,No,0.0698,Low
15774166,Germany,Female,24,2,109483.54,2,No,Yes,127560.77,No,0.0697,Low
15784301,France,Male,42,0,0,2,Yes,No,44165.84,No,0.0697,Low
15574305,France,Male,36,3,116275.12,1,Yes,Yes,63795.8,No,0.0697,Low
15751412,France,Male,36,3,114370.41,1,No,Yes,66810.48,No,0.0697,Low
15673180,Germany,Female,18,2,93816.7,2,Yes,No,126172.11,No,0.0697,Low
15631868,Spain,Male,36,2,153804.44,1,Yes,Yes,87213.33,No,0.0695,Low
15758136,France,Male,37,3,141803.77,1,No,Yes,179421.84,No,0.0695,Low
15582149,Germany,Female,34,3,129668.43,2,Yes,Yes,88743.99,No,0.0695,Low
15774551,Spain,Male,36,3,112029.83,1,Yes,Yes,186948.35,No,0.0695,Low
15592089,France,Female,43,10,0,2,Yes,Yes,116111.51,No,0.0694,Low
15648898,Spain,Female,27,7,124995.98,1,Yes,Yes,114669.79,No,0.0694,Low
15711759,France,Female,29,5,108541.04,1,Yes,Yes,126469.09,No,0.0694,Low
15576077,France,Female,27,9,159561.93,1,No,Yes,103381.47,No,0.0694,Low
15577913,France,Female,32,8,144581.96,1,Yes,Yes,87609.5,No,0.0694,Low
15746451,Spain,Male,41,7,102749.72,1,No,Yes,194913.86,No,0.0693,Low
15605130,France,Male,32,6,177729.13,1,Yes,Yes,161642.08,No,0.0693,Low
15654211,Spain,Female,27,1,0,1,No,Yes,1050.33,No,0.0692,Low
15630113,Spain,Male,35,4,161637.75,1,Yes,Yes,20008.46,No,0.0692,Low
15707110,Germany,Male,28,2,170890.05,2,Yes,No,41758.9,No,0.0692,Low
15623668,Germany,Male,31,2,154741.45,2,No,No,25183.01,No,0.0692,Low
15590213,Spain,Male,35,4,125920.98,1,Yes,Yes,20393.44,No,0.0692,Low
15774098,Germany,Male,38,3,125385.49,2,No,Yes,52044.66,No,0.0691,Low
15607837,France,Female,29,4,105599.67,1,Yes,Yes,43106.17,No,0.0691,Low
15813916,France,Female,31,1,89688.94,1,Yes,Yes,152305.47,No,0.0691,Low
15591279,France,Male,37,3,80387.81,1,No,Yes,77272.62,No,0.0691,Low
15633834,Germany,Female,28,3,99705.69,2,No,No,146723.72,No,0.0691,Low
15729117,France,Female,31,1,102523.88,1,Yes,Yes,166792.71,No,0.0691,Low
15810711,Germany,Male,37,4,138476.41,2,Yes,Yes,52367.29,No,0.0691,Low
15601550,Spain,Male,36,6,85768.42,1,Yes,Yes,24802.77,No,0.069,Low
15712319,Spain,Male,45,8,150900.29,2,No,Yes,139889.15,No,0.0688,Low
15717879,Spain,Female,79,5,108078.56,1,Yes,Yes,174118.93,No,0.0688,Low
15583138,France,Male,42,2,141642.92,2,Yes,No,172149.76,No,0.0688,Low
15646756,France,Female,33,8,74963.5,1,Yes,Yes,32770.56,No,0.0687,Low
15588918,France,Female,42,6,0,2,Yes,No,197202.48,No,0.0687,Low
15721189,France,Female,66,7,0,2,Yes,Yes,99792.82,No,0.0686,Low
15740164,France,Female,33,3,85227.84,1,Yes,Yes,68087.15,No,0.0686,Low
15681554,Germany,Female,31,7,120599.38,2,Yes,Yes,46163.44,No,0.0685,Low
15648702,Germany,Male,70,6,119684.88,2,Yes,Yes,74532.02,No,0.0685,Low
15707962,France,Male,40,6,119501.88,2,Yes,No,46774.94,No,0.0685,Low
15585748,Germany,Female,28,9,135337.49,2,Yes,Yes,40385.61,No,0.0685,Low
15658946,Germany,Male,40,10,45408.85,2,Yes,No,18732.91,No,0.0685,Low
15778489,Germany,Male,71,9,142550.25,2,Yes,Yes,122506.78,No,0.0685,Low
15701354,France,Female,39,1,0,2,No,No,93826.63,No,0.0684,Low
15752047,Germany,Male,33,2,161814.64,2,Yes,No,169381.9,No,0.0684,Low
15742632,France,Female,31,9,0,1,No,Yes,76254.83,No,0.0684,Low
15789974,France,Male,33,6,94598.48,1,No,No,197519.66,Yes,0.0684,Low
15734044,France,Female,31,7,41299.03,1,No,Yes,102681.32,No,0.0684,Low
15786739,France,Male,37,1,125529.55,1,Yes,Yes,162260.93,No,0.0684,Low
15588219,France,Female,38,1,106871.81,2,Yes,No,29333.01,No,0.0683,Low
15701175,France,Female,33,8,90791.69,1,Yes,Yes,59659.53,No,0.0683,Low
15706810,Germany,Female,32,1,106301.85,2,No,Yes,59061.25,No,0.0683,Low
15657139,France,Female,40,8,84390.8,2,No,Yes,107876.2,No,0.0682,Low
15690456,Germany,Female,32,7,79523.13,1,No,Yes,157648.12,No,0.0682,Low
15662021,Spain,Female,42,2,0,2,No,No,199992.48,No,0.0681,Low
15750803,France,Female,30,6,127992.25,1,Yes,Yes,50457.2,No,0.068,Low
15678910,France,Female,30,8,141441.75,1,Yes,Yes,16278.97,No,0.068,Low
15745012,France,Female,43,6,0,2,Yes,Yes,7330.59,No,0.068,Low
15567486,Spain,Female,41,4,0,2,Yes,Yes,164549.74,No,0.068,Low
15750056,France,Female,29,6,149218.39,1,Yes,Yes,9633.01,No,0.068,Low
15715745,France,Female,26,5,157624.84,1,Yes,Yes,49599.27,No,0.068,Low
15738546,Spain,Female,41,4,0,2,No,Yes,147606.71,No,0.068,Low
15624995,Spain,Female,31,6,152926.6,1,Yes,Yes,50899.91,No,0.068,Low
15748352,Spain,Male,34,0,104488.17,1,No,Yes,43249.67,No,0.068,Low
15751084,France,Female,29,8,140170.61,1,Yes,Yes,38170.04,No,0.068,Low
15677939,France,Female,41,3,0,2,Yes,Yes,160095.48,No,0.068,Low
15711825,Spain,Female,35,1,82231.51,2,Yes,No,88798.02,No,0.0679,Low
15679663,France,Female,36,0,0,2,Yes,No,136675.22,No,0.0679,Low
15774696,Germany,Female,75,1,106307.91,2,No,Yes,113428.77,No,0.0678,Low
15749851,Spain,Female,26,4,135219.57,1,No,Yes,59747.63,No,0.0678,Low
15692226,France,Female,31,3,142905.51,1,Yes,Yes,58134.97,No,0.0678,Low
15687828,Spain,Female,31,5,86006.3,1,Yes,Yes,73922.95,No,0.0678,Low
15682356,France,Female,37,7,111852.84,2,Yes,No,10511.13,No,0.0677,Low
15811947,France,Male,33,0,124781.67,1,No,Yes,33700.52,No,0.0677,Low
15769516,France,Female,42,9,0,2,Yes,No,4292.72,No,0.0677,Low
15686588,France,Female,28,2,134571.5,1,No,Yes,118313.38,No,0.0677,Low
15788025,France,Female,38,0,0,2,Yes,Yes,332.81,No,0.0677,Low
15675949,Spain,Female,43,4,0,2,Yes,Yes,66406.37,No,0.0676,Low
15751167,France,Female,43,4,0,2,Yes,Yes,58761.33,No,0.0676,Low
15781127,Spain,Female,33,8,96769.04,1,Yes,Yes,36864.05,No,0.0676,Low
15655903,Spain,Female,34,6,107980.37,1,Yes,Yes,119374.74,No,0.0676,Low
15745088,Germany,Female,29,9,99027.61,2,Yes,No,10940.4,No,0.0675,Low
15705676,France,Female,35,9,107944.33,2,No,No,48478.47,No,0.0675,Low
15646196,Spain,Female,36,2,155180.56,2,No,No,169415.54,No,0.0674,Low
15706131,Spain,Female,37,9,83061.26,2,Yes,No,9170.54,No,0.0673,Low
15660636,Spain,Female,40,8,0,2,Yes,No,3560,No,0.0673,Low
15665678,Spain,Male,36,8,158261.68,1,Yes,Yes,76744.72,No,0.0672,Low
15814032,Germany,Female,31,1,93460.47,2,No,No,172782.69,No,0.0672,Low
15797686,France,Male,38,8,113000.92,1,Yes,Yes,152872.39,No,0.0672,Low
15718779,France,Male,34,1,0,1,Yes,Yes,64804.04,No,0.0672,Low
15741728,Spain,Male,36,7,135216.8,1,Yes,Yes,122022.89,No,0.0672,Low
15701121,France,Male,38,5,110641.18,1,No,Yes,136507.69,Yes,0.0672,Low
15764409,France,Male,37,9,108286.5,1,Yes,Yes,114153.44,No,0.0672,Low
15726484,France,Male,37,7,141546.35,1,Yes,Yes,124830.11,No,0.0672,Low
15668104,Spain,Male,37,6,118433.94,1,No,Yes,160060.9,No,0.0672,Low
15588928,France,Male,47,5,0,2,Yes,Yes,145338.61,No,0.0672,Low
15792922,Spain,Male,38,9,130233.14,1,Yes,Yes,81861.1,No,0.0672,Low
15810786,France,Female,67,3,0,2,Yes,Yes,43486.73,No,0.0671,Low
15591577,France,Male,35,3,146311.58,1,Yes,Yes,105443.47,No,0.0671,Low
15757521,France,Male,35,2,132164.26,1,No,Yes,164815.59,No,0.0671,Low
15796351,Germany,Male,35,1,105346.03,2,Yes,Yes,130379.5,No,0.0671,Low
15723818,France,Female,37,4,131834.76,2,Yes,No,8949.2,No,0.0671,Low
15714874,France,Female,42,3,0,2,Yes,Yes,176883.42,No,0.0671,Low
15652169,France,Male,35,2,133161.95,1,No,Yes,122254.86,No,0.0671,Low
15664681,France,Female,35,2,114321.28,2,No,No,15959.01,No,0.0671,Low
15611599,France,Female,71,2,0,2,Yes,Yes,49506.82,No,0.0671,Low
15705383,France,Male,35,4,125476.31,1,Yes,Yes,91775.51,No,0.0671,Low
15773469,Germany,Female,27,9,152328.88,2,No,No,126494.82,No,0.067,Low
15594902,France,Male,38,3,90957.81,1,No,Yes,162304.59,No,0.067,Low
15586757,France,Female,32,4,75170.54,1,Yes,Yes,37898.5,No,0.067,Low
15694805,Spain,Male,35,1,115024.5,1,No,Yes,169665.79,No,0.067,Low
15620557,Spain,Male,37,4,101470.29,1,No,Yes,88838.14,No,0.067,Low
15706552,France,Male,36,7,85311.7,1,No,Yes,156731.91,No,0.0669,Low
15597901,France,Male,34,1,0,1,Yes,Yes,181177.9,No,0.0669,Low
15771086,France,Female,36,3,84327.77,2,Yes,No,17675.36,No,0.0668,Low
15719309,France,Female,42,1,115961.58,2,No,Yes,29483.87,No,0.0668,Low
15656096,Spain,Female,26,3,76554.06,1,Yes,Yes,184800.27,No,0.0668,Low
15725835,Germany,Female,32,3,124493.03,2,No,Yes,52583.79,Yes,0.0667,Low
15713621,Germany,Male,41,10,134318.21,2,Yes,Yes,198064.52,No,0.0667,Low
15642515,France,Female,42,1,0,2,No,Yes,65565.92,No,0.0667,Low
15747960,France,Male,33,3,0,1,Yes,Yes,7666.73,No,0.0666,Low
15762937,Germany,Female,32,6,140348.56,2,Yes,Yes,163254.39,No,0.0666,Low
15570912,Germany,Female,32,9,127772.1,2,Yes,Yes,152643.48,No,0.0666,Low
15709639,France,Female,22,5,112465.06,1,Yes,Yes,92977.75,No,0.0666,Low
15650266,Germany,Male,39,2,146186.28,2,Yes,Yes,193974.47,No,0.0666,Low
15624391,Spain,Female,30,5,100683.54,1,Yes,Yes,178361.04,No,0.0665,Low
15778190,Spain,Female,28,8,97840.72,1,Yes,Yes,178222.77,No,0.0665,Low
15800773,Spain,Female,28,9,102282.61,1,Yes,Yes,157891.11,No,0.0665,Low
15579074,Germany,Male,38,10,84651.79,1,Yes,Yes,184754.26,No,0.0665,Low
15731148,France,Male,33,0,108477.49,1,Yes,Yes,109096.71,Yes,0.0665,Low
15729040,France,Male,42,2,0,2,Yes,No,49826.68,No,0.0664,Low
15647474,France,Female,40,9,95624.36,2,Yes,Yes,60706.33,No,0.0664,Low
15703820,France,Male,42,9,133701.07,2,Yes,No,101069.71,Yes,0.0664,Low
15581526,France,Male,41,1,0,2,No,No,70550,No,0.0664,Low
15674368,France,Female,39,1,94435.45,2,No,Yes,189430.86,No,0.0664,Low
15575243,France,Female,39,1,129068.54,2,Yes,Yes,187905.12,No,0.0664,Low
15587133,France,Male,42,7,151027.05,2,Yes,No,119377.36,No,0.0664,Low
15777896,Germany,Female,33,2,83415.04,1,No,Yes,74917.64,No,0.0663,Low
15797246,Germany,Female,34,2,91258.52,2,Yes,No,44857.4,No,0.0663,Low
15800228,Spain,Female,42,4,0,2,Yes,Yes,38152.01,No,0.0662,Low
15718153,Spain,Female,74,6,128917.84,1,Yes,Yes,48244.64,No,0.0662,Low
15720814,Germany,Female,36,2,84266.44,2,No,No,38614.69,No,0.0662,Low
15681887,Germany,Male,33,0,129142.54,2,Yes,Yes,26606.28,No,0.0662,Low
15810978,Spain,Female,70,1,0,2,Yes,Yes,41610.62,No,0.0661,Low
15622217,France,Female,38,8,88758.95,2,No,No,28226.15,Yes,0.0661,Low
15607748,Germany,Male,37,8,108432.88,2,Yes,Yes,14865.05,No,0.066,Low
15727605,Germany,Male,43,4,80442.06,2,No,Yes,12537.42,No,0.066,Low
15568449,Spain,Male,38,7,143006.7,1,Yes,Yes,15650.89,No,0.066,Low
15648067,France,Male,39,1,129299.28,2,Yes,No,73107.6,No,0.0659,Low
15591100,Spain,Male,36,9,106190.55,1,No,Yes,22994.32,No,0.0658,Low
15677871,France,Male,38,9,122570.87,1,Yes,Yes,35608.88,No,0.0658,Low
15739054,France,Female,29,4,96974.97,1,No,Yes,141404.07,No,0.0658,Low
15800326,Spain,Female,39,6,0,2,Yes,No,93275.61,No,0.0658,Low
15703588,Germany,Male,25,5,153611.83,2,Yes,No,35321.65,No,0.0658,Low
15714057,Spain,Male,40,4,0,2,Yes,No,25399.7,No,0.0658,Low
15753874,France,Male,37,10,143835.47,1,No,Yes,33326.71,No,0.0658,Low
15637993,France,Male,36,9,137688.71,1,Yes,Yes,46884.1,No,0.0658,Low
15642137,Spain,Female,39,5,0,2,No,No,102763.69,No,0.0658,Low
15811486,Germany,Female,29,8,130036.21,2,No,Yes,69849.55,No,0.0658,Low
15690492,France,Male,41,6,97663.16,2,Yes,No,57128.78,No,0.0658,Low
15595010,Spain,Female,39,9,0,2,No,No,99924.04,No,0.0658,Low
15801351,France,Male,40,3,0,2,Yes,No,47728,No,0.0658,Low
15770091,Germany,Male,28,9,160858.13,2,Yes,No,27149.27,No,0.0658,Low
15574115,Spain,Female,41,6,101179.23,2,Yes,Yes,35230.61,No,0.0658,Low
15718780,Spain,Female,32,4,79450.09,1,Yes,Yes,118324.75,No,0.0658,Low
15713559,Germany,Female,32,5,146602.25,2,Yes,Yes,72946.95,No,0.0658,Low
15672574,Spain,Female,32,5,0,1,Yes,Yes,3830.59,No,0.0658,Low
15742019,France,Female,39,6,0,2,No,No,83419.15,No,0.0658,Low
15733581,Germany,Male,32,9,80262.66,1,Yes,No,194867.78,No,0.0657,Low
15654346,Germany,Male,35,1,130463.55,2,Yes,Yes,37341.17,No,0.0657,Low
15622083,Germany,Male,30,6,143138.91,2,Yes,No,2955.46,No,0.0657,Low
15770539,France,Male,30,1,127187.86,1,Yes,Yes,113553.42,No,0.0657,Low
15701972,France,Male,35,3,137179.39,1,Yes,Yes,37264.11,No,0.0657,Low
15642002,France,Female,35,6,117707.18,2,No,No,95277.15,Yes,0.0656,Low
15584930,Germany,Male,30,5,111375.32,2,Yes,No,2704.09,No,0.0656,Low
15668472,Spain,Female,24,5,177799.83,2,No,No,79886.06,No,0.0656,Low
15771702,France,Female,35,5,166118.45,2,Yes,No,127827.18,No,0.0656,Low
15631756,France,Female,35,5,147813.05,2,No,No,109029.72,No,0.0656,Low
15646942,Spain,Female,39,7,0,2,No,No,100929.59,No,0.0656,Low
15659495,Spain,Male,23,2,0,1,Yes,Yes,6847.73,No,0.0656,Low
15808182,Spain,Female,36,3,92363.3,2,Yes,No,44912.7,No,0.0655,Low
15777797,Spain,Male,38,5,75075.14,1,Yes,Yes,8651.92,Yes,0.0655,Low
15669060,France,Male,74,6,0,2,Yes,No,123583.85,No,0.0655,Low
15669204,Germany,Male,23,4,93911.3,2,Yes,No,69055.45,No,0.0655,Low
15790355,Germany,Male,36,5,190479.48,2,No,No,179351.89,No,0.0654,Low
15742358,Germany,Male,32,8,101160.99,1,Yes,Yes,115916.55,No,0.0654,Low
15626485,France,Female,26,8,78892.23,1,Yes,Yes,23703.52,No,0.0654,Low
15595067,Spain,Female,40,6,0,2,Yes,Yes,181610.6,No,0.0654,Low
15616700,Spain,Female,41,9,0,2,Yes,Yes,155786.39,No,0.0654,Low
15584545,France,Female,40,5,0,2,No,Yes,177099.71,No,0.0654,Low
15625126,France,Female,40,6,0,2,Yes,Yes,139356.3,No,0.0654,Low
15602909,Spain,Female,41,10,0,2,Yes,Yes,166224.39,No,0.0654,Low
15583394,Germany,Male,39,8,106259.63,2,Yes,Yes,198103.32,No,0.0654,Low
15686538,France,Female,41,7,0,2,No,Yes,176780.39,No,0.0654,Low
15700813,Germany,Female,25,5,94049.92,2,Yes,No,103269,No,0.0654,Low
15599195,Germany,Male,32,1,88938.62,1,Yes,Yes,10054.53,No,0.0653,Low
15605134,France,Female,34,0,131244.65,2,Yes,No,183229.02,No,0.0653,Low
15573798,France,Female,36,6,83947.12,2,Yes,No,81999.53,No,0.0653,Low
15575417,Germany,Male,37,7,143452.74,2,Yes,Yes,17294.12,No,0.0652,Low
15585777,France,Male,38,3,130588.82,1,Yes,Yes,154997.64,No,0.0652,Low
15597467,France,Female,71,8,0,2,Yes,Yes,169741.96,No,0.0652,Low
15609669,France,Female,39,4,109949.39,2,Yes,Yes,41268.65,No,0.0651,Low
15699446,Germany,Female,25,2,150355.35,2,Yes,Yes,35770.84,No,0.0651,Low
15806134,Germany,Male,34,9,162691.16,2,Yes,No,94912.78,No,0.065,Low
15575619,Spain,Female,32,1,104254.27,1,Yes,Yes,17034.37,No,0.065,Low
15612043,France,Male,36,7,90145.04,1,Yes,Yes,69157.93,No,0.065,Low
15761043,Germany,Female,38,6,86569.76,2,Yes,No,98090.91,No,0.0649,Low
15569423,Spain,Male,41,4,0,2,Yes,No,22299.27,No,0.0649,Low
15810075,France,Female,39,6,130694.89,2,Yes,Yes,153955.38,Yes,0.0649,Low
15582016,Spain,Male,41,6,99208.46,2,Yes,No,62402.38,No,0.0649,Low
15814923,Spain,Male,38,7,128578.52,1,Yes,Yes,193878.51,No,0.0648,Low
15798310,France,Male,35,2,165692.91,1,Yes,Yes,197984.58,No,0.0647,Low
15752694,France,Female,32,4,83772.95,1,No,Yes,23920.65,No,0.0647,Low
15608760,France,Female,30,4,74323.2,1,Yes,Yes,22929.08,No,0.0647,Low
15810732,France,Female,36,8,148749.29,2,Yes,No,91830.75,No,0.0647,Low
15635240,France,Male,42,1,0,2,No,No,23822.04,No,0.0646,Low
15644551,Spain,Female,37,3,99773.85,2,Yes,No,54865.92,No,0.0646,Low
15729956,Spain,Female,26,1,80780.16,1,Yes,Yes,19225.85,No,0.0645,Low
15628530,France,Male,42,3,156864.2,2,No,No,88890.75,No,0.0645,Low
15687218,France,Female,27,4,79144.34,1,No,Yes,50743.83,No,0.0645,Low
15727291,France,Female,40,1,0,2,Yes,No,194273.12,No,0.0645,Low
15650322,France,Female,34,3,105588.66,1,No,Yes,74694.41,No,0.0645,Low
15768465,Germany,Male,35,8,121309.17,2,Yes,Yes,28750.67,No,0.0645,Low
15796834,Germany,Male,35,7,104015.54,2,Yes,Yes,55207.88,No,0.0645,Low
15682528,France,Male,33,5,0,1,No,Yes,41139.05,No,0.0644,Low
15626882,Spain,Male,37,5,94901.09,1,Yes,Yes,48233.75,No,0.0644,Low
15595713,Spain,Male,33,6,0,1,Yes,Yes,31728.35,No,0.0644,Low
15694859,Germany,Female,28,10,132932.14,2,Yes,Yes,46630.47,No,0.0643,Low
15682773,France,Female,38,3,128345.69,2,Yes,No,63218.85,No,0.0641,Low
15644119,France,Male,31,3,0,1,Yes,Yes,42589.33,No,0.0641,Low
15805671,France,Male,32,0,0,1,No,Yes,117323.31,No,0.0641,Low
15698816,Spain,Female,33,4,72535.45,1,Yes,Yes,103931.49,No,0.0641,Low
15740104,Spain,Female,22,7,169649.73,2,No,Yes,136365,Yes,0.064,Low
15604792,Germany,Male,38,6,140752.06,2,No,Yes,171430.16,No,0.064,Low
15796231,France,Female,18,1,98894.39,1,Yes,Yes,9596.4,No,0.064,Low
15580487,Germany,Male,38,8,106922.92,2,No,Yes,84270.09,No,0.064,Low
15671582,Spain,Male,38,6,109869.32,1,Yes,Yes,154641.91,No,0.064,Low
15738042,Germany,Male,37,8,140894.06,2,Yes,Yes,118059.19,No,0.064,Low
15596914,Germany,Female,31,2,112373.49,2,Yes,Yes,131167.98,No,0.0639,Low
15574324,Germany,Female,29,2,129177.01,2,No,Yes,104617.99,No,0.0639,Low
15677586,Germany,Female,32,3,125445.04,2,Yes,Yes,130514.78,No,0.0639,Low
15572390,Spain,Female,39,6,0,2,Yes,No,103921.43,No,0.0639,Low
15784918,Germany,Male,35,2,121968.11,2,No,Yes,188343.05,No,0.0639,Low
15599211,France,Male,40,1,0,2,Yes,No,14090.4,Yes,0.0639,Low
15709222,Spain,Male,34,3,0,1,No,Yes,123427.98,No,0.0638,Low
15616431,France,Male,33,4,0,1,No,Yes,130474.03,No,0.0638,Low
15679743,France,Female,33,8,91301.72,1,No,Yes,130824.57,No,0.0638,Low
15659428,Spain,Female,42,6,0,2,Yes,Yes,34410.55,No,0.0637,Low
15735263,France,Male,27,5,51522.75,1,No,Yes,192131.77,No,0.0637,Low
15570970,France,Female,42,9,0,2,Yes,Yes,51362.82,No,0.0637,Low
15708608,France,Female,22,8,174185.98,2,No,Yes,192633.85,No,0.0636,Low
15665088,France,Female,42,2,0,2,No,Yes,90537.47,No,0.0636,Low
15714680,France,Female,78,5,121206.96,1,Yes,Yes,76016.49,No,0.0636,Low
15739502,Germany,Female,31,9,135020.21,2,Yes,Yes,23343.18,No,0.0635,Low
15774744,Germany,Male,33,7,97286.16,2,Yes,No,143433.33,No,0.0635,Low
15671148,Germany,Male,33,5,96341,2,No,No,108313.34,No,0.0635,Low
15586039,Germany,Female,36,5,90063.74,2,Yes,Yes,96366.7,No,0.0635,Low
15587443,France,Female,69,1,0,2,Yes,Yes,131804.86,No,0.0635,Low
15787168,Spain,Female,28,8,168253.21,1,Yes,Yes,102799.14,No,0.0635,Low
15774510,France,Female,31,4,125169.26,1,Yes,Yes,106636.89,No,0.0634,Low
15720838,Spain,Female,31,3,139799.63,1,No,Yes,120663.57,No,0.0634,Low
15729763,Spain,Male,34,1,116114.93,1,Yes,Yes,49492.15,No,0.0634,Low
15737571,Spain,Female,28,6,84121.04,1,No,Yes,80698.54,No,0.0634,Low
15791842,France,Female,32,6,71187.24,1,Yes,Yes,110593.62,No,0.0634,Low
15739931,France,Male,34,2,161588.89,1,Yes,Yes,51358.66,No,0.0634,Low
15691150,France,Female,32,4,110559.46,1,Yes,Yes,127429.56,No,0.0634,Low
15588854,France,Female,31,3,110581.29,1,Yes,Yes,94715.24,No,0.0634,Low
15750410,France,Female,25,4,123816.5,1,Yes,Yes,90162.35,No,0.0634,Low
15780498,France,Male,34,3,145030.92,1,Yes,Yes,41820.65,No,0.0634,Low
15626144,France,Male,40,7,113208.86,2,Yes,No,34577.36,No,0.0633,Low
15670172,France,Female,30,4,107879.04,1,No,Yes,196894.62,No,0.0633,Low
15716357,Spain,Female,39,4,122486.11,2,Yes,Yes,140709.25,No,0.0633,Low
15779390,Spain,Female,31,4,91292.7,1,Yes,Yes,162149.07,No,0.0632,Low
15763065,Spain,Female,40,2,0,2,Yes,No,199753.97,No,0.0632,Low
15784092,France,Male,36,7,126195.81,1,Yes,Yes,133172.48,No,0.0631,Low
15650098,France,Female,40,7,0,2,Yes,Yes,34453.17,No,0.0631,Low
15799710,France,Male,37,7,104960.46,1,No,Yes,80883.82,No,0.0631,Low
15608166,France,Male,36,9,127637.92,1,Yes,Yes,81062.93,No,0.0631,Low
15639669,France,Male,36,9,127157.04,1,Yes,Yes,155700.15,No,0.0631,Low
15657881,France,Male,38,5,136712.91,1,No,Yes,169920.92,No,0.0631,Low
15650864,France,Male,42,6,0,2,Yes,No,34777.23,No,0.0631,Low
15688498,Germany,Female,21,2,87096.82,2,Yes,No,168186.11,No,0.0631,Low
15742297,France,Male,35,2,141005.47,1,Yes,Yes,60407.93,No,0.0631,Low
15773273,Spain,Male,38,5,118866.36,1,Yes,Yes,163317.5,No,0.0631,Low
15634792,France,Female,40,9,0,2,No,Yes,33266.29,No,0.0631,Low
15607040,Spain,Female,38,4,88736.44,2,Yes,No,67020.03,No,0.063,Low
15668504,France,Male,36,2,89800.14,1,Yes,Yes,105922.69,No,0.0629,Low
15611024,France,Female,23,9,93522.2,1,No,Yes,81425.61,No,0.0629,Low
15758031,Spain,Male,38,3,91241.85,1,No,Yes,80682.35,No,0.0629,Low
15672692,France,Female,42,10,145988.65,2,Yes,Yes,79510.37,No,0.0628,Low
15600739,Spain,Female,35,0,0,2,Yes,No,119899.52,No,0.0628,Low
15779738,France,Male,24,1,0,1,Yes,Yes,169653.32,No,0.0628,Low
15694518,Spain,Female,36,0,0,2,Yes,No,111605.9,No,0.0628,Low
15701280,France,Male,24,3,0,1,No,Yes,78498.04,Yes,0.0628,Low
15640377,France,Female,36,0,0,2,Yes,No,97767.63,No,0.0628,Low
15782100,Spain,Male,22,3,66483.32,1,No,Yes,110317.39,No,0.0628,Low
15790019,France,Male,35,9,105387.89,1,Yes,Yes,25059.06,No,0.0628,Low
15802857,Spain,Female,33,8,115409.6,1,No,Yes,1539.21,No,0.0627,Low
15695932,Spain,Male,36,5,78381.13,1,No,Yes,153831.6,No,0.0627,Low
15699430,France,Female,35,10,0,2,Yes,No,180439.75,No,0.0626,Low
15694192,Spain,Female,38,6,0,2,No,No,173783.38,No,0.0626,Low
15768387,France,Male,41,8,0,2,No,No,29737.14,No,0.0626,Low
15721592,France,Female,38,5,0,2,Yes,No,156439.56,No,0.0626,Low
15581811,Germany,Female,30,1,139676.95,2,No,Yes,16146,No,0.0626,Low
15738248,France,Female,37,5,0,2,Yes,No,151871.84,No,0.0626,Low
15711254,France,Female,35,7,0,2,Yes,No,164241.67,No,0.0626,Low
15724663,Spain,Female,36,5,0,2,No,No,157238.05,No,0.0626,Low
15811415,France,Female,44,6,134066.1,2,Yes,Yes,197572.41,No,0.0626,Low
15580149,Spain,Male,41,7,0,2,Yes,No,43889.41,No,0.0626,Low
15605531,Spain,Female,38,6,0,2,Yes,No,173219.09,No,0.0626,Low
15677764,Germany,Female,74,1,186445.31,2,Yes,Yes,196767.83,No,0.0626,Low
15783501,France,Female,38,2,168190.33,2,Yes,No,68052.08,No,0.0625,Low
15687492,Germany,Male,32,3,96709.07,2,No,No,41788.37,No,0.0625,Low
15571940,Spain,Male,22,3,118680.57,1,Yes,Yes,49829.8,No,0.0625,Low
15751032,Germany,Female,37,1,35549.81,2,No,No,49676.33,No,0.0625,Low
15610090,France,Male,40,8,72945.29,2,Yes,No,98931.5,No,0.0625,Low
15614929,Germany,Male,28,0,96213.82,2,Yes,No,147913.56,No,0.0624,Low
15727021,Germany,Female,30,8,119027.28,2,Yes,Yes,137903.54,No,0.0624,Low
15806929,Germany,Male,36,5,73194.99,1,Yes,Yes,89222.66,No,0.0624,Low
15801605,France,Female,39,0,0,2,Yes,Yes,83295.09,No,0.0624,Low
15799534,France,Male,71,5,183135.39,2,Yes,Yes,197688.5,No,0.0623,Low
15606836,France,Female,33,2,94493.03,1,No,Yes,101866.39,No,0.0622,Low
15719779,Germany,Male,25,1,157404.02,2,Yes,No,93073.04,No,0.0622,Low
15585106,Germany,Female,38,8,57068.43,2,Yes,No,188974.81,No,0.0622,Low
15603550,Germany,Female,37,7,70258.88,2,Yes,No,139607.61,No,0.0622,Low
15756850,France,Male,40,1,0,2,No,No,114996.43,No,0.0621,Low
15578515,France,Female,38,3,0,2,Yes,No,158553.1,No,0.0621,Low
15759913,Germany,Male,43,6,85200.82,2,Yes,Yes,160574.09,No,0.0621,Low
15806407,France,Female,37,4,0,2,Yes,No,143393.24,No,0.0621,Low
15714260,France,Female,38,2,0,2,No,No,178752.73,No,0.0621,Low
15761733,France,Female,42,10,0,2,Yes,Yes,152944.39,No,0.0621,Low
15720353,France,Male,41,1,0,2,Yes,No,90607.31,No,0.0621,Low
15727857,Spain,Male,41,1,0,2,Yes,No,175611.5,No,0.0621,Low
15804864,France,Female,27,5,79336.61,1,Yes,Yes,26170.08,No,0.0621,Low
15773456,Germany,Male,36,3,145747.67,2,No,Yes,89566.74,No,0.062,Low
15697625,France,Male,37,2,163789.49,2,Yes,No,75832.53,No,0.062,Low
15671032,Germany,Male,42,0,77992.97,2,Yes,Yes,97906.38,No,0.062,Low
15611644,France,Male,73,0,146329.73,1,No,Yes,43615.67,No,0.062,Low
15677550,France,Female,38,1,0,2,Yes,No,20734.81,No,0.062,Low
15692235,France,Female,38,1,0,2,Yes,No,47764.99,No,0.062,Low
15635752,Germany,Male,38,4,111798.06,2,Yes,Yes,102184.66,No,0.062,Low
15674833,France,Female,35,1,0,2,Yes,No,36557.55,No,0.062,Low
15805062,Spain,Male,38,1,87202.38,1,Yes,Yes,77866.91,No,0.0619,Low
15754084,Spain,Male,35,1,106518.52,1,Yes,Yes,127951.81,No,0.0619,Low
15690188,France,Male,33,7,0,1,Yes,Yes,58043.02,Yes,0.0619,Low
15613140,France,Male,34,6,0,1,Yes,Yes,63173.64,No,0.0619,Low
15805212,France,Female,67,1,0,2,No,Yes,103945.58,No,0.0619,Low
15806822,France,Female,36,0,0,2,No,No,133465.57,No,0.0619,Low
15648858,France,Female,27,1,85225.21,1,No,Yes,64511.44,No,0.0619,Low
15739692,France,Male,42,1,0,2,No,No,71823.15,No,0.0619,Low
15704769,France,Female,67,5,113978.97,2,No,Yes,93146.11,No,0.0618,Low
15710390,France,Female,39,6,94631.26,2,Yes,Yes,148948.52,No,0.0618,Low
15589924,Spain,Female,40,1,0,2,Yes,Yes,108787,No,0.0618,Low
15682955,France,Female,32,2,84378.9,1,Yes,Yes,75396.43,No,0.0618,Low
15781347,France,Female,41,1,0,2,Yes,Yes,91193.65,No,0.0618,Low
15693200,France,Female,36,7,0,2,Yes,No,184866.86,No,0.0617,Low
15747558,Spain,Female,38,10,0,2,Yes,No,189727.12,No,0.0617,Low
15634180,Germany,Male,26,4,97268.1,2,Yes,No,39356.38,No,0.0616,Low
15607560,France,Female,39,2,0,2,Yes,Yes,555.28,No,0.0616,Low
15566531,Germany,Male,33,4,88046.88,1,No,Yes,186942.49,Yes,0.0616,Low
15648272,Spain,Male,35,9,71829.34,1,Yes,Yes,68141.92,No,0.0616,Low
15675522,Germany,Female,30,9,132351.29,2,Yes,Yes,74169.13,No,0.0615,Low
15773809,France,Male,42,4,0,2,Yes,No,6232.31,No,0.0615,Low
15726796,France,Male,38,7,111501.66,1,Yes,Yes,119333.38,No,0.0615,Low
15654408,Spain,Male,41,5,165445.04,2,Yes,No,85787.31,No,0.0615,Low
15679668,Spain,Male,38,7,115378.94,1,No,Yes,162087.82,No,0.0615,Low
15677908,Spain,Male,42,4,0,2,No,No,195692.3,No,0.0615,Low
15808905,France,Male,37,5,164858.18,1,Yes,Yes,173516.71,No,0.0615,Low
15780492,France,Male,42,4,0,2,Yes,No,19283.14,No,0.0615,Low
15637366,Germany,Female,25,5,114268.85,2,Yes,Yes,126728.27,No,0.0615,Low
15630244,France,Male,40,10,134320.23,2,Yes,No,150757.35,No,0.0615,Low
15569526,France,Male,40,10,98627.13,2,No,No,77977.69,No,0.0615,Low
15684645,Germany,Male,41,9,62078.21,2,Yes,No,129050.67,No,0.0614,Low
15642468,France,Male,42,9,132739.26,2,No,No,174667.65,No,0.0613,Low
15610105,Germany,Female,21,1,121827.43,2,Yes,Yes,99818.31,No,0.0613,Low
15658589,Spain,Male,38,2,94652.04,1,Yes,Yes,171960.76,No,0.0613,Low
15716728,Spain,Female,42,10,0,2,No,Yes,73151.25,No,0.0612,Low
15811970,France,Female,42,1,0,2,Yes,Yes,5768.32,No,0.0612,Low
15639662,France,Male,38,2,0,2,Yes,No,96.27,No,0.0612,Low
15623525,Spain,Male,31,0,125175.58,1,Yes,Yes,72757.33,No,0.0612,Low
15801414,France,Female,35,2,0,2,No,No,144251.38,No,0.0612,Low
15679299,Spain,Female,27,7,123826.07,1,No,Yes,78970.58,No,0.0611,Low
15644132,France,Female,30,9,142475.87,1,Yes,Yes,107848.24,No,0.0611,Low
15592116,France,Female,39,7,0,2,Yes,No,2401.26,No,0.061,Low
15641688,Spain,Male,18,7,0,1,No,Yes,59645.24,Yes,0.061,Low
15572792,Spain,Male,35,8,118989.92,1,Yes,Yes,135536.72,No,0.0609,Low
15600174,France,Male,35,7,165358.77,1,No,Yes,94738.54,No,0.0609,Low
15676353,France,Male,35,8,114212.6,1,Yes,Yes,74322.85,No,0.0609,Low
15716347,Germany,Male,37,7,143625.83,2,No,Yes,176487.05,No,0.0609,Low
15569626,Spain,Male,35,5,110080.3,1,Yes,Yes,109794.31,No,0.0609,Low
15722845,Spain,Male,29,1,182781.74,2,Yes,Yes,63732.9,No,0.0609,Low
15624936,France,Male,35,8,129205.49,1,Yes,Yes,79146.36,No,0.0609,Low
15695872,France,Female,30,1,89571.59,1,Yes,Yes,177613.19,No,0.0608,Low
15667971,Germany,Female,34,6,102143.93,2,Yes,Yes,102628.98,No,0.0608,Low
15631457,France,Male,37,5,98186.7,1,No,Yes,173386.95,No,0.0608,Low
15722473,France,Male,41,3,0,2,Yes,No,55772.04,No,0.0608,Low
15760177,Spain,Male,37,9,100252.18,1,Yes,Yes,146033.52,No,0.0608,Low
15649858,Spain,Male,37,9,96776.49,1,Yes,Yes,119890.86,No,0.0608,Low
15569451,France,Male,35,2,101257.16,1,Yes,Yes,118113.64,No,0.0607,Low
15621629,Germany,Male,43,8,81844.91,2,Yes,Yes,35908.46,No,0.0607,Low
15630413,France,Female,41,5,0,2,Yes,Yes,72462.25,No,0.0607,Low
15786389,Spain,Female,41,10,0,2,Yes,Yes,61994.2,No,0.0607,Low
15683562,France,Male,35,6,84026.86,1,No,Yes,164255.69,No,0.0606,Low
15813590,Spain,Male,42,6,0,2,Yes,No,158302.59,Yes,0.0606,Low
15567422,France,Male,42,6,0,2,Yes,No,162697.93,No,0.0606,Low
15762138,France,Male,42,5,0,2,Yes,No,178504.29,No,0.0606,Low
15716024,Spain,Male,42,5,0,2,Yes,No,115509.59,No,0.0606,Low
15714240,Spain,Male,74,5,0,2,No,No,151425.82,No,0.0606,Low
15698703,Germany,Male,40,5,181768.32,2,Yes,Yes,129107.97,No,0.0606,Low
15600510,Spain,Female,37,6,124140.57,2,Yes,No,92826.35,No,0.0606,Low
15594039,Spain,Male,42,6,0,2,Yes,No,113868.4,No,0.0606,Low
15736399,Spain,Male,42,10,0,2,Yes,No,177938.52,No,0.0606,Low
15792489,Spain,Male,42,9,0,2,Yes,No,119127.06,No,0.0606,Low
15810390,France,Female,41,1,0,2,No,Yes,27509.52,Yes,0.0606,Low
15635097,Germany,Male,39,2,188976.89,2,No,Yes,176142.09,No,0.0605,Low
15747014,France,Female,28,1,105245.34,1,No,Yes,74780.13,No,0.0605,Low
15700083,Spain,Male,39,2,139443.75,2,Yes,No,9234.06,No,0.0605,Low
15767729,Spain,Male,25,5,182876.88,2,Yes,Yes,42537.59,Yes,0.0605,Low
15778694,Germany,Female,26,1,105249.76,2,Yes,Yes,23491.09,No,0.0605,Low
15591386,France,Female,35,5,0,2,Yes,No,51112.8,No,0.0604,Low
15700353,France,Female,37,6,0,2,Yes,No,51229.17,No,0.0604,Low
15742028,France,Female,35,5,0,2,Yes,No,31050.02,No,0.0604,Low
15588406,Spain,Female,37,7,0,2,Yes,No,32262.28,No,0.0604,Low
15623072,Spain,Female,35,5,0,2,Yes,No,56518,No,0.0604,Low
15674750,Spain,Female,37,8,0,2,Yes,No,44215.86,No,0.0604,Low
15745433,Germany,Female,30,2,205770.78,2,No,No,65464.66,No,0.0604,Low
15752984,France,Female,70,9,87542.89,2,Yes,Yes,42576.86,No,0.0604,Low
15714789,France,Male,24,7,0,1,No,Yes,35611.35,No,0.0604,Low
15718944,France,Female,37,6,0,2,Yes,No,193995.37,No,0.0603,Low
15748231,Germany,Male,35,4,95853.39,2,Yes,No,192933.37,No,0.0603,Low
15811594,Spain,Female,28,3,128929.88,1,Yes,Yes,198069.71,No,0.0603,Low
15703143,France,Female,29,3,82344.84,1,No,Yes,115985.38,No,0.0602,Low
15576676,Germany,Female,28,6,124923.35,2,Yes,Yes,50299.14,No,0.0602,Low
15791743,France,Male,32,1,59271.82,1,Yes,Yes,46019.43,No,0.0602,Low
15742126,Germany,Male,38,7,132767.66,2,Yes,Yes,59115.77,No,0.0602,Low
15689671,Spain,Male,27,4,0,1,Yes,Yes,40807.26,No,0.0602,Low
15767921,France,Male,41,7,0,2,Yes,No,60297.72,No,0.0601,Low
15724428,France,Male,40,8,0,2,Yes,No,61581.2,No,0.0601,Low
15710375,France,Male,41,6,0,2,Yes,No,65396.79,No,0.0601,Low
15624423,France,Male,28,8,99986.98,1,Yes,No,196582.55,No,0.0601,Low
15613197,France,Male,40,8,0,2,Yes,No,62933.03,No,0.0601,Low
15738018,France,Male,40,5,0,2,No,No,72849.29,No,0.0601,Low
15629617,Spain,Male,23,2,126873.52,1,No,Yes,67040.12,No,0.06,Low
15776827,Germany,Male,37,5,141547.26,2,No,Yes,180326.83,No,0.06,Low
15609823,Spain,Female,34,8,127095.14,2,No,No,479.54,No,0.06,Low
15586029,Germany,Male,34,2,96152.68,2,Yes,No,143711.02,No,0.06,Low
15754849,Germany,Female,32,4,109421.13,2,Yes,Yes,126517.46,No,0.0599,Low
15641732,France,Female,36,3,0,2,No,No,26019.59,No,0.0599,Low
15582616,France,Female,38,4,0,2,Yes,No,56388.63,No,0.0599,Low
15588701,France,Female,38,4,0,2,Yes,No,35338.96,No,0.0599,Low
15791958,France,Female,41,6,0,2,Yes,Yes,169203.51,Yes,0.0599,Low
15755416,France,Female,27,3,87739.08,1,Yes,Yes,123096.56,No,0.0599,Low
15712536,France,Female,36,3,0,2,Yes,No,41295.1,Yes,0.0599,Low
15724296,Spain,Male,41,2,119782.72,2,No,No,120284.67,No,0.0598,Low
15593014,France,Male,33,1,112833.35,1,No,Yes,175178.56,No,0.0598,Low
15581237,Spain,Male,33,1,160777.9,1,Yes,Yes,149536.15,No,0.0598,Low
15722533,France,Female,40,3,0,2,No,Yes,167636.15,No,0.0598,Low
15746065,Germany,Male,35,10,136281.41,2,Yes,Yes,24799.47,No,0.0598,Low
15670889,France,Male,34,1,125566.9,1,Yes,Yes,176763.27,No,0.0598,Low
15663888,Germany,Male,34,6,204017.4,2,Yes,No,109538.35,No,0.0598,Low
15718443,France,Male,39,3,0,2,Yes,No,36692.17,No,0.0597,Low
15675360,France,Male,33,8,0,1,Yes,Yes,13858.95,No,0.0597,Low
15651460,Spain,Male,34,7,0,1,Yes,Yes,16250.61,No,0.0597,Low
15793825,France,Male,39,4,0,2,Yes,No,27150.35,No,0.0597,Low
15632736,Germany,Female,30,3,104911.35,2,Yes,Yes,42933.26,No,0.0597,Low
15684921,Spain,Male,25,8,142862.21,1,Yes,Yes,130639.01,No,0.0596,Low
15629744,France,Female,71,8,0,2,No,Yes,147995.96,No,0.0596,Low
15803526,Germany,Male,30,3,90536.81,1,No,Yes,63082.88,No,0.0595,Low
15771211,France,Male,38,10,86977.96,1,No,Yes,37094.75,No,0.0595,Low
15748673,France,Female,37,9,0,2,No,No,22710.72,No,0.0595,Low
15750299,Spain,Male,24,10,68781.82,1,No,Yes,47997.39,No,0.0595,Low
15632793,France,Female,29,9,103417.74,1,Yes,Yes,15336.4,No,0.0595,Low
15576774,France,Female,38,7,0,2,No,No,45779.9,No,0.0595,Low
15612418,France,Female,38,9,0,2,No,No,20940.76,No,0.0595,Low
15739042,France,Female,35,9,0,2,Yes,No,39511.61,No,0.0595,Low
15756894,France,Male,29,1,0,1,No,Yes,24865.54,No,0.0594,Low
15636626,France,Male,35,3,97560.16,1,Yes,Yes,53511.74,No,0.0594,Low
15806332,Spain,Female,39,5,0,2,Yes,Yes,175224.12,No,0.0593,Low
15572398,Spain,Female,39,6,0,2,Yes,Yes,164018.98,No,0.0593,Low
15769125,Spain,Female,41,10,0,2,No,Yes,47468.56,No,0.0592,Low
15609286,France,Male,37,10,150525.8,1,Yes,Yes,94728.49,No,0.0591,Low
15625641,Germany,Female,74,3,108071.36,2,Yes,Yes,16445.79,No,0.0591,Low
15641114,France,Male,37,8,130091.5,1,Yes,Yes,120031.29,No,0.0591,Low
15585533,France,Male,36,6,147733.64,1,No,Yes,172501.38,No,0.0591,Low
15623196,France,Male,38,6,149238.97,1,Yes,Yes,97825.23,No,0.0591,Low
15631392,Germany,Male,43,9,84673.17,2,No,Yes,82081.35,No,0.0591,Low
15691952,France,Male,37,10,106242.67,1,Yes,Yes,166678.28,No,0.0591,Low
15629475,France,Male,41,2,0,2,Yes,No,158973.77,No,0.0591,Low
15572956,France,Male,36,5,115350.63,1,Yes,Yes,122305.91,No,0.0591,Low
15705352,Spain,Male,38,7,111484.88,1,Yes,Yes,76076.2,No,0.0591,Low
15651315,France,Male,41,3,0,2,Yes,No,132719.8,No,0.0591,Low
15691823,France,Male,37,5,153195.59,1,Yes,Yes,162763.01,No,0.0591,Low
15815615,France,Male,36,5,141952.07,1,Yes,Yes,185144.08,No,0.0591,Low
15759555,Spain,Male,41,2,0,2,Yes,No,134272.57,No,0.0591,Low
15647890,France,Male,37,9,149405.18,1,Yes,Yes,146411.6,No,0.0591,Low
15718406,France,Male,41,3,0,2,Yes,No,121098.65,No,0.0591,Low
15574608,France,Male,36,8,133889.35,1,Yes,Yes,143265.65,No,0.0591,Low
15698442,Spain,Male,35,3,122964.88,1,Yes,Yes,138231.7,No,0.059,Low
15762902,France,Female,42,7,0,2,No,Yes,22974.01,No,0.059,Low
15632345,France,Female,35,4,0,2,Yes,No,44830.71,No,0.059,Low
15728542,France,Female,71,4,0,2,Yes,Yes,107236.87,No,0.059,Low
15785920,Germany,Male,35,1,125141.24,2,Yes,Yes,148537.07,No,0.059,Low
15626742,France,Male,36,3,97530.25,1,Yes,Yes,117140.41,No,0.0589,Low
15801062,Spain,Female,40,4,0,2,No,Yes,105433.53,No,0.0589,Low
15687884,France,Male,37,3,88363.03,1,No,Yes,117946.3,No,0.0589,Low
15589969,France,Male,34,6,0,1,No,Yes,52796.31,No,0.0589,Low
15746338,France,Female,40,2,0,2,Yes,Yes,129956.13,No,0.0589,Low
15709354,France,Female,41,2,0,2,Yes,Yes,113089.43,No,0.0589,Low
15763218,France,Female,41,1,0,2,No,Yes,131300.68,No,0.0588,Low
15684198,France,Female,38,10,0,2,Yes,Yes,216.27,No,0.0588,Low
15780654,Germany,Female,33,3,100488.92,2,No,Yes,36446.74,No,0.0588,Low
15710404,France,Male,35,10,124525.52,1,Yes,Yes,193793.78,No,0.0587,Low
15793042,France,Male,39,2,129669.32,2,Yes,No,82774.07,No,0.0587,Low
15614491,France,Male,39,3,139153.68,2,Yes,No,147662.33,No,0.0587,Low
15587394,France,Male,39,4,140133.08,2,No,No,131304.45,No,0.0587,Low
15677112,France,Male,39,2,112957.26,2,Yes,No,97593.16,No,0.0587,Low
15610419,France,Male,33,3,117413.95,1,Yes,Yes,12766.74,No,0.0587,Low
15621893,France,Male,18,4,133550.67,1,Yes,Yes,46941.41,No,0.0586,Low
15687738,France,Female,38,8,0,2,Yes,No,136620.64,No,0.0586,Low
15730161,France,Female,39,3,0,2,Yes,No,1710.89,No,0.0586,Low
15686696,France,Female,37,6,81070.34,2,Yes,No,80985.88,No,0.0586,Low
15606849,France,Female,27,1,94920.71,1,Yes,Yes,40339.9,No,0.0586,Low
15783958,Spain,Female,37,1,130922.81,2,No,No,2186.83,No,0.0585,Low
15621653,France,Female,29,10,87946.39,1,Yes,Yes,182531.74,No,0.0585,Low
15713983,Germany,Male,34,5,94108.54,2,Yes,No,177235.21,No,0.0585,Low
15811742,Spain,Male,42,7,0,2,Yes,No,7680.23,No,0.0585,Low
15812720,Germany,Male,37,10,130110.45,2,No,Yes,172097.95,No,0.0585,Low
15717328,France,Female,37,4,132446.08,2,Yes,No,87071.18,Yes,0.0584,Low
15748691,Spain,Female,30,1,154970.54,1,No,Yes,156768.45,No,0.0584,Low
15684548,Spain,Male,38,8,0,2,No,No,417.41,Yes,0.0583,Low
15656121,Germany,Male,31,6,157791.07,2,No,No,177994.81,No,0.0583,Low
15804814,France,Male,40,4,0,2,Yes,No,124615.59,No,0.0583,Low
15575858,France,Male,40,3,0,2,Yes,No,134281.11,No,0.0583,Low
15701412,France,Male,40,4,0,2,No,No,173321.65,No,0.0583,Low
15723884,Spain,Male,40,3,0,2,No,No,96097.65,No,0.0583,Low
15721504,Spain,Male,41,3,0,2,Yes,No,101371.72,No,0.0583,Low
15737782,France,Male,29,9,0,1,Yes,Yes,25858.68,No,0.0582,Low
15657535,Spain,Male,29,10,0,1,Yes,Yes,51907.72,Yes,0.0582,Low
15768120,Germany,Male,36,9,90560.48,2,Yes,No,174268.87,No,0.0582,Low
15735428,Spain,Female,37,0,0,2,No,No,82351.06,No,0.058,Low
15590606,France,Male,41,9,0,2,Yes,No,5967.09,No,0.058,Low
15810944,France,Female,35,7,0,2,Yes,No,70760.69,No,0.058,Low
15740383,Spain,Female,38,10,0,2,Yes,No,58332.91,No,0.058,Low
15740470,France,Male,39,4,160652.45,2,Yes,No,57643.55,No,0.058,Low
15708422,Spain,Female,35,0,0,2,No,No,76637.38,No,0.058,Low
15586183,France,Female,35,5,0,2,Yes,No,59981.62,No,0.058,Low
15568519,France,Male,41,9,0,2,Yes,No,13871.34,No,0.058,Low
15748639,Germany,Male,35,7,110053.62,2,Yes,Yes,92887.06,No,0.0579,Low
15754820,Germany,Male,35,8,147127.81,2,Yes,Yes,84760.7,No,0.0579,Low
15612358,Germany,Male,35,9,134498.54,2,Yes,Yes,119924.8,No,0.0579,Low
15764726,France,Male,22,3,137583.04,1,No,Yes,5791.85,No,0.0579,Low
15655232,Germany,Male,35,6,126803.34,2,Yes,Yes,161133.4,No,0.0579,Low
15660688,Spain,Female,35,9,0,2,No,No,170996.86,No,0.0578,Low
15595588,Spain,Female,39,4,0,2,No,Yes,182081.45,No,0.0578,Low
15586504,France,Male,40,9,0,2,Yes,No,40463.03,No,0.0578,Low
15596011,Spain,Male,34,9,0,1,Yes,Yes,93208.22,No,0.0578,Low
15762455,Spain,Male,33,6,66220.17,1,No,Yes,170819.01,No,0.0578,Low
15595874,Spain,Female,36,6,0,2,Yes,No,176692.87,No,0.0578,Low
15688619,Spain,Male,45,3,105266.32,2,Yes,Yes,193724.51,No,0.0577,Low
15713608,France,Female,41,5,0,2,Yes,Yes,34827.43,No,0.0577,Low
15578788,Spain,Male,40,6,0,2,No,No,41248.8,No,0.0577,Low
15621093,Germany,Male,31,4,97338.19,2,No,No,48226.76,No,0.0577,Low
15733768,France,Male,32,1,0,1,Yes,Yes,101986.16,No,0.0576,Low
15750839,Spain,Male,29,2,45022.23,1,Yes,Yes,173495.77,No,0.0576,Low
15775490,France,Female,38,5,110570.78,2,Yes,No,195906.59,No,0.0576,Low
15670584,Spain,Male,31,2,0,1,Yes,Yes,170821.43,Yes,0.0576,Low
15662426,Spain,Male,32,1,0,1,No,Yes,91167.19,Yes,0.0576,Low
15622801,France,Female,27,8,102000.17,1,Yes,Yes,116757,No,0.0576,Low
15672894,France,Female,36,8,129944.39,2,No,No,198914.8,No,0.0576,Low
15768945,France,Male,27,1,62092.9,1,Yes,Yes,105887.04,No,0.0576,Low
15574743,Spain,Male,29,2,0,1,Yes,Yes,168924.41,No,0.0576,Low
15691170,Spain,Female,29,10,99250.08,1,Yes,Yes,129629.41,No,0.0576,Low
15633064,France,Female,36,4,0,2,Yes,No,64420.5,No,0.0575,Low
15612771,France,Male,35,4,148172.44,1,Yes,Yes,4175.68,No,0.0575,Low
15696703,Germany,Male,27,3,160358.68,2,Yes,No,142367.72,No,0.0575,Low
15604576,Spain,Male,22,3,0,1,Yes,Yes,144385.54,No,0.0575,Low
15628904,Spain,Male,35,8,102918.38,1,Yes,Yes,45959.86,No,0.0575,Low
15799785,Germany,Female,30,4,77949.69,1,Yes,Yes,121151.46,No,0.0575,Low
15672905,Spain,Female,40,7,0,2,Yes,Yes,163757.29,No,0.0575,Low
15713517,France,Male,39,6,102025.08,2,Yes,No,12351.01,No,0.0575,Low
15704586,France,Female,42,7,0,2,No,Yes,76209.56,No,0.0574,Low
15569878,France,Male,37,3,96651.03,1,Yes,Yes,3232.82,No,0.0574,Low
15701037,France,Male,39,2,0,2,Yes,No,70563.9,No,0.0573,Low
15634896,France,Female,39,6,0,2,No,Yes,27375.15,No,0.0572,Low
15615126,France,Female,37,3,0,2,No,No,182156.81,Yes,0.0572,Low
15763980,Germany,Male,30,1,58668.02,1,Yes,Yes,78670.52,No,0.0572,Low
15777759,France,Male,30,2,131406.56,1,Yes,Yes,47952.45,No,0.0572,Low
15568487,France,Male,35,7,124616.23,1,Yes,Yes,69320.97,No,0.0572,Low
15677141,Spain,Male,29,2,132450.24,1,Yes,Yes,36176.63,No,0.0572,Low
15692718,France,Female,38,7,0,2,No,No,69227.42,No,0.0572,Low
15617991,France,Male,29,4,128744.04,1,Yes,Yes,47454.93,No,0.0572,Low
15783338,Spain,Male,32,0,155619.36,1,Yes,Yes,166692.03,No,0.0572,Low
15626243,France,Male,30,3,133844.22,1,Yes,Yes,31406.93,No,0.0572,Low
15758750,France,Male,31,0,110527.17,1,Yes,Yes,87060.77,No,0.0572,Low
15812893,France,Female,39,10,0,2,Yes,Yes,43174.49,Yes,0.0572,Low
15795881,Spain,Male,35,8,106365.29,1,Yes,Yes,148527.56,No,0.0571,Low
15685564,Spain,Male,35,5,105492.53,1,Yes,Yes,150057.2,No,0.0571,Low
15793813,France,Male,36,7,103688.19,1,No,Yes,118971.74,No,0.057,Low
15741195,Spain,Male,19,5,0,1,Yes,Yes,176903.35,No,0.057,Low
15652674,France,Male,20,0,83459.86,1,Yes,Yes,146752.67,No,0.057,Low
15680855,France,Male,33,2,145731.83,1,No,Yes,109219.43,No,0.0569,Low
15786199,France,Male,33,2,133040.32,1,Yes,Yes,110299.78,No,0.0569,Low
15735719,France,Female,40,9,0,2,Yes,Yes,70607.1,No,0.0569,Low
15754919,France,Female,40,10,0,2,No,Yes,69303.15,No,0.0569,Low
15665129,Germany,Male,33,1,132527.9,2,No,Yes,107429.71,No,0.0569,Low
15665879,France,Female,40,8,0,2,No,Yes,69080.46,No,0.0569,Low
15769308,Germany,Female,36,9,81231.85,2,Yes,No,196731.08,No,0.0569,Low
15723339,France,Female,38,4,137654.05,2,Yes,Yes,172629.67,No,0.0568,Low
15690153,France,Female,37,4,116121.84,2,No,Yes,181850.74,No,0.0568,Low
15696047,France,Male,35,6,99760.84,1,Yes,Yes,13591.52,No,0.0568,Low
15703923,Germany,Male,41,7,190409.34,2,Yes,Yes,138361.48,No,0.0568,Low
15812750,France,Male,24,6,147360,1,Yes,Yes,25310.82,No,0.0567,Low
15608226,Spain,Male,72,3,98903.06,1,Yes,Yes,81251.24,No,0.0567,Low
15615896,Spain,Male,39,8,0,2,Yes,No,36122.96,No,0.0567,Low
15796958,France,Male,39,7,0,2,Yes,No,48378.4,No,0.0567,Low
15722083,Spain,Male,39,8,0,2,No,No,42392.24,No,0.0567,Low
15584090,Spain,Female,40,7,0,2,No,Yes,131283.6,Yes,0.0567,Low
15814267,France,Male,22,6,154377.3,1,Yes,Yes,51721.52,No,0.0567,Low
15701885,France,Female,40,9,0,2,No,Yes,92357.21,No,0.0567,Low
15589881,France,Female,41,7,0,2,Yes,Yes,131284.93,No,0.0567,Low
15661708,France,Female,41,5,0,2,Yes,Yes,94170.84,No,0.0567,Low
15587013,France,Female,31,7,102575.04,1,Yes,Yes,11043.54,No,0.0566,Low
15732903,France,Male,39,7,82255.51,2,Yes,No,109545.56,No,0.0566,Low
15761141,Spain,Female,71,10,0,2,Yes,Yes,129984.2,No,0.0565,Low
15616380,Spain,Female,37,1,0,2,No,No,7455.2,No,0.0564,Low
15653315,Spain,Female,35,1,0,2,Yes,No,101667,No,0.0564,Low
15803078,Spain,Female,38,1,0,2,Yes,No,90605.05,No,0.0564,Low
15740428,France,Female,35,1,0,2,No,No,92131.54,No,0.0564,Low
15602934,France,Female,33,6,131698.57,2,Yes,No,151623.91,No,0.0564,Low
15807457,Spain,Female,36,1,0,2,Yes,No,102021.39,No,0.0564,Low
15665327,France,Male,18,2,176139.5,2,Yes,No,129654.22,No,0.0563,Low
15700601,France,Male,34,1,78829.53,1,Yes,Yes,12148.2,No,0.0563,Low
15784280,Germany,Male,35,2,109342.82,2,No,Yes,86043.27,No,0.0562,Low
15679909,Spain,Male,41,8,0,2,Yes,No,132152.32,No,0.0562,Low
15600575,Spain,Male,41,6,0,2,Yes,No,47322.05,No,0.0562,Low
15722758,France,Male,40,7,0,2,No,No,146156.98,No,0.0562,Low
15617877,France,Male,44,0,0,2,Yes,Yes,81140.09,No,0.0562,Low
15664734,Germany,Female,25,3,108244.82,2,Yes,Yes,103573.96,No,0.0562,Low
15801630,France,Male,40,6,0,2,Yes,No,173844.89,No,0.0562,Low
15754072,Spain,Female,36,6,0,2,Yes,No,141364.27,No,0.0562,Low
15649078,Germany,Female,27,8,111837.78,2,Yes,Yes,110805.79,No,0.0562,Low
15608408,Spain,Male,39,1,0,2,Yes,No,159130.32,No,0.0562,Low
15652320,France,Male,40,5,0,2,No,No,100727.68,No,0.0562,Low
15707242,Spain,Male,40,5,0,2,No,No,146703.36,No,0.0562,Low
15659567,France,Female,39,9,117103.26,2,Yes,Yes,85937.52,Yes,0.0562,Low
15731246,Spain,Male,40,10,0,2,Yes,No,103832.58,No,0.0562,Low
15617538,Spain,Male,40,7,0,2,No,No,45038.74,No,0.0562,Low
15635942,France,Male,40,9,0,2,Yes,No,112465.19,Yes,0.0562,Low
15783589,France,Male,40,9,0,2,No,No,93717.55,No,0.0562,Low
15720745,Spain,Male,24,4,140197.18,1,Yes,Yes,142935.83,No,0.0561,Low
15634218,Germany,Male,27,4,95331.83,2,Yes,No,132104.76,No,0.0561,Low
15611171,France,Male,33,1,129574.98,1,Yes,Yes,123300.38,No,0.0561,Low
15781975,France,Male,34,3,0,1,No,Yes,121457.88,Yes,0.0561,Low
15811589,Spain,Male,42,8,0,2,Yes,No,180800.42,No,0.056,Low
15634267,France,Male,42,5,0,2,Yes,No,172665.21,No,0.056,Low
15765457,Spain,Male,35,1,100829.94,1,Yes,Yes,165008.97,No,0.056,Low
15621353,Spain,Female,37,7,0,2,Yes,No,13589.93,No,0.0559,Low
15631460,Spain,Female,42,3,0,2,Yes,Yes,128449.33,No,0.0559,Low
15610594,France,Female,37,8,0,2,Yes,No,20968.88,No,0.0559,Low
15573278,France,Male,39,6,0,2,Yes,No,44265.28,No,0.0559,Low
15786035,France,Male,39,9,0,2,Yes,No,19047.23,No,0.0559,Low
15776467,Spain,Female,35,8,14262.8,2,Yes,No,54689.16,No,0.0558,Low
15629150,France,Female,37,1,0,2,Yes,No,70810.8,No,0.0558,Low
15720676,France,Female,37,7,0,2,Yes,No,17040.82,No,0.0558,Low
15723786,France,Female,37,9,0,2,Yes,No,16733.59,No,0.0558,Low
15630551,France,Male,33,2,163139.27,1,Yes,Yes,7035.36,No,0.0557,Low
15801247,Spain,Male,39,10,105317.73,2,Yes,No,138021.36,No,0.0557,Low
15618213,France,Female,32,7,85757.93,1,Yes,Yes,95481,No,0.0557,Low
15798960,France,Male,33,2,108393.35,1,No,Yes,39057.67,No,0.0557,Low
15797194,France,Male,39,10,129674.89,2,Yes,No,80552.36,No,0.0557,Low
15662641,France,Male,19,8,0,1,Yes,Yes,68569.89,No,0.0557,Low
15791877,Germany,Male,34,0,140641.26,2,Yes,Yes,77271.91,No,0.0557,Low
15745232,France,Female,39,6,0,2,Yes,Yes,140497.67,No,0.0556,Low
15566295,France,Female,33,6,138053.79,2,Yes,No,148779.41,No,0.0556,Low
15569446,France,Female,34,8,122338.43,2,Yes,No,187985.85,No,0.0556,Low
15648030,Spain,Female,33,5,137388.01,2,Yes,No,165000.68,No,0.0556,Low
15605872,France,Male,73,6,66573.17,1,Yes,Yes,62768.8,No,0.0555,Low
15688157,Germany,Female,39,2,47685.47,2,Yes,Yes,86019.48,No,0.0555,Low
15576085,France,Male,41,5,0,2,No,No,143882.25,No,0.0554,Low
15595047,France,Male,41,7,0,2,No,No,134878.34,No,0.0554,Low
15655171,France,Male,80,3,0,1,Yes,Yes,65801.44,No,0.0554,Low
15692132,Spain,Female,22,6,101060.25,1,No,Yes,84699.56,No,0.0553,Low
15728505,France,Male,44,1,100486.18,2,Yes,Yes,62678.53,No,0.0553,Low
15668886,Spain,Female,38,3,0,2,Yes,No,44255.65,No,0.0553,Low
15799031,France,Male,39,3,0,2,Yes,No,6726.53,No,0.0553,Low
15809800,France,Female,38,4,0,2,No,No,6787.48,No,0.0553,Low
15672242,France,Male,24,2,0,1,No,Yes,121232.51,No,0.0552,Low
15739857,France,Female,40,3,0,2,Yes,Yes,96832.82,No,0.0552,Low
15647111,Spain,Female,22,4,114440.24,1,Yes,Yes,107753.07,No,0.0552,Low
15721779,Spain,Male,41,5,146466.46,2,No,No,180934.67,No,0.0552,Low
15607176,France,Male,22,3,0,1,Yes,Yes,173940.59,No,0.0552,Low
15731522,Spain,Female,67,8,0,2,Yes,Yes,51219.8,No,0.0551,Low
15699029,France,Male,37,4,170557.91,2,Yes,No,198252.88,No,0.055,Low
15750141,Germany,Female,36,3,65253.07,2,Yes,No,28737.78,No,0.055,Low
15692744,France,Male,36,4,152169.12,2,No,No,38629.3,Yes,0.055,Low
15740494,France,Female,33,3,0,2,Yes,No,191111.02,No,0.055,Low
15590268,Spain,Male,35,5,95772.97,1,Yes,Yes,112781.5,No,0.055,Low
15814536,France,Male,37,2,112541.54,2,No,No,47432.43,No,0.055,Low
15669945,France,Male,35,4,141359.37,2,Yes,No,39519.53,No,0.055,Low
15704209,France,Female,39,7,120145.96,2,No,Yes,59497.01,Yes,0.055,Low
15679801,Spain,Female,39,5,163097.55,2,Yes,Yes,23702.42,No,0.055,Low
15732621,France,Male,34,10,0,1,Yes,Yes,114083.73,No,0.055,Low
15688007,Spain,Male,20,3,165260.98,1,Yes,Yes,41626.78,No,0.0549,Low
15627251,France,Male,34,4,134007.9,1,Yes,Yes,193209.11,No,0.0549,Low
15669253,Spain,Male,39,7,157691.98,2,Yes,No,133600.89,Yes,0.0549,Low
15692931,France,Male,22,2,114991.45,1,Yes,Yes,37392.56,No,0.0549,Low
15797502,Spain,Male,24,2,141078.57,1,Yes,Yes,24402.87,No,0.0549,Low
15675252,Spain,Female,39,3,92636.96,2,Yes,Yes,125671.29,No,0.0548,Low
15709523,Germany,Female,30,0,157989.21,2,Yes,Yes,100687.67,No,0.0548,Low
15658195,France,Male,34,5,118838.75,1,Yes,Yes,52820.13,No,0.0547,Low
15763895,France,Male,32,7,178011.5,2,Yes,No,22375.14,No,0.0547,Low
15635728,France,Male,41,4,0,2,No,No,156381.47,No,0.0546,Low
15694253,France,Female,41,7,152105.57,2,No,Yes,132374.41,No,0.0546,Low
15599410,France,Male,41,2,0,2,Yes,No,168219.75,No,0.0546,Low
15770984,Spain,Female,40,7,130334.35,2,No,Yes,116951.1,No,0.0546,Low
15614740,France,Female,41,6,135203.81,2,Yes,Yes,121967.88,No,0.0546,Low
15667392,Spain,Female,38,6,123081.84,2,Yes,Yes,188657.97,No,0.0546,Low
15662189,Spain,Male,33,3,0,1,Yes,Yes,2739.71,No,0.0546,Low
15685500,Germany,Male,26,7,152400.51,2,Yes,No,79414,No,0.0545,Low
15656726,France,Male,32,5,62321.62,1,Yes,Yes,40920.59,No,0.0545,Low
15808846,Germany,Female,21,3,165878.76,2,Yes,Yes,164537.17,No,0.0545,Low
15674583,France,Male,25,0,78396.08,1,Yes,Yes,8316.19,No,0.0545,Low
15796074,France,Female,36,2,99472.76,2,Yes,No,94274.72,Yes,0.0544,Low
15702145,Spain,Male,33,7,68423.89,1,Yes,Yes,64872.55,No,0.0544,Low
15589361,Spain,Male,34,9,0,1,Yes,Yes,66695.71,No,0.0544,Low
15666200,France,Female,40,1,0,2,Yes,Yes,119446.64,No,0.0544,Low
15778395,Germany,Male,34,4,88815.56,2,Yes,No,68562.26,Yes,0.0543,Low
15629002,Germany,Male,36,8,102603.3,2,Yes,Yes,180693.61,No,0.0543,Low
15809248,France,Female,36,10,0,2,Yes,No,109614.57,No,0.0542,Low
15745196,France,Female,35,8,0,2,No,No,84569.13,No,0.0542,Low
15713854,France,Female,37,6,0,2,Yes,No,110142.34,No,0.0542,Low
15612776,Spain,Female,39,10,0,2,Yes,Yes,143030.09,No,0.0542,Low
15734628,France,Female,35,5,0,2,Yes,No,101192.08,No,0.0542,Low
15612615,France,Female,37,6,0,2,Yes,No,86242.18,No,0.0542,Low
15767793,France,Female,38,10,0,2,Yes,No,30498.7,No,0.0542,Low
15675328,France,Female,37,6,0,2,Yes,No,82176.48,No,0.0542,Low
15667889,France,Female,37,6,0,2,Yes,No,110782.88,No,0.0542,Low
15753215,Spain,Female,36,8,0,2,Yes,No,91652.43,No,0.0542,Low
15604891,Spain,Female,38,8,0,2,Yes,No,95403.41,No,0.0542,Low
15617507,Spain,Female,36,7,0,2,Yes,No,80619.09,No,0.0542,Low
15652401,France,Female,36,7,0,2,No,No,108098.28,No,0.0542,Low
15718588,France,Female,37,9,0,2,No,No,98029.58,No,0.0542,Low
15663942,France,Female,38,5,0,2,No,No,93716.38,No,0.0542,Low
15688865,France,Female,35,9,0,2,No,No,25329.48,No,0.0542,Low
15750458,France,Female,39,4,0,2,No,Yes,142331.39,No,0.0541,Low
15777994,France,Female,39,3,0,2,Yes,Yes,145355.11,No,0.0541,Low
15740476,Germany,Female,32,3,150923.74,2,No,Yes,174652.51,No,0.054,Low
15618018,France,Female,35,1,104783.81,2,No,Yes,178512.52,No,0.054,Low
15752488,Spain,Female,31,9,102289.85,1,Yes,Yes,115441.66,No,0.054,Low
15612071,Spain,Female,32,10,95153.77,1,No,Yes,81310.1,No,0.054,Low
15778142,Germany,Female,31,1,130089.56,2,Yes,Yes,4466.21,No,0.054,Low
15618647,France,Male,29,1,43504.42,1,Yes,Yes,119327.75,No,0.054,Low
15645600,Spain,Female,27,8,98926.4,1,Yes,Yes,106969.98,No,0.054,Low
15600781,Germany,Male,34,4,185173.81,2,Yes,No,120834.48,No,0.053900000000000003,Low
15593601,France,Male,34,6,133598.4,1,Yes,Yes,13107.24,No,0.053900000000000003,Low
15756875,Spain,Male,34,6,147422.44,1,No,Yes,42143.61,No,0.053900000000000003,Low
15613713,France,Male,30,5,44928.88,1,Yes,Yes,10771.46,No,0.053900000000000003,Low
15628999,France,Male,79,10,61811.23,1,Yes,Yes,104222.8,No,0.053900000000000003,Low
15699486,Spain,Male,34,7,132944.53,1,Yes,Yes,31802.92,No,0.053900000000000003,Low
15690939,Spain,Male,28,7,0,1,Yes,Yes,10666.05,No,0.053900000000000003,Low
15703778,France,Male,33,8,129907.63,1,No,Yes,36083.96,No,0.053900000000000003,Low
15615245,France,Male,19,5,127649.64,1,Yes,Yes,40368.65,No,0.053900000000000003,Low
15571873,France,Male,24,9,107065.31,1,Yes,Yes,51959.82,No,0.053900000000000003,Low
15667632,France,Female,42,7,0,2,No,Yes,72500.68,No,0.0538,Low
15579189,France,Female,42,5,0,2,No,Yes,120512.08,No,0.0538,Low
15782475,France,Female,42,8,0,2,Yes,Yes,105305.72,No,0.0538,Low
15745354,Spain,Female,37,4,0,2,Yes,No,125696.26,No,0.0537,Low
15716186,France,Female,38,2,0,2,Yes,No,87168.46,No,0.0537,Low
15570360,France,Female,35,4,0,2,No,No,125986.18,No,0.0537,Low
15792151,Spain,Female,37,3,0,2,Yes,No,91086.73,No,0.0537,Low
15726588,Spain,Female,36,3,0,2,No,No,110525.6,No,0.0537,Low
15624451,France,Female,38,3,0,2,Yes,No,116466.19,No,0.0537,Low
15623082,France,Female,35,2,0,2,Yes,No,97633.93,No,0.0537,Low
15765287,France,Female,38,2,0,2,Yes,No,9015.07,No,0.0537,Low
15606435,Germany,Male,69,2,187013.13,2,No,Yes,105898.69,No,0.0537,Low
15686670,France,Female,36,2,0,2,Yes,No,92536,Yes,0.0537,Low
15780805,France,Female,35,2,0,2,Yes,No,98621.04,Yes,0.0537,Low
15697546,France,Female,36,3,0,2,Yes,No,92118.75,No,0.0537,Low
15800856,Spain,Male,34,3,83132.09,1,Yes,Yes,21360.88,No,0.0536,Low
15664227,Germany,Male,28,8,53053.76,1,No,Yes,24577.34,No,0.0535,Low
15695168,France,Male,39,2,0,2,Yes,No,100403.05,No,0.0535,Low
15624667,France,Male,35,6,135871.5,1,Yes,Yes,87219.41,No,0.0535,Low
15799641,Spain,Male,39,2,0,2,Yes,No,81995.92,No,0.0535,Low
15687626,France,Male,39,4,0,2,Yes,No,167183.07,Yes,0.0535,Low
15599433,Germany,Male,35,8,58641.43,1,No,Yes,198674.08,No,0.0534,Low
15573741,Spain,Male,38,10,95010.92,1,Yes,Yes,105227.86,No,0.0534,Low
15773731,Spain,Female,35,5,0,2,No,No,100365.51,No,0.0534,Low
15653404,Spain,Female,24,9,79263.9,1,No,Yes,196574.48,No,0.0534,Low
15613172,Germany,Male,27,5,95826.49,2,Yes,No,155996.96,No,0.0533,Low
15605263,France,Male,33,5,140931.57,1,No,Yes,10921.5,No,0.0533,Low
15617082,France,Male,33,7,115195.58,1,Yes,Yes,11205.5,No,0.0533,Low
15658211,Spain,Female,39,2,0,2,Yes,Yes,121151.1,No,0.0533,Low
15697686,France,Female,40,6,0,2,Yes,Yes,84151.98,No,0.0532,Low
15783882,Spain,Female,41,5,0,2,No,Yes,92914.67,No,0.0532,Low
15588695,Spain,Male,32,6,0,1,Yes,Yes,44323.22,Yes,0.0532,Low
15708916,France,Male,38,0,0,2,Yes,No,47414.15,No,0.0531,Low
15579777,France,Male,41,3,0,2,Yes,No,128892.36,No,0.0531,Low
15754605,France,Female,39,5,0,2,Yes,Yes,17603.81,No,0.053,Low
15634262,Germany,Male,34,4,148375.19,2,Yes,Yes,21521.38,No,0.053,Low
15607827,Germany,Male,34,4,133467.77,2,Yes,Yes,42976.64,No,0.053,Low
15792607,France,Female,38,2,0,2,No,No,75578.67,No,0.053,Low
15567557,France,Male,27,2,128243.03,1,Yes,Yes,11631.34,No,0.053,Low
15799186,France,Male,38,4,0,2,No,No,192505.62,No,0.053,Low
15604158,France,Female,39,10,0,2,Yes,Yes,18391.93,No,0.053,Low
15798709,Spain,Male,32,3,109109.33,1,No,Yes,4993.94,No,0.053,Low
15633944,Spain,Male,32,3,136659.74,1,Yes,Yes,14187.78,No,0.053,Low
15604551,France,Female,35,3,0,2,Yes,No,90876.95,No,0.053,Low
15620750,France,Male,28,3,141099.43,1,Yes,Yes,15607.27,No,0.053,Low
15799479,Spain,Male,33,9,0,1,Yes,Yes,124045.65,No,0.0529,Low
15763381,France,Male,30,0,90963.49,1,No,Yes,27802,No,0.0529,Low
15571284,Germany,Male,32,0,109528.16,2,Yes,Yes,56176.31,No,0.0529,Low
15653222,Germany,Female,32,6,131938.92,2,Yes,Yes,1795.93,No,0.0527,Low
15698167,France,Female,24,0,148298.59,2,No,No,182913.95,No,0.0527,Low
15792365,France,Male,44,4,142051.07,2,No,Yes,74940.5,No,0.0526,Low
15644962,France,Male,21,4,137910.45,1,Yes,Yes,177235.23,No,0.0526,Low
15805523,France,Female,28,1,90537.16,1,No,Yes,74800.99,No,0.0526,Low
15809991,Spain,Male,19,4,130274.22,1,Yes,Yes,133535.29,No,0.0526,Low
15607230,Germany,Male,33,9,150186.22,2,Yes,Yes,65611.01,No,0.0526,Low
15744109,France,Male,32,4,0,1,Yes,Yes,180622.02,No,0.0526,Low
15622578,France,Male,34,5,113958.55,1,No,Yes,32125.98,No,0.0526,Low
15682523,France,Male,20,1,139432.55,1,Yes,Yes,85606.83,No,0.0526,Low
15797149,Spain,Female,36,4,143680.47,2,Yes,Yes,63531.19,No,0.0526,Low
15730059,Spain,Male,44,9,77637.35,2,Yes,Yes,111346.22,No,0.0525,Low
15797389,Spain,Male,23,9,124577.33,1,Yes,Yes,7267.25,No,0.0525,Low
15674343,France,Male,44,8,78128.13,2,No,Yes,109153.04,No,0.0525,Low
15737556,France,Male,43,7,81076.8,2,Yes,Yes,182627.25,Yes,0.0525,Low
15650026,France,Male,44,1,63562.02,2,No,Yes,52629.73,Yes,0.0525,Low
15610753,France,Male,28,3,104367.5,1,Yes,Yes,29937.75,No,0.0525,Low
15760450,France,Male,43,1,0,2,Yes,Yes,52471.36,No,0.0525,Low
15742323,France,Male,39,7,0,2,Yes,No,19823.02,No,0.0525,Low
15745543,France,Male,39,7,0,2,Yes,No,26848.25,No,0.0524,Low
15663885,France,Male,32,5,0,1,Yes,Yes,64839.23,No,0.0524,Low
15685109,France,Male,39,7,0,2,No,No,14917.09,No,0.0524,Low
15565891,France,Male,39,8,0,2,Yes,No,56214.09,No,0.0524,Low
15642099,Spain,Male,39,6,0,2,Yes,No,12266.06,No,0.0524,Low
15604482,Spain,Male,30,2,141040.01,1,Yes,Yes,5978.2,No,0.0523,Low
15584363,France,Male,30,0,133634.02,1,Yes,Yes,162053.92,No,0.0523,Low
15631603,France,Male,32,1,122889.88,1,Yes,Yes,26476.18,No,0.0523,Low
15572356,Spain,Male,73,1,108555.07,1,No,Yes,167969.15,No,0.0523,Low
15787155,Spain,Male,30,7,0,1,No,Yes,125010.24,No,0.0522,Low
15814035,France,Male,29,9,0,1,Yes,Yes,80393.27,No,0.0522,Low
15772933,Spain,Male,31,8,0,1,Yes,Yes,141677.33,No,0.0522,Low
15768095,France,Male,31,9,0,1,No,Yes,139048,No,0.0522,Low
15715769,France,Male,26,2,75237.54,1,No,Yes,44220.4,No,0.0522,Low
15762228,Spain,Male,35,6,110046.93,2,Yes,No,26318.73,No,0.0522,Low
15660147,Spain,Male,32,8,46161.18,1,Yes,Yes,79577.4,No,0.0522,Low
15659234,France,Male,30,3,85704.95,1,No,Yes,27886.06,No,0.0522,Low
15767908,France,Male,38,6,127678.8,2,No,No,45422.89,No,0.0522,Low
15691387,France,Male,29,9,0,1,Yes,Yes,81634.45,No,0.0522,Low
15626212,France,Male,29,9,0,1,Yes,Yes,166984.44,No,0.0522,Low
15800366,France,Male,29,5,0,1,Yes,Yes,94823.95,No,0.0522,Low
15572631,France,Male,25,10,0,1,No,Yes,109895.16,No,0.0522,Low
15702277,France,Male,34,4,106005.54,1,No,Yes,142995.32,No,0.0522,Low
15632439,France,Female,39,4,0,2,No,Yes,47455.82,No,0.0522,Low
15604832,France,Male,29,7,0,1,Yes,Yes,130224.73,No,0.0522,Low
15752626,France,Male,32,7,64082.09,1,No,Yes,109159.58,No,0.0522,Low
15762218,France,Female,39,9,0,2,No,Yes,145894.9,No,0.0521,Low
15607395,France,Female,33,9,112528.65,2,Yes,No,177362.45,No,0.0521,Low
15590888,Spain,Female,34,10,107556.06,2,No,No,154631.35,No,0.0521,Low
15704483,France,Male,40,6,0,2,No,No,106149.48,No,0.0519,Low
15641835,France,Male,72,3,140997.26,1,No,Yes,52876.41,No,0.0519,Low
15596060,Spain,Male,29,8,127864.26,1,Yes,Yes,46677.9,No,0.0519,Low
15749130,Germany,Male,27,1,74298.43,1,Yes,Yes,52581.96,No,0.0519,Low
15730448,Germany,Male,25,5,62482.95,1,Yes,Yes,102758.43,No,0.0519,Low
15688172,Spain,Male,40,5,0,2,Yes,No,88947.56,No,0.0519,Low
15757541,France,Female,33,9,151772.63,2,No,No,180249.94,Yes,0.0519,Low
15672875,Germany,Male,32,8,40172.91,1,Yes,Yes,137439.34,No,0.0519,Low
15728078,France,Male,26,10,126392.18,1,No,Yes,43651.49,No,0.0519,Low
15654878,France,Male,29,7,117199.8,1,Yes,Yes,43480.63,No,0.0519,Low
15592761,France,Male,40,5,0,2,No,No,162878.96,No,0.0519,Low
15706637,Spain,Male,40,9,0,2,No,No,121537.91,No,0.0519,Low
15576131,France,Male,40,5,0,2,Yes,No,147878.05,No,0.0519,Low
15778884,France,Female,38,2,154763.21,2,Yes,Yes,174800.31,No,0.0519,Low
15791452,France,Male,39,1,0,2,Yes,No,153129.22,No,0.0519,Low
15781987,France,Male,31,9,112494.99,1,Yes,Yes,32231.6,No,0.0519,Low
15584452,France,Male,41,6,0,2,No,No,167181.77,No,0.0519,Low
15694409,Germany,Female,22,3,97975.82,2,No,Yes,62083,No,0.0518,Low
15772604,Spain,Male,36,1,157267.95,2,Yes,No,141533.19,No,0.0518,Low
15780409,France,Male,40,6,0,2,Yes,No,109742.55,No,0.0517,Low
15679531,France,Male,34,5,134954.53,1,Yes,Yes,151954.39,No,0.0516,Low
15734886,France,Female,34,3,123971.51,2,Yes,No,147794.63,No,0.0516,Low
15752137,France,Male,33,7,134944,1,Yes,Yes,117036.38,No,0.0516,Low
15679283,France,Female,33,4,129731.64,2,Yes,No,178123.86,No,0.0516,Low
15666823,France,Male,39,4,0,2,Yes,No,197226.32,No,0.0516,Low
15697997,France,Male,33,5,164704.38,1,No,Yes,180716.1,Yes,0.0516,Low
15627412,France,Male,39,3,0,2,Yes,No,199390.45,No,0.0516,Low
15659149,France,Male,39,2,0,2,Yes,No,197923.05,No,0.0516,Low
15582276,France,Male,34,5,133501.36,1,No,Yes,155643.04,No,0.0516,Low
15675256,Spain,Male,33,5,127343.4,1,No,Yes,121789.3,No,0.0516,Low
15736043,France,Male,34,6,114543.27,1,Yes,Yes,97755.29,No,0.0516,Low
15688128,Spain,Male,34,8,108653.93,1,No,Yes,144725.14,No,0.0516,Low
15723216,Germany,Male,33,2,80002.33,1,Yes,Yes,104079.62,No,0.0516,Low
15704315,France,Male,34,8,163757.06,1,Yes,Yes,104000.06,No,0.0516,Low
15643048,France,Male,66,0,0,2,No,Yes,42240.54,No,0.0516,Low
15724444,France,Female,38,1,125877.65,2,Yes,Yes,107841.77,No,0.0516,Low
15653595,France,Male,51,6,0,2,No,Yes,194733.28,No,0.0515,Low
15762048,Germany,Female,33,7,154969.79,2,Yes,Yes,99505.75,No,0.0515,Low
15788448,Spain,Male,31,3,145260.23,1,No,Yes,114066.77,No,0.0514,Low
15626900,France,Male,29,1,141325.56,1,Yes,Yes,93839.3,No,0.0514,Low
15717898,Spain,Male,32,2,131945.94,1,No,Yes,159737.56,No,0.0514,Low
15568953,France,Male,27,1,128554.98,1,Yes,Yes,133173.19,No,0.0514,Low
15697597,France,Male,26,1,149144.61,1,No,Yes,123697.95,No,0.0514,Low
15743673,Spain,Male,27,2,113873.22,1,Yes,Yes,85129.77,Yes,0.0514,Low
15603743,France,Male,28,1,112070.44,1,No,Yes,126281.83,No,0.0514,Low
15589437,France,Male,26,3,156815.71,1,Yes,Yes,137476.09,No,0.0514,Low
15776156,France,Male,27,4,121325.84,1,Yes,Yes,164223.7,Yes,0.0514,Low
15803479,France,Female,67,1,0,2,No,Yes,3837.08,No,0.0514,Low
15630580,Germany,Male,34,9,108513.25,2,Yes,Yes,27097.82,No,0.0513,Low
15688973,Spain,Female,39,5,0,2,Yes,Yes,83103.46,No,0.0513,Low
15632069,France,Male,39,8,125211.55,2,Yes,No,144496.07,No,0.0513,Low
15714397,Germany,Female,30,2,101014.08,2,Yes,Yes,165257.31,No,0.0512,Low
15780925,France,Male,37,1,177069.24,2,Yes,Yes,96088.54,No,0.0512,Low
15648047,Germany,Male,27,5,190125.43,2,No,No,21793.59,No,0.0511,Low
15813144,France,Female,26,7,92606.86,2,Yes,No,192709.69,No,0.051,Low
15705309,Spain,Male,39,5,0,2,No,No,116748.14,No,0.0509,Low
15660385,France,Male,39,7,0,2,Yes,No,83084.33,No,0.0509,Low
15578375,France,Male,39,6,0,2,No,No,134441.6,No,0.0509,Low
15671779,France,Male,39,5,0,2,No,No,168521.72,No,0.0509,Low
15604963,France,Male,39,5,0,2,No,No,181461.46,No,0.0509,Low
15570086,Germany,Male,18,9,90544,1,No,Yes,4777.23,No,0.0509,Low
15605827,France,Male,39,8,0,2,No,No,96864.36,No,0.0509,Low
15777459,Spain,Female,32,4,175406.13,2,Yes,Yes,172792.43,Yes,0.0509,Low
15716835,France,Male,24,8,156325.38,1,Yes,Yes,125381.02,No,0.0508,Low
15589320,Spain,Male,34,8,0,1,Yes,Yes,76510.46,No,0.0508,Low
15662091,Spain,Male,21,7,116099.82,1,Yes,Yes,148087.62,No,0.0508,Low
15733169,Spain,Male,22,7,125265.61,1,Yes,Yes,161253.08,No,0.0508,Low
15591135,France,Male,37,2,132057.92,2,Yes,No,34743.98,No,0.0508,Low
15651389,Spain,Male,24,8,143656.55,1,No,Yes,180932.46,No,0.0508,Low
15731989,France,Male,36,4,120165.4,2,Yes,No,33701.5,No,0.0508,Low
15810660,Germany,Male,34,4,120875.23,2,No,Yes,113407.26,No,0.0508,Low
15776404,France,Male,22,8,123374.46,1,Yes,Yes,124906.59,No,0.0508,Low
15582762,Spain,Male,77,2,0,1,Yes,Yes,34702.92,No,0.0507,Low
15726250,France,Female,38,3,166328.65,2,No,Yes,22614.19,No,0.0507,Low
15814237,Germany,Male,30,3,128770.88,2,Yes,Yes,40199.01,No,0.0507,Low
15587573,Germany,Male,27,4,115084.53,2,No,Yes,26907.43,No,0.0507,Low
15574142,Germany,Female,28,2,171932.26,2,Yes,Yes,9578.24,No,0.0507,Low
15779052,Germany,Female,25,5,157780.84,2,Yes,Yes,58426.81,No,0.0506,Low
15694506,Germany,Male,31,0,107884.81,2,Yes,Yes,183487.98,No,0.0506,Low
15694272,France,Male,30,1,64097.75,1,Yes,Yes,77783.35,No,0.0506,Low
15623828,France,Male,30,4,0,1,No,Yes,161465.31,No,0.0506,Low
15583576,France,Male,30,2,0,1,No,Yes,102057.86,No,0.0506,Low
15677217,France,Male,30,1,0,1,Yes,Yes,181300.32,No,0.0506,Low
15798439,Spain,Male,25,2,0,1,Yes,Yes,132979.43,No,0.0506,Low
15666096,Spain,Male,27,4,0,1,No,Yes,107955.67,No,0.0506,Low
15743709,France,Male,30,4,66190.33,1,Yes,Yes,115186.97,No,0.0506,Low
15570908,Spain,Female,29,7,93617.07,1,No,Yes,113050.92,No,0.0506,Low
15720509,France,Male,34,9,150856.79,1,No,Yes,8236.78,No,0.0505,Low
15795963,France,Male,34,7,129895.19,1,No,Yes,28698.17,No,0.0505,Low
15736963,France,Male,43,1,0,2,Yes,Yes,146379.3,No,0.0505,Low
15596797,Spain,Male,43,1,0,2,Yes,Yes,145764.4,No,0.0505,Low
15574584,France,Male,33,8,126679.69,1,Yes,Yes,39451.09,No,0.0505,Low
15636673,France,Male,31,1,119266.69,1,Yes,Yes,28257.63,No,0.0503,Low
15757646,France,Male,35,9,0,2,Yes,No,192381.21,No,0.0503,Low
15769051,Spain,Male,25,7,0,1,No,Yes,192841.13,No,0.0503,Low
15602551,Spain,Male,39,9,0,2,Yes,No,68873.8,No,0.0503,Low
15693259,France,Male,30,1,128207.23,1,Yes,Yes,55400.17,No,0.0503,Low
15810454,France,Male,32,4,147307.91,1,No,Yes,40861.55,No,0.0503,Low
15663294,France,Male,32,1,125685.79,1,Yes,Yes,56246.72,No,0.0503,Low
15735025,Spain,Male,37,3,175534.78,2,Yes,Yes,9241.52,No,0.0503,Low
15606436,Spain,Male,38,7,0,2,No,No,192013.23,No,0.0503,Low
15570271,Spain,Male,31,6,0,1,Yes,Yes,196395.25,No,0.0503,Low
15602030,France,Male,28,4,128206.79,1,Yes,Yes,54272.12,No,0.0503,Low
15798605,Germany,Male,26,1,57422.62,1,Yes,Yes,79189.4,No,0.0503,Low
15776558,France,Male,31,1,108345.22,1,No,Yes,38802.03,No,0.0503,Low
15630857,Spain,Female,39,6,0,2,Yes,Yes,9574.83,No,0.0502,Low
15659557,Germany,Female,28,4,167738.82,2,Yes,Yes,9903.42,No,0.0501,Low
15704681,Germany,Male,37,2,99660.13,2,No,Yes,147700.78,No,0.0501,Low
15606229,France,Male,39,5,0,2,Yes,No,96270.64,No,0.0501,Low
15634375,Spain,Female,36,8,0,2,No,No,83206.19,No,0.05,Low
15745001,Spain,Female,36,7,0,2,Yes,No,104786.59,No,0.05,Low
15691863,France,Female,39,3,0,2,Yes,Yes,84175.34,No,0.05,Low
15712938,France,Male,44,3,0,2,Yes,Yes,34416.79,No,0.05,Low
15658670,France,Female,38,8,0,2,Yes,No,84049.16,No,0.05,Low
15729224,France,Female,37,5,0,2,Yes,No,115403.31,No,0.05,Low
15709142,Germany,Female,30,2,91057.37,2,Yes,No,132973.17,No,0.05,Low
15685805,Spain,Female,35,6,0,2,Yes,No,98618.79,No,0.05,Low
15660833,Germany,Male,39,5,86350.87,2,No,No,105080.53,No,0.0499,Low
15763662,Germany,Male,43,2,39043.29,2,Yes,Yes,175423.69,No,0.0499,Low
15740072,France,Female,37,2,120328.88,2,Yes,Yes,138470.21,No,0.0499,Low
15793856,Spain,Female,36,3,121542.57,2,Yes,Yes,186841.71,No,0.0499,Low
15622585,France,Male,26,7,153644.39,1,Yes,Yes,63197.88,No,0.0498,Low
15763798,France,Male,23,5,140007.19,1,No,Yes,31714.08,No,0.0498,Low
15699830,France,Female,40,7,0,2,Yes,Yes,122580.48,No,0.0498,Low
15659937,France,Female,40,7,0,2,No,Yes,122518.5,No,0.0498,Low
15615177,Spain,Male,28,6,123692,1,Yes,Yes,70548.96,No,0.0498,Low
15578156,Spain,Male,32,5,138521.83,1,Yes,Yes,56897.1,No,0.0498,Low
15646310,Spain,Male,24,8,143582.89,1,Yes,Yes,22527.27,No,0.0498,Low
15584505,France,Female,23,5,113923.81,2,No,No,196241.43,No,0.0497,Low
15732563,Germany,Female,33,7,99046.31,2,Yes,Yes,56053.06,No,0.0497,Low
15618182,France,Female,38,2,0,2,No,No,115068.99,No,0.0496,Low
15628947,France,Female,38,3,0,2,No,No,78133.48,Yes,0.0496,Low
15605950,Germany,Male,23,1,137060.88,2,Yes,Yes,165227.23,No,0.0496,Low
15607577,Spain,Male,27,8,0,1,Yes,Yes,188007.99,No,0.0496,Low
15607142,France,Male,32,8,0,1,Yes,Yes,80410.68,No,0.0496,Low
15754113,France,Female,35,0,0,2,Yes,Yes,155485.24,No,0.0496,Low
15800412,Germany,Male,35,9,146780.52,2,Yes,Yes,3476.38,No,0.0496,Low
15579994,France,Male,23,8,73112.95,1,Yes,Yes,62733.05,No,0.0496,Low
15811877,France,Female,36,4,0,2,Yes,No,130789.15,No,0.0496,Low
15765806,France,Male,29,1,144591.96,1,Yes,Yes,196293.76,No,0.0495,Low
15697270,Spain,Male,27,4,153325.1,1,Yes,Yes,199953.33,No,0.0495,Low
15704144,Germany,Male,33,2,127154.14,2,No,Yes,105383.49,No,0.0495,Low
15804211,France,Male,36,3,155423.17,1,Yes,Yes,199841.32,No,0.0495,Low
15640133,France,Female,34,0,0,2,Yes,No,185555.63,No,0.0495,Low
15609521,Germany,Male,34,4,142929.16,2,Yes,Yes,114869.56,No,0.0495,Low
15789863,France,Male,39,4,0,2,Yes,No,171716.81,No,0.0494,Low
15627741,Germany,Female,29,2,96863.52,2,Yes,Yes,31613.35,No,0.0494,Low
15606177,France,Male,39,2,0,2,Yes,No,87372.49,No,0.0494,Low
15579787,France,Male,39,4,0,2,Yes,No,155023.93,No,0.0494,Low
15682435,France,Male,35,4,143744.77,2,Yes,No,104076.51,No,0.0493,Low
15675791,France,Male,36,4,129440.3,2,Yes,No,102638.35,No,0.0493,Low
15656707,Spain,Male,21,2,123200.78,1,Yes,Yes,180712.28,No,0.0493,Low
15620000,Germany,Male,34,6,121303.77,2,Yes,Yes,59325.21,No,0.0493,Low
15576935,Spain,Male,43,2,161807.18,2,No,Yes,93228.86,Yes,0.0493,Low
15609058,France,Male,23,1,107787.47,1,No,Yes,116378.82,No,0.0493,Low
15787174,France,Female,37,1,0,2,No,Yes,156105.03,No,0.0492,Low
15574783,France,Female,37,1,0,2,Yes,Yes,180363.56,No,0.0492,Low
15643392,France,Male,31,4,105239.1,1,Yes,Yes,19700.24,No,0.0492,Low
15683213,France,Female,35,10,74988.59,2,No,Yes,190155.13,No,0.0492,Low
15660263,France,Male,40,4,99799.76,2,Yes,No,197372.13,No,0.0492,Low
15700046,France,Male,41,4,103544.88,2,Yes,No,193746.55,No,0.0492,Low
15567919,Germany,Male,37,8,167735.69,2,No,Yes,104665.79,No,0.0492,Low
15709135,Germany,Male,30,7,101231.77,2,No,No,156529.44,No,0.0492,Low
15800814,France,Male,35,2,81951.74,2,Yes,No,115668.53,No,0.0491,Low
15612769,France,Male,28,5,61581.97,1,Yes,Yes,70179.91,No,0.0491,Low
15724890,Spain,Male,36,4,82696.09,2,No,No,83058.14,No,0.0491,Low
15643361,Germany,Male,34,8,139959.55,2,Yes,Yes,189875.83,No,0.0491,Low
15706706,Germany,Male,33,7,135310.41,2,No,Yes,171668.2,No,0.0491,Low
15635197,Germany,Male,26,5,90402.77,1,Yes,Yes,3298.65,No,0.0491,Low
15759684,France,Female,27,7,176227.07,2,No,Yes,139481.53,No,0.049,Low
15701524,France,Male,36,0,0,2,Yes,No,46811.77,No,0.049,Low
15624170,France,Female,38,4,81550.94,2,No,Yes,118974.77,No,0.0489,Low
15695174,France,Male,29,4,132954.64,1,Yes,Yes,146715.07,No,0.0489,Low
15756918,France,Female,38,2,0,2,No,No,3524.69,No,0.0489,Low
15643359,Spain,Male,32,7,0,1,No,Yes,79082.62,No,0.0489,Low
15702561,France,Male,32,9,0,1,Yes,Yes,87566.97,No,0.0489,Low
15568106,France,Female,38,8,119278.01,2,No,Yes,19370.73,No,0.0488,Low
15659475,France,Female,33,6,135703.59,2,No,No,74850.84,No,0.0488,Low
15640491,France,Female,33,10,147493.7,2,Yes,No,100447.53,No,0.0488,Low
15748414,Spain,Female,33,8,114634.63,2,Yes,No,110114.38,Yes,0.0488,Low
15607884,France,Female,39,8,0,2,Yes,Yes,101168.9,No,0.0488,Low
15643215,Germany,Male,38,2,71667.97,2,No,No,137111.89,No,0.0488,Low
15594864,Germany,Male,30,4,81523.38,1,Yes,Yes,36885.85,No,0.0487,Low
15681342,France,Female,35,1,103015.12,2,Yes,Yes,139094.12,No,0.0487,Low
15706021,France,Female,34,1,96645.54,2,No,No,171413.66,No,0.0486,Low
15697000,Germany,Male,32,5,61825.5,1,Yes,Yes,156124.93,No,0.0486,Low
15696900,Germany,Male,29,3,145541.56,2,Yes,Yes,58019.95,No,0.0486,Low
15646615,Germany,Male,28,1,119336.29,2,No,Yes,58976.85,No,0.0486,Low
15681506,Spain,Male,43,1,0,2,Yes,Yes,197916.43,No,0.0486,Low
15569222,France,Male,32,6,147107.91,1,Yes,Yes,40066.95,No,0.0486,Low
15780432,France,Male,37,3,122689.51,2,No,No,106977.53,Yes,0.0486,Low
15728823,Spain,Female,37,10,0,2,Yes,No,111324.41,No,0.0486,Low
15766183,Germany,Male,76,2,130334.84,2,Yes,Yes,51672.08,No,0.0486,Low
15779207,Germany,Male,30,2,125495.64,2,Yes,Yes,68807.47,No,0.0486,Low
15642636,France,Male,29,9,117035.89,1,Yes,Yes,21862.19,No,0.0486,Low
15770631,Spain,Male,25,5,167385.81,1,Yes,Yes,56307.51,No,0.0486,Low
15713599,France,Male,30,10,114835.43,1,No,Yes,37662.49,No,0.0486,Low
15568876,France,Female,34,1,102723.35,2,Yes,No,180844.81,No,0.0486,Low
15804950,France,Female,41,7,0,2,Yes,Yes,3756.65,No,0.0485,Low
15695585,Spain,Male,34,6,156478.62,1,No,Yes,181196.76,No,0.0484,Low
15657228,Germany,Male,37,9,95829.13,2,No,Yes,104936.88,No,0.0484,Low
15592389,France,Male,27,2,134603.88,1,Yes,Yes,71725.73,No,0.0483,Low
15694296,France,Male,35,9,112392.45,2,Yes,No,24472.23,No,0.0483,Low
15770309,France,Male,18,10,151762.74,1,No,Yes,127014.32,No,0.0483,Low
15585835,Spain,Female,34,4,109783.69,2,Yes,No,134034.32,No,0.0483,Low
15762392,Spain,Male,30,1,113257.2,1,Yes,Yes,65035.02,No,0.0483,Low
15706764,France,Female,35,1,0,2,Yes,No,3701.63,No,0.0483,Low
15797822,France,Male,28,2,109137.12,1,Yes,Yes,58814.41,No,0.0483,Low
15640905,Spain,Female,35,1,129490.36,2,No,Yes,8590.83,Yes,0.0482,Low
15741554,Spain,Male,31,2,113836.27,1,Yes,Yes,174815.54,No,0.0482,Low
15737404,France,Male,31,1,132512.26,1,Yes,Yes,185466.85,No,0.0482,Low
15727868,France,Female,38,2,129022.06,2,Yes,Yes,14374.86,Yes,0.0481,Low
15652192,France,Female,33,9,160541.36,2,No,No,93541.14,No,0.0481,Low
15804787,France,Male,75,5,87140.85,1,Yes,Yes,39351.64,No,0.0481,Low
15671124,France,Male,25,6,120383.41,1,Yes,Yes,24903.09,No,0.048,Low
15665177,France,Male,44,3,0,2,No,Yes,136491.72,No,0.048,Low
15765257,Spain,Male,31,5,121461.87,1,Yes,Yes,20432.09,Yes,0.048,Low
15705735,Spain,Male,43,3,0,2,Yes,Yes,135008.92,No,0.048,Low
15593241,France,Male,43,3,0,2,Yes,Yes,159131.21,No,0.048,Low
15662063,France,Male,36,7,142400.77,1,Yes,Yes,193438.69,No,0.0479,Low
15633059,France,Male,34,9,0,2,No,No,6534.18,No,0.0478,Low
15615322,Spain,Male,43,7,97473.87,2,Yes,Yes,159823.16,No,0.0477,Low
15768137,Spain,Female,23,6,136100.69,2,No,No,169669.33,Yes,0.0477,Low
15799720,Spain,Male,43,8,161546.68,2,No,Yes,178187.28,No,0.0477,Low
15752139,Germany,Male,36,5,72373.62,2,Yes,No,36895.99,No,0.0477,Low
15693382,France,Male,31,9,0,1,No,Yes,164257.37,No,0.0477,Low
15593622,France,Male,43,10,122198.21,2,No,Yes,179144.54,No,0.0477,Low
15649523,France,Male,38,1,0,2,Yes,No,46176.22,No,0.0476,Low
15694160,France,Male,37,0,0,2,No,No,112104.55,No,0.0476,Low
15619340,Spain,Male,38,1,0,2,Yes,No,41303.29,No,0.0476,Low
15655335,France,Male,36,1,0,2,Yes,No,48876.84,No,0.0476,Low
15598782,Germany,Female,30,6,154221.37,2,No,Yes,62688.55,No,0.0475,Low
15814519,France,Female,37,7,0,2,Yes,No,194238.92,No,0.0475,Low
15617419,Germany,Female,29,10,100315.1,2,Yes,Yes,32526.64,No,0.0475,Low
15709861,Germany,Male,30,4,127786.28,2,Yes,Yes,28879.3,No,0.0475,Low
15711062,Germany,Male,40,5,86172.81,2,Yes,Yes,117279.49,No,0.0475,Low
15684267,Germany,Male,39,2,84468.67,2,Yes,Yes,121945.42,No,0.0474,Low
15641629,Spain,Female,38,1,0,2,No,Yes,41233.97,No,0.0474,Low
15761692,France,Male,40,9,122417.17,2,No,Yes,190882.69,No,0.0474,Low
15670562,France,Male,30,3,101140.76,1,Yes,Yes,50906.65,No,0.0474,Low
15674620,Germany,Female,37,8,77373.87,2,No,Yes,174873.09,No,0.0474,Low
15682914,France,Male,34,2,72079.71,1,Yes,Yes,115767.93,No,0.0474,Low
15768282,Germany,Male,36,6,94615.11,2,Yes,Yes,10627.21,No,0.0474,Low
15593959,France,Male,28,1,93577.3,1,Yes,Yes,51670.82,No,0.0474,Low
15629519,France,Female,37,1,0,2,Yes,Yes,48357.9,No,0.0474,Low
15590337,France,Male,29,6,123192.12,1,Yes,Yes,56971.41,Yes,0.0474,Low
15705707,Spain,Female,29,8,138296.94,2,Yes,No,141075.51,No,0.0473,Low
15613844,France,Female,28,7,146445.24,2,Yes,No,184317.74,No,0.0473,Low
15738411,France,Male,34,10,104498.79,1,No,Yes,126451.14,No,0.0473,Low
15636872,France,Female,32,8,144705.87,2,No,No,171482.56,No,0.0473,Low
15623744,France,Male,34,8,105302.66,1,Yes,Yes,123164.97,No,0.0473,Low
15776985,France,Female,36,6,112518.71,2,No,Yes,110421.31,No,0.0473,Low
15683276,Spain,Female,37,10,140363.95,2,Yes,Yes,129563.86,No,0.0473,Low
15659031,France,Female,36,8,126598.99,2,Yes,Yes,134407.93,No,0.0473,Low
15794257,France,Male,34,4,91562.99,1,Yes,Yes,123954.15,No,0.0472,Low
15597957,Spain,Male,66,2,0,2,No,Yes,180082.7,No,0.0472,Low
15579616,France,Female,42,8,0,2,No,Yes,198134.9,No,0.0471,Low
15750929,Spain,Male,39,8,0,2,Yes,No,99654.13,No,0.047,Low
15721292,Spain,Male,39,5,0,2,Yes,No,145759.7,No,0.047,Low
15755825,France,Male,39,10,0,2,Yes,No,102999.33,No,0.047,Low
15679810,France,Male,39,6,0,2,Yes,No,160532.88,No,0.047,Low
15694395,France,Female,29,1,138740.24,2,No,No,154700.61,No,0.0469,Low
15623062,Germany,Male,24,5,85089.3,1,Yes,Yes,71638,No,0.0469,Low
15691647,France,Female,35,2,0,2,Yes,Yes,93825.78,No,0.0469,Low
15814033,Spain,Male,38,1,0,2,Yes,No,20778.39,No,0.0469,Low
15570990,Spain,Female,30,4,145222.99,2,No,No,145160.96,No,0.0469,Low
15809906,Germany,Male,26,1,148853.29,2,Yes,Yes,24411.02,No,0.0469,Low
15665158,Spain,Male,27,1,137275.36,1,No,Yes,115733.16,No,0.0469,Low
15624623,France,Male,35,10,104088.59,2,No,No,119666,No,0.0468,Low
15598883,Spain,Female,37,2,0,2,Yes,Yes,143739.29,No,0.0468,Low
15581479,France,Male,30,1,83181.29,1,Yes,Yes,138176.78,No,0.0468,Low
15590993,Spain,Male,37,5,152212.88,2,No,No,120219.14,No,0.0468,Low
15687310,Spain,Male,39,9,0,2,Yes,No,143752.77,No,0.0468,Low
15685300,France,Male,35,6,128993.76,2,Yes,No,130483.56,No,0.0468,Low
15680001,France,Male,38,7,111835.94,2,Yes,No,124389.61,No,0.0468,Low
15628279,France,Female,38,3,0,2,Yes,Yes,163666.85,No,0.0468,Low
15606273,France,Male,37,5,144235.73,2,No,No,154957.66,Yes,0.0468,Low
15738954,France,Male,35,7,129717.3,2,No,No,86937.2,No,0.0468,Low
15779174,France,Female,36,2,0,2,Yes,Yes,180142.42,No,0.0468,Low
15654300,Germany,Male,33,9,75242.28,1,No,Yes,101694.67,No,0.0468,Low
15601045,Spain,Male,37,8,163708.58,2,No,No,76259.23,No,0.0468,Low
15813503,Spain,Male,37,8,154712.58,2,Yes,No,89099.18,No,0.0468,Low
15812279,France,Male,37,5,115345.86,2,No,No,168781.8,No,0.0468,Low
15753639,France,Male,37,5,146093.39,2,No,No,160593.41,No,0.0468,Low
15580953,France,Male,30,4,73218.89,1,No,Yes,126796.69,No,0.0468,Low
15665064,France,Male,36,8,158351.02,2,Yes,No,155304.53,No,0.0468,Low
15743193,France,Male,37,6,117271.8,2,Yes,No,104217.96,Yes,0.0468,Low
15586914,France,Male,36,6,123841.49,2,Yes,No,96833,No,0.0468,Low
15767794,France,Male,31,9,120718.28,1,Yes,Yes,58961.49,No,0.0467,Low
15671249,France,Female,33,2,0,2,Yes,No,102655.31,No,0.0467,Low
15707968,Spain,Male,36,8,73211.12,2,Yes,No,89587.34,Yes,0.0466,Low
15602811,Germany,Male,38,0,38848.19,2,No,No,94003.11,No,0.0466,Low
15805413,France,Female,31,6,117852.26,2,Yes,No,147668.64,No,0.0466,Low
15627298,France,Male,37,7,85146.48,2,Yes,No,86490.09,Yes,0.0466,Low
15691483,France,Female,25,5,0,2,No,No,190857.79,No,0.0465,Low
15723886,Germany,Male,20,3,119714.25,2,No,Yes,150135.38,No,0.0465,Low
15759298,Spain,Male,27,10,134169.62,1,Yes,Yes,176730.02,No,0.0465,Low
15686137,Spain,Male,32,9,147506.25,1,Yes,Yes,135399.21,No,0.0465,Low
15582180,France,Male,29,9,120268.13,1,Yes,Yes,173870.39,No,0.0465,Low
15585067,Spain,Male,31,9,108632.48,1,Yes,Yes,179485.96,Yes,0.0465,Low
15774931,France,Male,30,7,112935.87,1,Yes,Yes,99017.34,No,0.0465,Low
15672598,Spain,Male,30,9,111927.45,1,Yes,Yes,175795.87,No,0.0465,Low
15599251,Germany,Male,32,7,184715.86,2,Yes,No,113781.99,No,0.0465,Low
15669656,France,Male,32,6,111589.33,1,Yes,Yes,170382.99,No,0.0465,Low
15623478,Germany,Female,32,4,102954.68,2,No,Yes,134942.45,No,0.0465,Low
15772412,Spain,Male,30,6,135370.12,1,Yes,Yes,179689.05,Yes,0.0465,Low
15780770,France,Male,31,7,145056.59,1,Yes,Yes,175893.53,No,0.0465,Low
15579559,Spain,Male,30,8,145241.63,1,Yes,Yes,80676.83,No,0.0465,Low
15702566,Spain,Male,26,8,149134.46,1,Yes,Yes,177966.24,No,0.0465,Low
15813681,Germany,Male,24,2,120135.55,2,Yes,Yes,125449.47,No,0.0465,Low
15673599,Spain,Male,32,5,133476.09,1,No,Yes,154843.4,No,0.0465,Low
15590078,Spain,Male,27,9,139834.93,1,Yes,Yes,152733.89,No,0.0465,Low
15737169,Spain,Male,26,8,144238.7,1,Yes,Yes,184399.76,No,0.0465,Low
15736717,France,Male,31,7,155271.83,1,Yes,Yes,179446.31,No,0.0465,Low
15636478,France,Male,31,7,136658.61,1,Yes,Yes,148689.13,No,0.0465,Low
15718921,Spain,Male,32,7,106957.28,1,Yes,Yes,134794.02,No,0.0465,Low
15741633,Spain,Male,32,10,147511.26,1,Yes,Yes,159891.03,No,0.0465,Low
15634564,Spain,Male,31,8,112713.34,1,Yes,Yes,176868.89,No,0.0465,Low
15803886,Spain,Male,31,6,132876.55,1,Yes,Yes,130862.11,No,0.0465,Low
15597591,France,Male,29,5,107000.49,1,Yes,Yes,153419.62,No,0.0465,Low
15806926,France,Female,35,2,97440.02,2,Yes,Yes,139816.1,No,0.0464,Low
15710450,Spain,Male,22,7,120811.89,1,Yes,Yes,185510.34,No,0.0464,Low
15756071,France,Male,34,1,103133.26,1,Yes,Yes,90059.04,No,0.0464,Low
15573348,France,Male,35,9,102050.47,1,Yes,Yes,3769.71,No,0.0464,Low
15665521,Germany,Male,18,5,111183.53,2,No,Yes,10063.75,No,0.0464,Low
15779711,Spain,Female,38,7,97257.41,2,No,Yes,179883.04,No,0.0463,Low
15746326,France,Male,43,3,0,2,No,Yes,198926.36,No,0.0463,Low
15641359,Spain,Female,35,6,0,2,No,No,2423.9,Yes,0.0463,Low
15790336,Germany,Male,36,6,71142.77,2,Yes,No,122433.09,No,0.0463,Low
15658360,Spain,Male,35,9,122929.42,2,No,No,149822.04,No,0.0462,Low
15574372,France,Male,35,5,161274.05,2,Yes,No,181429.87,No,0.0462,Low
15804235,France,Female,37,2,166178.02,2,Yes,Yes,71972.95,No,0.0462,Low
15717225,France,Female,21,10,161525.96,2,Yes,No,9262.77,No,0.0461,Low
15756056,Spain,Female,28,3,0,2,Yes,No,191387.76,No,0.0461,Low
15797736,France,Male,29,4,80262.6,1,Yes,Yes,20612.82,No,0.046,Low
15603925,Spain,Female,26,4,174318.13,2,No,Yes,38296.21,No,0.046,Low
15631159,Germany,Male,41,4,72252.64,2,Yes,Yes,142514.66,No,0.046,Low
15777599,Germany,Male,34,6,141806,2,Yes,Yes,183494.87,No,0.046,Low
15696552,France,Female,21,4,81025.6,2,Yes,No,167682.57,No,0.046,Low
15573926,Spain,Male,38,7,86131.71,2,No,No,93478.96,No,0.0459,Low
15706217,Germany,Male,28,7,117466.03,2,Yes,Yes,34490.06,No,0.0459,Low
15744127,France,Female,37,2,0,2,Yes,No,3939.87,No,0.0459,Low
15581370,Spain,Male,38,2,99811.44,2,Yes,No,23531.5,No,0.0459,Low
15803790,Germany,Male,37,2,89728.86,2,Yes,Yes,37294.88,No,0.0458,Low
15731760,France,Male,25,5,0,1,No,Yes,90860.97,No,0.0458,Low
15809558,Spain,Male,31,7,0,1,Yes,Yes,149970.59,No,0.0458,Low
15743076,Spain,Male,29,9,0,1,Yes,Yes,93901.61,No,0.0458,Low
15587676,France,Male,30,9,0,1,Yes,Yes,108162.13,No,0.0458,Low
15806918,France,Male,28,5,0,1,Yes,Yes,151925.25,No,0.0458,Low
15570859,Germany,Male,36,2,181671.16,2,Yes,Yes,57531.14,No,0.0457,Low
15600379,Spain,Male,34,7,86656.13,1,No,Yes,59890.29,No,0.0457,Low
15754012,France,Female,35,1,110752.15,2,Yes,Yes,47921.22,No,0.0457,Low
15794870,Germany,Male,38,6,73023.17,2,Yes,No,78770.86,No,0.0456,Low
15727696,France,Male,42,1,147249.29,2,Yes,Yes,63023.02,No,0.0456,Low
15807167,France,Male,42,1,146766.72,2,No,Yes,164357.1,No,0.0456,Low
15651020,France,Female,25,6,110666.42,2,No,No,46758.42,No,0.0456,Low
15603221,Germany,Male,32,4,84421.62,1,No,Yes,52314.71,No,0.0456,Low
15781702,Germany,Male,38,9,111347.37,2,No,Yes,194872.97,No,0.0455,Low
15665062,France,Male,19,1,110928.51,1,Yes,Yes,2766.63,No,0.0455,Low
15693376,Spain,Male,43,0,0,2,Yes,Yes,2920.63,Yes,0.0455,Low
15595136,France,Female,37,1,0,2,Yes,Yes,68987.55,No,0.0455,Low
15794204,France,Male,28,7,108116.66,1,Yes,Yes,27411.19,No,0.0455,Low
15599535,Spain,Male,28,5,138668.18,1,Yes,Yes,54144.01,No,0.0455,Low
15743051,France,Male,30,10,144684.03,1,Yes,Yes,31805.49,No,0.0455,Low
15739068,Germany,Male,25,4,148045.45,2,Yes,Yes,114722.42,No,0.0454,Low
15721585,Germany,Male,29,3,113146.98,2,No,Yes,124749.08,No,0.0454,Low
15579914,Germany,Male,30,2,109786.82,2,Yes,Yes,139712.81,No,0.0454,Low
15638028,Germany,Male,31,4,127237.25,2,No,Yes,143317.42,No,0.0454,Low
15683027,Germany,Male,29,4,122028.65,2,Yes,Yes,173792.77,No,0.0454,Low
15745527,France,Male,37,5,93147,2,Yes,No,66214.13,No,0.0453,Low
15605965,France,Male,43,9,0,2,Yes,Yes,34338.04,No,0.0453,Low
15618926,Spain,Male,43,7,0,2,Yes,Yes,36202.74,No,0.0453,Low
15673529,Spain,Male,36,4,59893.85,2,Yes,No,43999.64,No,0.0453,Low
15801699,Spain,Male,43,5,0,2,Yes,Yes,35687.43,No,0.0453,Low
15640917,France,Male,43,5,0,2,Yes,Yes,48249.88,No,0.0453,Low
15813095,France,Male,37,2,0,2,Yes,No,33877.29,No,0.0453,Low
15660403,Spain,Female,35,0,0,2,No,Yes,184514.01,No,0.0453,Low
15684296,France,Male,34,5,141173.03,1,No,Yes,98896.06,No,0.0453,Low
15661532,France,Female,31,1,160566.11,2,No,No,27073.81,No,0.0452,Low
15647402,France,Female,38,3,0,2,Yes,Yes,48924.73,No,0.0451,Low
15665963,Spain,Male,30,2,128393.29,1,Yes,Yes,180593.45,No,0.0451,Low
15624975,Spain,Male,28,1,145118.83,1,No,Yes,77742.38,No,0.0451,Low
15694530,France,Male,28,4,167268.98,1,Yes,Yes,169469.3,No,0.0451,Low
15809509,France,Male,29,3,125689.29,1,Yes,Yes,151623.71,No,0.0451,Low
15637947,Spain,Male,32,1,134446.04,1,No,Yes,111241.37,No,0.0451,Low
15785488,Spain,Female,39,9,0,2,Yes,Yes,110043.88,No,0.045,Low
15768449,France,Female,37,7,51582.5,2,Yes,Yes,184312.88,No,0.045,Low
15613962,France,Female,38,9,0,2,No,Yes,183042.2,No,0.045,Low
15627439,Spain,Female,36,10,0,2,No,Yes,186180.42,No,0.045,Low
15712264,France,Female,39,10,0,2,Yes,Yes,126263.97,No,0.045,Low
15804009,Germany,Male,36,8,167983.17,2,Yes,Yes,106714.28,No,0.045,Low
15664035,Spain,Female,38,9,0,2,Yes,Yes,148750.16,No,0.045,Low
15778959,France,Female,36,10,0,2,No,Yes,155641.46,No,0.045,Low
15669175,Germany,Male,24,6,107637.97,2,No,Yes,169505.83,No,0.0449,Low
15594812,Spain,Female,37,2,137794.18,2,No,Yes,75232.02,No,0.0449,Low
15794236,Germany,Male,22,10,111812.52,2,Yes,Yes,183045.46,No,0.0449,Low
15765297,Spain,Male,41,0,0,2,No,Yes,34283.23,No,0.0448,Low
15627262,Germany,Male,23,6,92366.72,2,Yes,No,120661.71,No,0.0448,Low
15574167,France,Male,33,2,101286.11,1,Yes,Yes,159840.51,No,0.0448,Low
15794849,Germany,Male,22,7,91560.58,2,No,No,10541.38,No,0.0448,Low
15662908,Germany,Male,38,7,125903.22,2,Yes,Yes,127068.92,No,0.0448,Low
15666012,France,Male,40,4,102833.46,2,Yes,Yes,38829.11,No,0.0448,Low
15766896,France,Male,37,3,0,2,Yes,No,16870.2,No,0.0447,Low
15773973,France,Male,41,2,0,2,No,Yes,191215.61,No,0.0447,Low
15589221,Germany,Male,30,1,139762.13,2,Yes,Yes,23317.88,No,0.0446,Low
15631739,Spain,Male,24,10,122109.78,1,Yes,Yes,127654.37,No,0.0446,Low
15765093,France,Male,23,6,166594.78,1,Yes,Yes,155823.2,No,0.0446,Low
15726695,Spain,Female,20,9,122446.61,2,Yes,No,86791.9,No,0.0446,Low
15725811,France,Male,25,0,97544.29,1,No,Yes,59887.15,No,0.0445,Low
15622454,Spain,Male,28,0,96020.86,1,Yes,Yes,57992.49,No,0.0445,Low
15798824,Spain,Male,38,0,92674.94,2,Yes,No,3647.57,No,0.0445,Low
15677146,France,Female,28,4,142243.54,2,Yes,No,33074.51,No,0.0445,Low
15679429,France,Male,32,0,91956.49,1,Yes,Yes,59961.81,No,0.0445,Low
15715184,Spain,Female,31,4,144637.86,2,Yes,No,40496.72,No,0.0445,Low
15803352,Germany,Male,33,3,155736.42,2,Yes,Yes,57751.21,No,0.0445,Low
15725772,Spain,Female,36,2,0,2,Yes,Yes,146652.11,No,0.0445,Low
15702601,Germany,Male,30,4,108300.27,2,No,Yes,44384.57,Yes,0.0445,Low
15791342,Spain,Male,31,1,84560.04,1,Yes,Yes,137784.25,No,0.0445,Low
15806447,Germany,Male,32,0,106683.52,2,Yes,Yes,137916.49,No,0.0444,Low
15634628,France,Female,33,1,65667.79,2,No,No,164608.98,No,0.0444,Low
15700696,Spain,Male,31,9,79019.8,1,Yes,Yes,18606.23,No,0.0443,Low
15748856,France,Male,32,10,107209.73,1,Yes,Yes,112340.2,No,0.0442,Low
15759456,Spain,Male,34,7,140694.78,2,Yes,No,46266.63,No,0.0442,Low
15788118,France,Male,33,7,138705.02,2,Yes,No,37136.15,No,0.0442,Low
15572801,Spain,Male,34,5,139393.19,2,No,No,33950.08,No,0.0442,Low
15781574,Spain,Male,76,9,126534.6,1,Yes,Yes,39789.62,No,0.0442,Low
15642448,Spain,Male,28,8,120047.77,1,Yes,Yes,137173.39,No,0.0442,Low
15709780,France,Female,37,9,71786.9,2,Yes,Yes,67734.79,No,0.0442,Low
15735549,Germany,Male,35,3,96814.46,2,Yes,Yes,120511.03,No,0.0441,Low
15786717,France,Male,36,1,0,2,No,No,8555.73,No,0.0441,Low
15627385,France,Male,34,5,84009.47,1,Yes,Yes,137001.1,No,0.0441,Low
15812918,France,Female,27,6,62339.81,2,No,No,53874.67,No,0.0441,Low
15752193,Spain,Male,34,6,90723.36,1,Yes,Yes,12162.76,No,0.0441,Low
15640260,Germany,Male,32,8,131081.66,2,Yes,Yes,69428.79,No,0.044,Low
15678173,Spain,Male,35,4,174588.8,2,No,Yes,158420.14,No,0.044,Low
15704081,Germany,Male,30,9,130682.11,2,Yes,Yes,57862.88,No,0.044,Low
15706464,Spain,Male,35,4,97585.32,2,No,No,57213.46,No,0.044,Low
15645621,Spain,Male,44,3,0,2,No,Yes,78439.73,No,0.0439,Low
15801821,France,Male,38,1,0,2,No,No,44653.5,No,0.0439,Low
15734626,Spain,Female,36,1,0,2,Yes,Yes,19302.78,No,0.0439,Low
15712877,Spain,Male,36,1,0,2,Yes,No,52462.25,No,0.0439,Low
15611409,Spain,Male,35,0,0,2,No,No,139911.58,No,0.0439,Low
15667633,France,Female,38,1,0,2,Yes,Yes,9209.21,No,0.0439,Low
15774277,France,Male,43,2,0,2,Yes,Yes,132908.07,No,0.0439,Low
15799653,Germany,Female,32,7,94753.55,2,Yes,Yes,18149.03,No,0.0439,Low
15615931,France,Female,37,4,0,2,No,Yes,171039.56,No,0.0439,Low
15643496,France,Female,34,5,74197.38,2,Yes,No,96875.52,No,0.0438,Low
15596212,Spain,Male,35,1,0,2,No,No,42117.9,No,0.0438,Low
15794297,France,Male,36,1,0,2,Yes,No,53477.76,No,0.0438,Low
15732778,Germany,Male,29,1,111681.98,2,Yes,Yes,195711.16,No,0.0437,Low
15671097,France,Female,31,2,0,2,Yes,No,54487.43,No,0.0437,Low
15776824,France,Male,28,6,122724.37,1,Yes,Yes,67057.27,No,0.0437,Low
15583736,Germany,Male,36,4,81795.74,2,Yes,No,90106.94,No,0.0437,Low
15609187,France,Female,27,5,155879.09,2,No,No,70774.97,No,0.0437,Low
15735388,France,Female,25,7,108664.85,2,Yes,No,190011.85,No,0.0436,Low
15712409,Germany,Male,66,6,182532.23,2,Yes,Yes,195429.92,No,0.0436,Low
15626322,Spain,Female,29,9,127570.93,2,Yes,No,164756.81,No,0.0436,Low
15791925,France,Male,29,10,147737.63,1,No,Yes,94951.27,No,0.0436,Low
15635256,France,Male,31,7,117687.35,1,Yes,Yes,159344.43,No,0.0436,Low
15581539,Spain,Male,37,3,0,2,No,No,57175.32,No,0.0435,Low
15794549,France,Female,35,2,163943.89,2,Yes,Yes,15068.18,No,0.0435,Low
15716284,France,Male,43,9,0,2,Yes,Yes,78858.07,No,0.0435,Low
15698619,France,Male,43,9,0,2,Yes,Yes,76357.43,No,0.0435,Low
15689425,Spain,Male,35,8,100988.39,2,Yes,No,22247.27,No,0.0435,Low
15734312,Spain,Male,43,6,0,2,Yes,Yes,149457.81,No,0.0435,Low
15758013,France,Male,37,5,98400.61,2,No,No,25017.28,No,0.0435,Low
15672299,France,Male,44,6,0,2,Yes,Yes,175518.31,No,0.0435,Low
15672053,Spain,Male,38,2,0,2,No,No,58010.98,No,0.0435,Low
15758039,France,Male,44,6,0,2,No,Yes,104930.46,No,0.0435,Low
15776743,France,Male,43,9,0,2,Yes,Yes,78488.39,No,0.0435,Low
15647259,Spain,Male,35,2,0,2,No,No,67979.35,No,0.0435,Low
15791501,France,Male,43,8,0,2,Yes,Yes,143628.31,No,0.0435,Low
15674000,France,Male,44,10,0,2,No,Yes,166707.22,No,0.0435,Low
15732199,Spain,Male,31,9,104678.62,1,No,Yes,50972.6,No,0.0434,Low
15582259,France,Female,37,7,0,2,Yes,Yes,28690.9,No,0.0434,Low
15738219,France,Female,36,7,0,2,Yes,Yes,52526.65,No,0.0434,Low
15631305,Spain,Female,28,4,126833.79,2,Yes,No,60843.09,Yes,0.0434,Low
15693088,France,Female,37,9,0,2,Yes,Yes,34689.77,No,0.0434,Low
15622289,Spain,Female,36,9,0,2,No,Yes,35521.63,No,0.0434,Low
15625445,France,Female,36,8,68348.18,2,No,Yes,50400.32,No,0.0434,Low
15727421,France,Female,38,6,0,2,Yes,Yes,37935.83,No,0.0434,Low
15595350,France,Female,31,3,136067.82,2,Yes,No,65567.91,No,0.0434,Low
15678427,Germany,Female,27,2,96129.32,2,Yes,Yes,5983.7,No,0.0433,Low
15787071,Spain,Male,41,9,0,2,No,Yes,191599.67,No,0.0432,Low
15701376,Germany,Male,37,10,152958.29,2,Yes,Yes,159585.61,No,0.0432,Low
15762198,France,Male,34,5,103818.43,1,Yes,Yes,166038.27,No,0.0432,Low
15756471,Germany,Male,27,4,118627.16,2,Yes,Yes,160835.3,No,0.0432,Low
15765902,Germany,Male,38,5,163034.82,2,Yes,Yes,135662.17,No,0.0432,Low
15677435,France,Female,29,0,98263.46,2,Yes,No,164717.95,No,0.0432,Low
15708505,Germany,Female,37,7,62974.64,2,No,Yes,39016.43,No,0.0432,Low
15773277,France,Male,35,5,106836.67,2,Yes,No,84199.78,No,0.0432,Low
15631721,Germany,Male,38,9,163965.69,2,No,Yes,103511.26,No,0.0432,Low
15794187,France,Male,36,6,114007.5,2,Yes,No,118120.88,No,0.0432,Low
15627848,France,Male,38,7,109346.13,2,Yes,No,102665.92,No,0.0432,Low
15700394,Spain,Female,26,4,122857.46,2,Yes,No,144682.17,Yes,0.0432,Low
15575883,France,Male,34,2,137390.11,2,Yes,No,9677,No,0.0431,Low
15779059,France,Female,38,4,119624.54,2,Yes,Yes,110472.12,No,0.0431,Low
15590320,France,Male,66,4,0,2,No,Yes,64350.8,No,0.0431,Low
15754747,Germany,Male,33,9,141918.09,2,No,Yes,184036.47,No,0.0431,Low
15729599,Spain,Male,33,7,76548.6,1,No,Yes,98453.45,No,0.043,Low
15565806,France,Male,38,9,0,2,No,No,30583.95,No,0.043,Low
15732672,Spain,Male,35,6,79388.33,1,Yes,Yes,193360.69,No,0.043,Low
15607509,France,Male,38,5,0,2,Yes,No,47388.41,No,0.043,Low
15677739,France,Male,36,6,0,2,Yes,No,32845.32,No,0.043,Low
15672481,France,Male,37,6,0,2,Yes,No,45309.24,No,0.043,Low
15634591,France,Male,33,8,73059.38,1,Yes,Yes,186281,No,0.043,Low
15782231,France,Male,38,6,0,2,Yes,No,51454.06,No,0.043,Low
15790314,France,Male,41,0,0,2,No,Yes,130567.02,No,0.0429,Low
15676521,France,Female,31,8,0,2,No,No,191074.11,No,0.0429,Low
15753831,Spain,Male,32,7,100433.8,1,Yes,Yes,39768.59,No,0.0429,Low
15605968,France,Male,26,8,97460.1,1,Yes,Yes,43093.67,No,0.0429,Low
15583499,France,Male,32,9,103324.78,1,Yes,Yes,46127.7,No,0.0429,Low
15604588,Spain,Female,38,3,0,2,No,Yes,179360.76,No,0.0428,Low
15670943,Germany,Male,31,9,182275.23,2,Yes,No,190631.23,No,0.0428,Low
15583480,France,Female,36,4,0,2,No,Yes,147007.33,No,0.0428,Low
15775082,France,Male,42,1,129776.72,2,No,Yes,143538.51,No,0.0427,Low
15621432,Spain,Male,35,1,0,2,No,No,186826.22,No,0.0427,Low
15758056,France,Male,35,1,0,2,No,No,111687.57,No,0.0427,Low
15738220,Spain,Male,38,1,0,2,Yes,No,51553.43,No,0.0427,Low
15768219,Spain,Male,36,0,0,2,Yes,No,141242.57,No,0.0427,Low
15704771,France,Female,35,6,133489.12,2,Yes,Yes,78101.29,No,0.0427,Low
15791030,France,Female,33,0,64900.32,2,Yes,No,102426.12,No,0.0427,Low
15687527,Spain,Male,35,1,0,2,Yes,No,165370.66,No,0.0427,Low
15676156,France,Female,32,4,85615.66,2,Yes,No,156192.43,No,0.0427,Low
15753895,Spain,Male,37,1,0,2,No,No,133535.99,No,0.0427,Low
15600106,France,Male,36,1,0,2,No,No,133141.34,No,0.0427,Low
15696231,France,Male,29,7,105405.97,1,Yes,Yes,149853.89,No,0.0426,Low
15813444,Spain,Female,34,6,0,2,Yes,No,171021.44,No,0.0426,Low
15659820,France,Female,34,5,0,2,Yes,No,185561.89,No,0.0426,Low
15618661,France,Male,30,6,103804.97,1,Yes,Yes,125710.53,No,0.0426,Low
15696277,France,Female,34,9,0,2,Yes,No,138113.71,No,0.0426,Low
15610379,France,Male,30,9,105443.68,1,Yes,Yes,121124.53,No,0.0426,Low
15626044,Germany,Male,28,3,125155.83,2,Yes,Yes,106024.02,No,0.0426,Low
15750755,Spain,Female,33,8,0,2,No,No,156792.89,No,0.0426,Low
15605455,France,Male,40,9,0,2,Yes,No,194767.3,No,0.0426,Low
15729065,Germany,Male,28,2,109960.06,2,Yes,Yes,170829.87,No,0.0426,Low
15815097,France,Female,34,9,0,2,Yes,No,167916.35,No,0.0426,Low
15797748,France,Male,44,5,0,2,No,Yes,9200.54,No,0.0425,Low
15779744,Spain,Male,30,1,103138.17,1,Yes,Yes,96555.42,No,0.0425,Low
15683157,France,Male,26,4,100446.57,1,No,Yes,149653.81,No,0.0425,Low
15784700,France,Male,31,7,117799.28,1,Yes,Yes,182372.35,No,0.0425,Low
15813862,Spain,Male,66,7,132044.6,2,Yes,Yes,158365.89,No,0.0425,Low
15717629,Germany,Male,42,6,59972.26,2,No,Yes,148172.94,No,0.0425,Low
15638272,Spain,Male,32,4,99883.16,1,Yes,Yes,120594.85,No,0.0425,Low
15753229,France,Male,29,9,127414.55,1,Yes,Yes,134459.12,No,0.0425,Low
15591969,Spain,Male,27,9,75263.16,1,Yes,Yes,164825.04,No,0.0424,Low
15693233,Germany,Male,38,6,99812.88,2,Yes,Yes,158357.97,No,0.0424,Low
15578738,France,Male,32,7,71872.19,1,Yes,Yes,151924.9,No,0.0424,Low
15814998,Spain,Male,42,5,0,2,No,No,197602.29,No,0.0424,Low
15609545,France,Male,29,5,83442.98,1,No,Yes,177017.39,No,0.0424,Low
15646632,France,Male,38,9,0,2,Yes,No,14379.01,No,0.0424,Low
15789865,France,Male,28,9,71902.52,1,No,Yes,190208.23,No,0.0424,Low
15725002,France,Male,37,7,0,2,Yes,No,20306.79,No,0.0424,Low
15790689,Spain,Male,32,9,80958.36,1,Yes,Yes,128590.73,No,0.0424,Low
15571281,France,Male,28,10,79562.98,1,Yes,Yes,74687.37,No,0.0424,Low
15740043,France,Male,32,5,83161.65,1,Yes,Yes,116885.59,No,0.0424,Low
15678572,Spain,Male,38,7,99842.5,2,Yes,No,90256.06,Yes,0.0423,Low
15697948,Spain,Female,36,3,0,2,Yes,Yes,48505.1,No,0.0423,Low
15773017,Spain,Female,37,6,0,2,Yes,Yes,149705.25,No,0.0422,Low
15567802,Spain,Female,34,2,0,2,Yes,No,175480.93,No,0.0422,Low
15797113,Spain,Female,34,4,0,2,Yes,No,140286.69,No,0.0422,Low
15664737,Spain,Female,38,7,0,2,Yes,Yes,138542.87,No,0.0422,Low
15733661,Spain,Female,27,8,133806.54,2,Yes,No,6251.3,No,0.0422,Low
15702464,France,Female,34,4,0,2,No,No,139463.57,No,0.0422,Low
15789936,France,Female,33,2,0,2,Yes,No,153295,No,0.0422,Low
15773876,France,Female,34,3,0,2,Yes,No,159638.77,No,0.0422,Low
15756655,France,Female,34,2,0,2,No,No,165385.55,No,0.0422,Low
15777708,Spain,Female,38,3,0,2,Yes,No,192800.25,No,0.0422,Low
15600258,France,Male,43,2,0,2,Yes,Yes,165303.79,No,0.0421,Low
15657085,France,Male,23,10,88980.32,1,Yes,Yes,125222.36,No,0.0421,Low
15733476,Germany,Male,30,6,73481.05,1,Yes,Yes,176692.65,No,0.0421,Low
15627854,Spain,Male,44,3,0,2,Yes,Yes,135077.01,No,0.0421,Low
15599386,Germany,Male,28,5,71097.23,1,Yes,Yes,130504.49,No,0.0421,Low
15713890,France,Male,44,3,0,2,No,Yes,152884.85,No,0.0421,Low
15786308,Spain,Female,33,9,0,2,No,No,176576.62,No,0.042,Low
15655859,Spain,Male,35,5,120046.74,2,Yes,No,84710.65,No,0.042,Low
15747043,Spain,Male,36,4,0,2,No,No,13210.56,No,0.0419,Low
15572626,Spain,Male,44,8,0,2,Yes,Yes,15627.51,No,0.0419,Low
15663625,France,Male,37,4,0,2,No,No,12470.3,No,0.0419,Low
15636353,Spain,Male,35,4,0,2,No,No,9541.15,No,0.0419,Low
15686219,France,Male,38,4,71018.6,2,Yes,No,2444.29,No,0.0419,Low
15669922,Spain,Female,36,2,0,2,Yes,Yes,14721.8,No,0.0418,Low
15592645,Spain,Male,37,4,0,2,No,No,25684.93,No,0.0418,Low
15570932,France,Male,43,7,137780.74,2,Yes,Yes,119100.05,Yes,0.0418,Low
15758775,Spain,Male,34,10,97208.46,1,Yes,Yes,59553.34,No,0.0418,Low
15569364,France,Male,36,3,0,2,Yes,No,35156.54,No,0.0418,Low
15812832,Germany,Male,33,8,92659.2,2,Yes,No,1354.25,No,0.0418,Low
15653455,France,Female,38,2,0,2,No,Yes,9551.49,No,0.0418,Low
15647191,France,Male,36,4,0,2,Yes,No,7824.31,No,0.0418,Low
15622003,France,Male,35,9,92566.53,2,Yes,No,161519.77,No,0.0417,Low
15749004,France,Female,31,0,118100.59,2,Yes,No,103165.15,No,0.0417,Low
15783955,France,Female,25,4,165686.11,2,Yes,No,15467.98,No,0.0417,Low
15757916,France,Female,38,9,0,2,Yes,Yes,58855.85,No,0.0417,Low
15639322,Spain,Male,33,4,137847.41,2,Yes,No,98349.13,No,0.0417,Low
15620398,Spain,Female,34,5,98683.47,2,Yes,No,15733.19,No,0.0417,Low
15691624,France,Male,33,2,132150.26,2,Yes,No,23067.97,No,0.0417,Low
15695148,Spain,Female,37,9,0,2,Yes,Yes,62023.1,No,0.0417,Low
15636551,France,Female,29,3,130181.47,2,Yes,No,31811.44,No,0.0417,Low
15595282,France,Female,33,4,0,2,Yes,No,149474.69,No,0.0416,Low
15796218,Germany,Male,29,1,131968.57,2,Yes,Yes,147693.92,No,0.0415,Low
15720083,Spain,Male,42,1,0,2,No,Yes,183492.9,No,0.0415,Low
15617790,France,Female,29,4,105767.28,2,No,No,41104.82,No,0.0414,Low
15804295,France,Male,41,2,100254.76,2,Yes,Yes,12706.67,No,0.0414,Low
15776605,Spain,Male,36,7,0,2,Yes,No,60536.56,No,0.0413,Low
15633283,France,Male,35,8,0,2,Yes,No,64833.28,No,0.0413,Low
15670615,Spain,Male,37,7,0,2,Yes,No,68789.93,No,0.0413,Low
15719858,Spain,Female,38,9,0,2,Yes,Yes,35701.06,No,0.0413,Low
15661349,France,Male,35,10,0,2,Yes,No,65675.47,No,0.0413,Low
15715643,France,Male,44,8,0,2,Yes,Yes,175314.87,No,0.0413,Low
15565996,France,Male,44,8,0,2,Yes,Yes,154639.72,No,0.0413,Low
15810845,France,Male,42,2,0,2,Yes,Yes,55470.78,No,0.0412,Low
15777639,Spain,Female,23,10,101126.66,2,No,No,37042.8,No,0.0412,Low
15579892,Spain,Male,19,7,112615.86,1,Yes,Yes,4491.77,No,0.0412,Low
15807546,France,Female,38,2,0,2,Yes,Yes,46395.21,No,0.0412,Low
15632264,France,Female,34,10,0,2,Yes,No,26260.98,No,0.0411,Low
15585036,Spain,Female,37,3,0,2,Yes,Yes,147012.22,No,0.0411,Low
15720893,Spain,Female,34,9,0,2,No,No,26057.08,No,0.0411,Low
15739189,Spain,Female,33,6,0,2,Yes,No,45261.47,No,0.0411,Low
15692002,France,Male,33,6,93791.38,1,Yes,Yes,199249.29,No,0.0411,Low
15610140,France,Female,34,5,0,2,Yes,No,27022.57,No,0.0411,Low
15751333,France,Female,36,2,0,2,No,Yes,167749.54,No,0.0411,Low
15750874,France,Male,31,3,78990.15,1,Yes,Yes,124777.14,No,0.0411,Low
15634815,France,Female,37,3,0,2,Yes,Yes,164268.28,No,0.0411,Low
15675431,France,Female,34,6,0,2,No,No,36536.93,No,0.0411,Low
15668289,Spain,Male,32,2,76087.98,1,No,Yes,151822.66,No,0.0411,Low
15648069,France,Female,36,6,0,2,Yes,Yes,190194.95,No,0.0411,Low
15682686,France,Female,38,3,0,2,No,Yes,167984.72,No,0.0411,Low
15740411,Germany,Male,30,8,141787.31,2,Yes,Yes,109685.61,No,0.0411,Low
15650437,Germany,Male,32,8,124450.36,2,Yes,Yes,165786.1,No,0.0411,Low
15775703,France,Male,26,2,71281.29,1,Yes,Yes,108747.12,Yes,0.0411,Low
15775826,France,Male,30,1,78133.15,1,No,Yes,174225.88,No,0.0411,Low
15729689,Germany,Male,35,6,98585.94,2,No,Yes,106116.84,No,0.041,Low
15753213,France,Female,34,7,0,2,Yes,No,193021.49,No,0.041,Low
15665402,Spain,Male,73,5,137761.55,1,Yes,Yes,159677.46,No,0.041,Low
15797919,Spain,Male,37,2,103195.2,2,Yes,No,178268.36,No,0.041,Low
15714689,Spain,Male,29,1,97541.24,1,Yes,Yes,196356.17,No,0.0409,Low
15772632,France,Female,34,1,0,2,Yes,No,167035.07,No,0.0409,Low
15577598,Spain,Male,23,4,115636.05,2,Yes,No,70400.86,No,0.0409,Low
15662403,France,Female,32,6,169089.38,2,Yes,No,101057.95,No,0.0408,Low
15754713,Spain,Male,31,10,135213.71,1,Yes,Yes,125777.28,No,0.0408,Low
15683195,France,Male,32,9,146605.27,1,Yes,Yes,77119.45,No,0.0408,Low
15802351,Germany,Female,33,6,90560.3,2,Yes,Yes,42607.69,No,0.0408,Low
15714256,France,Male,30,7,109805.3,1,No,Yes,163625.56,No,0.0408,Low
15789714,Spain,Male,21,3,103000.94,1,Yes,Yes,104648.58,No,0.0408,Low
15724099,France,Male,26,6,166257.96,1,Yes,Yes,149369.41,No,0.0408,Low
15761654,Spain,Male,30,8,134152.29,1,Yes,Yes,147822.44,No,0.0408,Low
15707441,Spain,Male,26,8,116318.23,1,Yes,Yes,83253.05,No,0.0408,Low
15598586,France,Male,31,10,113292.17,1,Yes,Yes,122639.73,No,0.0408,Low
15623966,France,Female,35,2,0,2,No,Yes,26389.92,No,0.0408,Low
15610226,France,Female,27,9,106414.57,2,No,No,77500.81,No,0.0408,Low
15733111,Spain,Male,32,6,124179.3,1,Yes,Yes,138759.15,No,0.0408,Low
15807194,Spain,Male,34,5,113922.44,2,Yes,No,30772.22,No,0.0408,Low
15685476,France,Male,31,5,100082.14,1,No,Yes,49809.88,No,0.0408,Low
15769402,France,Male,27,7,156811.74,1,Yes,Yes,149402.59,No,0.0408,Low
15589257,France,Female,35,3,103465.02,2,Yes,Yes,174627.06,No,0.0407,Low
15569503,France,Male,44,6,0,2,Yes,Yes,159899.97,No,0.0407,Low
15571689,France,Female,37,5,0,2,Yes,Yes,27528.4,No,0.0407,Low
15787035,France,Female,35,8,0,2,Yes,Yes,152843.53,No,0.0407,Low
15697391,Spain,Female,34,3,0,2,Yes,No,38587.7,No,0.0407,Low
15611329,Spain,Female,35,6,0,2,Yes,Yes,143463.28,No,0.0407,Low
15718531,France,Female,35,8,0,2,Yes,Yes,176779.46,No,0.0407,Low
15597885,France,Male,43,6,0,2,Yes,Yes,57675.88,No,0.0407,Low
15728480,France,Female,35,8,0,2,Yes,Yes,149614.81,No,0.0407,Low
15767594,France,Female,35,8,0,2,Yes,Yes,187900.12,No,0.0407,Low
15812009,Spain,Male,38,4,0,2,Yes,No,136259.65,No,0.0406,Low
15674398,France,Male,38,3,0,2,No,No,171463.83,No,0.0406,Low
15601848,France,Male,35,2,0,2,Yes,No,103480.69,No,0.0406,Low
15603830,Spain,Male,36,4,0,2,Yes,No,143635.36,No,0.0406,Low
15805449,France,Male,38,4,0,2,No,No,186884.04,No,0.0406,Low
15773906,France,Male,38,4,0,2,No,No,110527.71,No,0.0406,Low
15590228,France,Male,21,6,76467.16,1,Yes,Yes,173511.72,No,0.0406,Low
15724955,France,Male,38,3,0,2,No,No,141023.01,No,0.0406,Low
15742504,France,Male,36,2,70181.48,2,Yes,No,80608.12,No,0.0406,Low
15585839,France,Male,37,2,0,2,Yes,No,182258.17,No,0.0406,Low
15671351,Spain,Male,35,2,0,2,Yes,No,87310.59,No,0.0406,Low
15778089,Spain,Male,37,2,0,2,No,No,135067.02,No,0.0406,Low
15623346,France,Male,36,4,0,2,Yes,No,31422.69,No,0.0406,Low
15753591,France,Male,38,2,0,2,Yes,No,136859.55,No,0.0406,Low
15660144,France,Male,38,4,0,2,No,No,88080.43,No,0.0406,Low
15720123,Spain,Male,37,3,0,2,Yes,No,166177.3,No,0.0406,Low
15754599,France,Male,42,4,123311.39,2,Yes,Yes,82868.34,No,0.0406,Low
15670039,Spain,Female,25,3,108738.71,2,Yes,No,106920.57,No,0.0405,Low
15675316,France,Female,38,3,0,2,No,Yes,116467.35,No,0.0405,Low
15721719,France,Male,42,7,77002.2,2,Yes,Yes,80428.42,No,0.0405,Low
15763665,France,Female,28,4,136674.51,2,No,No,5278.78,No,0.0405,Low
15701962,Spain,Female,29,2,166930.76,2,Yes,No,122487.73,No,0.0405,Low
15585280,France,Female,36,2,0,2,No,Yes,75035.48,No,0.0405,Low
15645029,Spain,Female,33,5,0,2,Yes,No,8673.43,No,0.0405,Low
15599440,France,Female,34,8,0,2,Yes,No,53584.03,No,0.0405,Low
15619116,France,Female,36,2,0,2,No,Yes,99770.3,No,0.0405,Low
15644103,Spain,Male,78,2,151675.65,1,No,Yes,49978.67,No,0.0405,Low
15619616,France,Female,33,9,102017.25,2,No,No,128600.49,No,0.0403,Low
15810167,Spain,Male,75,7,126273.95,1,No,Yes,91673.6,No,0.0403,Low
15600991,Germany,Male,31,6,109052.59,2,Yes,Yes,19448.93,Yes,0.0402,Low
15631240,France,Female,36,8,0,2,Yes,Yes,12096.61,Yes,0.0402,Low
15706463,France,Female,36,9,0,2,Yes,Yes,7156.09,No,0.0402,Low
15764073,Spain,Female,36,9,0,2,Yes,Yes,16274.67,No,0.0402,Low
15620832,France,Female,35,0,0,2,No,Yes,61290.99,No,0.0402,Low
15606554,France,Male,29,1,0,1,No,Yes,149991.32,No,0.0402,Low
15687719,Spain,Female,37,5,0,2,No,Yes,6761.84,No,0.0402,Low
15634632,France,Male,38,3,0,2,Yes,No,68487.51,No,0.0401,Low
15767414,France,Male,40,2,99886.42,2,Yes,Yes,88695.19,No,0.0401,Low
15708693,France,Female,33,2,0,2,Yes,No,56583.88,No,0.0401,Low
15598510,Germany,Male,27,4,105907.42,2,Yes,Yes,195732.04,No,0.0401,Low
15618363,Germany,Male,29,9,82916.48,1,Yes,Yes,84133.48,No,0.0401,Low
15699340,France,Male,37,4,0,2,Yes,No,61240.87,No,0.0401,Low
15705379,France,Male,38,3,0,2,Yes,No,66561.6,No,0.0401,Low
15706186,Germany,Male,33,8,81677.22,2,No,No,34925.56,No,0.04,Low
15670914,France,Male,38,2,0,2,Yes,No,180698.32,No,0.04,Low
15700383,France,Female,35,7,115651.6,2,Yes,Yes,104706.29,No,0.04,Low
15594502,France,Male,37,6,109093.41,2,Yes,No,1775.52,No,0.04,Low
15668943,France,Male,37,2,0,2,Yes,No,143194.05,No,0.04,Low
15657778,France,Male,33,1,84309.57,2,No,No,103914.4,No,0.04,Low
15603328,France,Male,27,1,77805.66,1,Yes,Yes,2101.89,No,0.04,Low
15570194,France,Male,29,5,0,2,No,No,12510.53,No,0.04,Low
15766906,France,Female,25,4,132116.13,2,Yes,No,129933.5,No,0.0399,Low
15777076,France,Male,36,7,0,2,Yes,No,13898.31,No,0.0398,Low
15589018,Germany,Male,28,3,106070.29,2,Yes,Yes,183893.31,No,0.0398,Low
15754267,Germany,Male,31,3,108805.42,2,No,Yes,123825.83,No,0.0398,Low
15720941,Germany,Male,34,8,147833.3,2,No,Yes,1561.58,No,0.0398,Low
15806403,France,Male,37,9,0,2,Yes,No,17974.08,No,0.0398,Low
15785815,Germany,Male,31,1,142631.54,2,Yes,Yes,175894.24,No,0.0398,Low
15637428,France,Male,35,7,0,2,Yes,No,13218.6,No,0.0398,Low
15651450,Germany,Male,31,3,123212.08,2,Yes,Yes,112157.31,No,0.0398,Low
15615004,France,Female,37,1,0,2,Yes,Yes,124364.63,No,0.0398,Low
15716236,France,Male,35,10,0,2,Yes,No,10722.54,No,0.0398,Low
15578747,Spain,Male,26,5,83600.24,1,No,Yes,59195.05,No,0.0398,Low
15610433,France,Male,35,9,0,2,Yes,No,11743.89,No,0.0398,Low
15695699,France,Male,35,8,0,2,Yes,No,10334.05,No,0.0397,Low
15724307,France,Male,76,10,121313.88,1,No,Yes,64872.33,No,0.0397,Low
15716822,France,Male,30,5,98014.74,1,Yes,Yes,12757.14,No,0.0397,Low
15597131,France,Male,32,5,145807.59,1,Yes,Yes,3064.65,No,0.0397,Low
15649418,France,Female,29,7,178171.04,2,Yes,Yes,115818.51,No,0.0397,Low
15794479,Spain,Male,77,8,149083.7,1,Yes,Yes,190146.83,No,0.0397,Low
15713378,France,Male,38,10,0,2,No,No,53311.78,No,0.0397,Low
15671390,Spain,Male,36,10,0,2,Yes,No,55902.93,No,0.0397,Low
15734609,France,Female,37,2,0,2,Yes,Yes,7667.48,No,0.0397,Low
15642570,Spain,Male,35,8,0,2,Yes,No,29062.25,No,0.0397,Low
15742404,France,Male,38,7,0,2,Yes,No,38308.34,No,0.0397,Low
15680046,Spain,Male,36,8,0,2,Yes,No,55207.41,No,0.0397,Low
15726153,France,Male,31,5,106260.67,1,Yes,Yes,2578.43,No,0.0397,Low
15659194,France,Male,30,8,89182.09,1,Yes,Yes,13126.9,No,0.0397,Low
15586517,France,Male,32,5,97041.16,1,Yes,Yes,23132.73,No,0.0397,Low
15803378,Spain,Male,44,8,0,2,Yes,Yes,183617.32,No,0.0397,Low
15746258,France,Male,29,7,101486.96,1,Yes,Yes,8788.35,No,0.0397,Low
15672930,Spain,Male,37,9,0,2,Yes,No,31921.95,No,0.0397,Low
15662483,France,Male,43,7,0,2,Yes,Yes,173851.11,No,0.0397,Low
15767488,Spain,Male,36,7,0,2,Yes,No,20109.21,No,0.0397,Low
15771535,Spain,Female,37,9,0,2,Yes,No,68008.85,No,0.0397,Low
15682472,France,Male,34,8,129433.34,2,No,No,38131.77,No,0.0396,Low
15785980,Spain,Male,34,6,121132.26,2,Yes,No,86460.28,No,0.0396,Low
15766064,France,Male,33,9,111060.05,2,Yes,No,110371.84,No,0.0396,Low
15793346,France,Female,72,3,0,2,Yes,Yes,171260.66,No,0.0396,Low
15684722,France,Male,34,5,122952.9,2,No,No,154360.97,No,0.0396,Low
15632010,Spain,Male,33,7,121260.19,2,Yes,No,77216.48,No,0.0396,Low
15773949,France,Female,36,3,0,2,Yes,Yes,8282.22,No,0.0396,Low
15753955,Spain,Male,34,7,149940.04,2,No,No,156648.81,No,0.0396,Low
15575391,France,Female,37,3,0,2,Yes,Yes,38252.25,No,0.0396,Low
15728608,Germany,Female,34,9,91025.58,2,No,Yes,163783,No,0.0396,Low
15642785,France,Male,34,5,117593.48,2,No,No,113308.29,No,0.0396,Low
15727829,France,Male,42,2,0,2,Yes,Yes,167984.61,No,0.0395,Low
15646161,Spain,Female,37,8,0,2,Yes,Yes,183318.79,No,0.0395,Low
15636589,France,Female,41,7,0,2,Yes,Yes,74275.08,No,0.0395,Low
15671930,France,Female,36,5,0,2,Yes,Yes,145551.6,No,0.0395,Low
15697214,Spain,Female,36,5,0,2,Yes,Yes,152979.14,No,0.0395,Low
15654611,Germany,Female,25,9,81732.88,2,Yes,No,136497.28,No,0.0395,Low
15684592,Spain,Male,42,4,0,2,No,Yes,86642.38,No,0.0395,Low
15810910,Spain,Female,38,9,0,2,Yes,Yes,158527.45,No,0.0395,Low
15678626,Spain,Female,31,0,0,2,No,No,179453.66,No,0.0394,Low
15715920,Spain,Male,23,10,98052.66,1,Yes,Yes,142587.32,No,0.0394,Low
15758482,France,Female,32,0,0,2,No,No,187172.54,No,0.0394,Low
15718773,France,Female,32,0,0,2,Yes,No,160129.99,No,0.0394,Low
15747772,Germany,Male,36,9,58571.18,2,Yes,No,40774.01,No,0.0394,Low
15586848,France,Male,38,1,0,2,Yes,No,122379.54,No,0.0394,Low
15723064,Spain,Male,24,1,165149.13,2,Yes,No,21858.28,No,0.0394,Low
15656829,Spain,Female,33,6,0,2,Yes,No,57975.8,No,0.0394,Low
15756992,France,Male,37,1,0,2,Yes,No,163457.55,No,0.0394,Low
15585768,Germany,Male,41,6,70349.48,2,No,Yes,178074.04,No,0.0393,Low
15658956,Germany,Male,40,6,47869.69,2,Yes,Yes,155061.97,No,0.0393,Low
15676909,Spain,Female,34,5,0,2,Yes,No,163830.64,No,0.0393,Low
15630511,France,Female,33,6,0,2,Yes,No,164074.89,No,0.0393,Low
15599829,France,Female,35,10,0,2,Yes,Yes,25161.61,No,0.0392,Low
15744606,Spain,Male,29,8,93833.86,1,No,Yes,10417.87,No,0.0392,Low
15691011,France,Male,42,9,161651.37,2,Yes,Yes,131753.97,No,0.0392,Low
15752388,Spain,Female,35,6,0,2,Yes,Yes,41549.64,No,0.0392,Low
15585388,Germany,Male,31,9,125189.75,2,Yes,Yes,139874.43,No,0.0391,Low
15624528,Germany,Male,26,7,116244.14,2,Yes,Yes,95145.14,No,0.0391,Low
15769499,Spain,Female,74,3,0,2,Yes,Yes,161326.73,No,0.0391,Low
15585427,France,Female,26,10,102073.67,2,No,No,166799.93,No,0.0391,Low
15595158,Germany,Male,31,5,150593.59,2,Yes,Yes,105218.45,No,0.0391,Low
15677828,France,Female,34,4,0,2,No,No,60894.26,No,0.0391,Low
15725509,Germany,Male,30,5,115286.68,2,Yes,Yes,149587.92,No,0.0391,Low
15615444,Germany,Male,28,8,123674.28,2,Yes,Yes,87985.2,No,0.0391,Low
15592979,Germany,Female,34,6,37266.67,2,No,No,156917.12,No,0.039,Low
15591509,France,Male,36,7,101583.11,2,Yes,No,123775.15,No,0.039,Low
15744398,France,Female,23,5,0,2,Yes,No,160249.1,No,0.039,Low
15705620,France,Male,34,5,122453.37,2,Yes,No,138882.98,No,0.039,Low
15639882,France,Male,30,2,128262.72,2,Yes,No,50771.16,No,0.039,Low
15662533,Spain,Female,23,6,0,2,Yes,No,153229.19,No,0.039,Low
15691061,France,Female,37,9,0,2,Yes,Yes,73225.31,No,0.039,Low
15662658,Germany,Male,34,2,90355.12,2,No,No,193597.94,No,0.039,Low
15589563,Spain,Male,31,2,118899.45,2,No,No,41409.36,No,0.039,Low
15589496,France,Male,34,5,139064.06,2,No,No,67949.32,No,0.039,Low
15661830,Spain,Female,36,6,0,2,Yes,Yes,59816.41,No,0.039,Low
15784323,France,Female,21,7,0,2,No,No,175743.92,No,0.039,Low
15703019,France,Female,38,10,0,2,No,Yes,113597.64,No,0.0389,Low
15789548,France,Female,37,7,0,2,Yes,Yes,126726.33,No,0.0389,Low
15685576,Spain,Female,36,6,0,2,Yes,Yes,102280.29,No,0.0389,Low
15618566,France,Female,38,7,0,2,Yes,Yes,133122.62,No,0.0389,Low
15665340,Spain,Female,37,8,0,2,No,Yes,100835.19,No,0.0389,Low
15601796,France,Male,30,1,125739.26,1,Yes,Yes,193441.23,No,0.0389,Low
15681220,France,Female,37,8,0,2,Yes,Yes,97893.32,No,0.0389,Low
15665802,Spain,Female,36,6,0,2,Yes,Yes,97938.59,No,0.0389,Low
15687413,Spain,Female,38,6,0,2,Yes,Yes,117616.29,No,0.0389,Low
15594915,France,Female,36,8,0,2,No,Yes,109179.89,No,0.0389,Low
15766887,Spain,Male,39,2,122773.5,2,Yes,Yes,58467.08,No,0.0388,Low
15566689,Spain,Male,66,8,0,2,Yes,Yes,116747.62,No,0.0388,Low
15671387,France,Female,29,4,89349.47,2,No,No,180626.68,No,0.0388,Low
15586300,France,Male,66,7,0,2,Yes,Yes,74580.8,No,0.0388,Low
15701352,Spain,Female,28,3,96381.68,2,Yes,No,181419.29,No,0.0388,Low
15749964,France,Female,27,4,87262.4,2,Yes,No,182720.07,No,0.0388,Low
15780124,France,Male,74,9,108131.53,1,No,Yes,60830.38,No,0.0387,Low
15577398,France,Male,30,6,86449.39,1,Yes,Yes,188809.23,No,0.0387,Low
15649060,Germany,Female,31,3,82729.47,2,Yes,No,60212.51,No,0.0387,Low
15733797,France,Male,36,5,0,2,Yes,No,164253.35,No,0.0386,Low
15758639,France,Male,37,7,0,2,Yes,No,75248.3,No,0.0386,Low
15790497,Spain,Male,37,6,0,2,No,No,136506.86,No,0.0386,Low
15604295,France,Male,36,6,0,2,Yes,No,176728.28,No,0.0386,Low
15746410,Spain,Male,38,7,0,2,Yes,No,150580.88,No,0.0386,Low
15594862,France,Male,36,8,0,2,No,No,132547.02,No,0.0386,Low
15583748,Spain,Male,38,8,0,2,Yes,No,180426.2,No,0.0386,Low
15799156,Spain,Male,38,8,0,2,No,No,79618.79,No,0.0386,Low
15674851,France,Male,38,5,0,2,No,No,105295.77,No,0.0386,Low
15637131,France,Male,38,9,0,2,Yes,No,30529.88,No,0.0386,Low
15671969,Spain,Male,36,8,0,2,Yes,No,161668.15,No,0.0386,Low
15762984,Spain,Male,35,7,0,2,No,No,122899.01,No,0.0386,Low
15635972,Spain,Male,36,8,0,2,Yes,No,186136.48,No,0.0386,Low
15668347,France,Male,36,6,0,2,No,No,84635.64,No,0.0386,Low
15774872,France,Male,36,10,0,2,Yes,No,136349.55,No,0.0386,Low
15600692,France,Male,38,5,0,2,Yes,No,163185.76,No,0.0386,Low
15663964,France,Male,37,5,0,2,Yes,No,83093.25,No,0.0386,Low
15642160,France,Male,38,5,0,2,Yes,No,16491.64,No,0.0386,Low
15611961,France,Male,35,7,0,2,Yes,No,150784.29,No,0.0386,Low
15749540,France,Male,36,7,0,2,Yes,No,94283.09,No,0.0386,Low
15786680,Spain,Male,37,5,0,2,Yes,No,21928.81,No,0.0386,Low
15666430,France,Male,38,8,0,2,No,No,91763.67,No,0.0386,Low
15654274,France,Male,37,6,0,2,Yes,No,141998.89,No,0.0386,Low
15581505,France,Male,35,5,0,2,Yes,No,93148.93,No,0.0386,Low
15740264,France,Male,38,9,0,2,Yes,No,88827.67,No,0.0386,Low
15662571,France,Male,35,8,0,2,Yes,No,170483.9,No,0.0386,Low
15715519,Spain,Male,36,5,0,2,Yes,No,130610.78,No,0.0386,Low
15665014,Spain,Male,36,5,0,2,Yes,No,79723.78,No,0.0386,Low
15672357,Spain,Male,38,7,0,2,Yes,No,181605.85,No,0.0386,Low
15766552,France,Male,37,6,0,2,No,No,142454.77,No,0.0386,Low
15798737,France,Male,38,8,0,2,Yes,No,88659.44,No,0.0386,Low
15771054,Spain,Male,35,5,0,2,Yes,No,186490.37,No,0.0386,Low
15810826,France,Male,36,6,0,2,No,No,84749.96,No,0.0386,Low
15658148,France,Male,38,7,0,2,Yes,No,185827.74,No,0.0386,Low
15605737,France,Male,36,5,0,2,Yes,No,124795.84,No,0.0386,Low
15591995,Germany,Male,26,8,121581.56,2,Yes,Yes,127059.04,No,0.0385,Low
15795564,Germany,Male,31,5,121192.22,2,Yes,Yes,74890.58,No,0.0385,Low
15763625,Spain,Male,41,9,0,2,Yes,No,152153.74,No,0.0385,Low
15777826,France,Male,30,5,94443.77,1,Yes,Yes,165614.4,No,0.0385,Low
15763055,Spain,Male,31,5,98108.79,1,No,Yes,119996.95,No,0.0385,Low
15630920,France,Male,34,2,154485.74,2,No,No,78560.64,No,0.0385,Low
15780128,France,Male,33,3,144427.96,2,Yes,No,113845.19,No,0.0385,Low
15671655,Germany,Male,31,7,143966.3,2,Yes,Yes,140262.96,Yes,0.0385,Low
15664214,France,Male,33,2,141204.65,2,Yes,No,76257.46,No,0.0385,Low
15572657,France,Male,29,8,102490.27,1,No,Yes,181224.56,No,0.0385,Low
15726058,Germany,Male,27,7,117578.35,2,No,Yes,87908.01,No,0.0385,Low
15787229,Spain,Female,34,2,0,2,Yes,No,61251.25,No,0.0385,Low
15701166,France,Male,40,5,131754.11,2,Yes,Yes,38761.61,No,0.0385,Low
15609643,Germany,Male,32,9,115587.49,2,No,Yes,101677.46,No,0.0385,Low
15692991,Spain,Female,38,4,0,2,Yes,Yes,136390.88,No,0.0384,Low
15585241,Spain,Male,29,2,117412.19,2,Yes,No,4888.91,No,0.0384,Low
15573769,France,Female,24,7,0,2,Yes,No,186105.99,No,0.0384,Low
15636238,France,Male,40,1,0,2,Yes,Yes,102547.56,No,0.0384,Low
15770525,Spain,Male,28,1,141038.57,2,No,No,16287.38,No,0.0384,Low
15761775,Germany,Male,20,8,180293.84,2,Yes,Yes,29552.7,No,0.0384,Low
15583221,Germany,Male,70,3,77356.92,2,Yes,Yes,20881.96,No,0.0384,Low
15603156,France,Female,33,1,0,2,Yes,No,102750.7,No,0.0383,Low
15603323,Spain,Female,33,1,0,2,No,No,117834.91,No,0.0383,Low
15751774,France,Male,76,4,112510.89,1,Yes,Yes,143133.18,No,0.0383,Low
15606841,France,Male,38,1,0,2,Yes,No,156603.7,No,0.0382,Low
15763806,France,Male,41,4,0,2,Yes,Yes,24924.92,No,0.0382,Low
15726945,France,Female,72,8,0,2,Yes,Yes,153604.44,No,0.0382,Low
15756975,Spain,Female,35,3,0,2,Yes,Yes,17257.72,No,0.0382,Low
15625021,France,Male,42,2,0,2,Yes,Yes,18657.77,No,0.0381,Low
15713655,France,Female,38,10,0,2,Yes,Yes,56229.72,Yes,0.0381,Low
15679642,Spain,Male,44,8,0,2,Yes,Yes,70974.13,No,0.0381,Low
15742269,France,Female,24,1,0,2,Yes,No,184182.25,No,0.0381,Low
15588197,France,Male,36,7,0,2,No,No,59571.5,No,0.0381,Low
15574206,France,Female,37,7,0,2,Yes,Yes,55100.09,No,0.0381,Low
15702190,Spain,Male,43,5,0,2,Yes,Yes,64515.5,No,0.0381,Low
15601387,France,Male,35,10,0,2,Yes,No,71594.26,No,0.0381,Low
15687094,Germany,Female,28,9,82498.14,2,No,No,40437.67,No,0.0381,Low
15610343,France,Female,37,10,0,2,Yes,Yes,13935.53,Yes,0.0381,Low
15605339,France,Female,37,10,0,2,Yes,Yes,37411.35,No,0.0381,Low
15570145,France,Female,23,2,0,2,Yes,No,153983.99,No,0.0381,Low
15690664,Spain,Male,37,10,0,2,Yes,No,100862.54,No,0.038,Low
15809901,France,Male,36,8,0,2,Yes,No,176809.87,No,0.038,Low
15579548,Spain,Male,36,5,0,2,Yes,No,105152.17,No,0.038,Low
15751297,France,Male,36,5,0,2,Yes,No,161428.25,No,0.038,Low
15682860,Spain,Male,38,6,0,2,No,No,104393.78,No,0.038,Low
15705506,Spain,Male,38,7,0,2,No,No,90839.61,No,0.038,Low
15597309,Spain,Male,36,7,0,2,No,No,80134.65,No,0.038,Low
15781689,Spain,Male,35,5,0,2,Yes,No,95009.6,No,0.038,Low
15637461,France,Male,35,7,0,2,Yes,No,77951.84,No,0.038,Low
15608886,France,Female,33,1,0,2,No,No,69608.48,No,0.0379,Low
15665629,Spain,Female,33,7,0,2,Yes,No,20016.59,No,0.0379,Low
15726960,France,Female,36,3,0,2,Yes,Yes,89804.83,No,0.0379,Low
15708714,France,Female,33,6,0,2,Yes,No,34045.61,No,0.0379,Low
15750264,Germany,Male,30,6,105128.85,2,Yes,Yes,62972.13,No,0.0378,Low
15811200,France,Female,34,2,0,2,No,No,165840.94,No,0.0378,Low
15699515,Germany,Male,33,7,98630.31,2,Yes,Yes,40250.82,No,0.0378,Low
15764654,France,Male,37,9,87374.88,2,Yes,Yes,247.36,No,0.0377,Low
15757777,France,Female,35,2,0,2,Yes,Yes,23129.46,No,0.0377,Low
15812594,France,Male,34,7,0,2,Yes,No,96734.46,No,0.0377,Low
15607786,France,Male,26,6,156551.63,1,No,Yes,4410.77,No,0.0377,Low
15600882,Spain,Female,35,7,0,2,Yes,Yes,65951.65,No,0.0376,Low
15595160,Spain,Male,35,2,0,2,Yes,Yes,60972.84,No,0.0376,Low
15783875,France,Female,34,4,0,2,Yes,No,12833.96,No,0.0376,Low
15690337,France,Female,27,5,102258.11,2,Yes,No,194681.6,No,0.0376,Low
15711378,France,Male,38,4,0,2,Yes,No,187800.63,No,0.0375,Low
15617603,Germany,Male,30,5,123210.56,2,Yes,Yes,102180.27,No,0.0375,Low
15673342,France,Male,36,2,0,2,Yes,No,108790.95,No,0.0375,Low
15603846,Spain,Male,37,2,0,2,Yes,No,83978.86,Yes,0.0375,Low
15617134,France,Male,38,4,0,2,Yes,No,189678.7,No,0.0375,Low
15694879,Spain,Female,23,7,0,2,Yes,No,196789.9,No,0.0375,Low
15746461,Spain,Male,35,2,0,2,Yes,No,104982.39,No,0.0375,Low
15663883,Germany,Male,32,9,141827.33,2,Yes,Yes,149458.73,No,0.0375,Low
15772479,France,Male,37,4,0,2,No,No,163563.07,No,0.0375,Low
15696175,Germany,Male,35,7,90602.42,2,Yes,Yes,51695.41,No,0.0375,Low
15698321,Germany,Male,34,3,95039.73,2,Yes,Yes,147055.87,No,0.0374,Low
15658339,Germany,Male,37,2,139265.63,2,Yes,Yes,198745.94,No,0.0374,Low
15631709,Spain,Female,31,2,101675.22,2,Yes,No,45033.75,No,0.0374,Low
15685654,Spain,Male,66,9,0,2,Yes,Yes,14234.31,No,0.0374,Low
15578722,France,Male,39,4,0,2,Yes,No,196112.45,No,0.0374,Low
15706602,Spain,Female,33,1,118114.28,2,No,Yes,156660.21,No,0.0374,Low
15804256,Germany,Male,36,8,92310.54,2,Yes,Yes,72924.56,No,0.0373,Low
15593773,Spain,Male,35,3,0,2,No,No,81483.64,No,0.0373,Low
15756668,France,Male,30,3,98415.37,1,Yes,Yes,110520.48,No,0.0373,Low
15806210,Spain,Male,66,5,115654.47,2,Yes,Yes,131970.86,No,0.0373,Low
15747808,France,Male,29,3,102540.61,1,Yes,Yes,189680.79,No,0.0373,Low
15656293,France,Male,35,3,0,2,Yes,No,92712.97,No,0.0373,Low
15590199,Spain,Male,28,1,103421.32,1,No,Yes,76304.73,No,0.0373,Low
15795690,France,Male,31,3,99513.91,1,Yes,Yes,189657.26,No,0.0373,Low
15757425,France,Female,38,1,0,2,Yes,Yes,99661.46,No,0.0373,Low
15667521,France,Female,22,3,0,2,No,No,30781.77,No,0.0372,Low
15724127,France,Female,26,4,141581.71,2,No,No,98309.27,No,0.0372,Low
15725039,Spain,Male,32,8,71667.74,1,Yes,Yes,126082.18,No,0.0372,Low
15571148,Spain,Female,21,1,0,2,No,No,28726.07,No,0.0372,Low
15700864,France,Female,21,0,0,2,Yes,No,116106.52,No,0.0372,Low
15697678,Germany,Male,36,6,92340.69,2,Yes,Yes,174667.58,No,0.0372,Low
15731586,Spain,Female,31,2,121691.54,2,No,No,81778.72,No,0.0372,Low
15707681,Germany,Male,38,9,88977.39,2,No,Yes,133403.07,No,0.0372,Low
15610557,Spain,Female,35,7,79858.13,2,Yes,Yes,127977.66,No,0.0372,Low
15574523,France,Male,39,1,0,2,Yes,Yes,68814.23,No,0.0372,Low
15804602,Germany,Male,30,6,99785.28,2,No,No,197238.03,No,0.0371,Low
15698349,Spain,Female,35,4,0,2,Yes,Yes,159676.55,No,0.0371,Low
15676966,Spain,Male,42,4,0,2,No,Yes,85982.47,No,0.037,Low
15690079,Spain,Male,30,8,124857.69,2,No,No,50485.7,No,0.037,Low
15748473,France,Male,38,5,0,2,Yes,No,66256.27,No,0.037,Low
15776844,Spain,Female,19,6,0,2,Yes,No,55500.17,No,0.037,Low
15645045,France,Female,38,9,0,2,Yes,Yes,132809.18,No,0.037,Low
15629787,France,Male,27,10,107303.72,2,No,No,44435.76,No,0.037,Low
15800251,Germany,Female,26,10,72835.56,2,Yes,No,96792.15,No,0.037,Low
15635143,France,Male,42,2,56726.83,2,No,Yes,185543.35,No,0.037,Low
15732704,Spain,Male,25,9,148042.97,2,Yes,No,52341.15,No,0.037,Low
15759690,France,Male,42,4,0,2,Yes,Yes,81442.6,No,0.037,Low
15638788,France,Male,32,8,97514.07,1,Yes,Yes,199138.84,No,0.037,Low
15791972,France,Female,20,7,0,2,No,No,10792.42,No,0.037,Low
15621687,France,Male,34,0,0,2,Yes,No,43169.15,No,0.0369,Low
15628007,France,Male,33,1,0,2,No,No,53379.52,No,0.0369,Low
15709487,Germany,Male,34,5,80242.37,2,No,No,56780.97,No,0.0369,Low
15693947,France,Female,19,5,97445.49,2,Yes,No,122823.34,No,0.0369,Low
15746341,France,Male,40,8,0,2,Yes,Yes,42495.81,No,0.0369,Low
15774104,Spain,Male,39,2,0,2,Yes,Yes,48189.94,No,0.0369,Low
15788686,Spain,Male,40,8,0,2,Yes,Yes,25554.4,No,0.0369,Low
15667651,Spain,Female,33,8,0,2,Yes,No,114182.07,No,0.0368,Low
15794014,France,Female,34,8,0,2,Yes,No,27472.07,No,0.0368,Low
15775562,France,Female,33,5,0,2,Yes,No,126962.41,No,0.0368,Low
15670619,France,Female,33,8,0,2,No,No,117374.22,No,0.0368,Low
15670029,France,Female,33,7,0,2,Yes,No,122625.68,No,0.0368,Low
15717498,France,Male,42,6,133970.22,2,No,Yes,187839.9,No,0.0368,Low
15737194,France,Female,33,5,0,2,Yes,No,122949.71,No,0.0368,Low
15575955,France,Female,24,0,0,2,Yes,No,88724.49,No,0.0367,Low
15779522,France,Female,24,0,0,2,Yes,No,109355.73,Yes,0.0367,Low
15736371,France,Female,34,3,123034.43,2,Yes,Yes,38315.04,No,0.0367,Low
15693737,Germany,Female,30,4,79871.02,2,Yes,No,129826.89,No,0.0366,Low
15654060,France,Male,41,2,0,2,No,Yes,75937.47,No,0.0366,Low
15624347,France,Male,40,4,0,2,Yes,Yes,147715.83,No,0.0366,Low
15592230,France,Male,41,3,0,2,Yes,Yes,137309.06,No,0.0366,Low
15761076,France,Male,41,3,58820.32,2,Yes,Yes,138536.09,No,0.0366,Low
15772618,France,Male,25,7,90920.75,1,No,Yes,112256.57,No,0.0366,Low
15682576,France,Male,67,1,149436.73,2,No,Yes,106282.74,No,0.0366,Low
15716501,France,Male,32,9,95377.13,1,No,Yes,187551.24,No,0.0366,Low
15812422,France,Male,41,2,0,2,No,Yes,102515.42,No,0.0366,Low
15812647,France,Male,34,8,133936.04,2,Yes,No,91359.79,No,0.0365,Low
15741417,Spain,Female,35,7,119656.45,2,Yes,Yes,4595.05,No,0.0365,Low
15808780,France,Female,34,2,0,2,No,No,51919.04,No,0.0365,Low
15628715,France,Female,36,8,0,2,Yes,Yes,69676.55,No,0.0365,Low
15805463,Germany,Male,32,2,105163.88,2,Yes,Yes,164170.46,No,0.0365,Low
15674840,France,Female,38,5,101430.3,2,No,Yes,4400.32,No,0.0364,Low
15570417,France,Male,35,1,0,2,Yes,No,4460.2,No,0.0364,Low
15609458,France,Male,30,10,69413.44,1,Yes,Yes,74637.57,No,0.0364,Low
15655875,France,Female,33,3,0,2,Yes,No,132436.71,No,0.0364,Low
15745624,France,Male,37,4,0,2,Yes,No,94845.45,No,0.0364,Low
15674928,Spain,Male,37,2,0,2,Yes,No,119969.99,No,0.0364,Low
15654222,Spain,Male,30,3,145396.49,1,No,Yes,198341.15,No,0.0364,Low
15649423,France,Female,35,8,0,2,No,Yes,10357.03,No,0.0363,Low
15723989,France,Male,40,5,93680.43,2,Yes,Yes,179473.26,No,0.0363,Low
15584899,France,Female,35,5,0,2,No,Yes,13066.3,No,0.0363,Low
15598940,Germany,Male,38,6,181804.34,2,Yes,Yes,57517.71,No,0.0363,Low
15655007,France,Female,33,7,0,2,No,No,82996.47,No,0.0362,Low
15809006,France,Male,23,7,113758.48,2,No,No,84077.6,No,0.0362,Low
15572145,France,Female,34,8,0,2,Yes,No,94767.77,No,0.0362,Low
15771154,France,Female,73,8,137732.23,2,Yes,Yes,133210.44,No,0.0362,Low
15633897,Germany,Male,39,1,50880.98,2,Yes,Yes,184023.54,No,0.0361,Low
15790744,France,Female,34,9,92899.27,2,Yes,No,97465.89,No,0.0361,Low
15663478,France,Male,32,6,93694.42,1,Yes,Yes,79919.13,No,0.036,Low
15781505,France,Male,20,4,104719.94,2,Yes,No,38691.34,No,0.036,Low
15805676,Spain,Male,29,4,151012.55,2,Yes,No,9770.97,No,0.036,Low
15720134,Germany,Male,30,9,115479.48,2,Yes,Yes,134732.99,No,0.036,Low
15672983,Spain,Female,27,5,87099.85,2,Yes,No,149550.95,No,0.036,Low
15631063,France,Female,33,2,0,2,Yes,No,72945.32,No,0.036,Low
15697879,France,Male,30,3,156660.72,2,Yes,No,45742.42,No,0.0359,Low
15746028,France,Female,24,7,0,2,Yes,No,166335,No,0.0359,Low
15772503,France,Female,33,4,0,2,Yes,No,115115.32,No,0.0359,Low
15723250,France,Male,42,8,0,2,Yes,Yes,101485.72,No,0.0358,Low
15730639,France,Male,23,7,139224.92,2,Yes,No,65057.71,No,0.0358,Low
15606133,Spain,Male,42,7,0,2,No,Yes,172967.87,No,0.0358,Low
15662263,Germany,Male,22,4,94762.16,2,Yes,Yes,42241.54,No,0.0358,Low
15696812,Spain,Male,42,6,0,2,Yes,Yes,123410.23,No,0.0358,Low
15649086,France,Male,42,7,0,2,Yes,Yes,121568.37,No,0.0358,Low
15728605,France,Male,40,4,0,2,No,Yes,26543.28,No,0.0358,Low
15789874,France,Female,29,3,87375.78,2,No,No,166194.53,No,0.0357,Low
15597945,Spain,Female,32,8,0,2,Yes,No,138555.46,No,0.0356,Low
15615624,France,Female,28,6,0,2,No,No,159508.52,No,0.0356,Low
15714567,Spain,Female,26,6,0,2,No,No,166495.2,No,0.0356,Low
15774857,France,Female,27,7,0,2,Yes,No,156150.08,Yes,0.0356,Low
15622117,Spain,Female,31,8,0,2,Yes,No,151843.54,No,0.0356,Low
15631927,Spain,Female,28,7,0,2,No,No,185660.3,No,0.0356,Low
15660735,Spain,Female,31,6,0,2,Yes,No,188377.21,No,0.0356,Low
15749693,France,Female,32,9,0,2,Yes,No,156774.75,No,0.0356,Low
15736769,France,Female,27,9,0,2,Yes,No,150850.29,No,0.0356,Low
15731519,France,Female,30,5,0,2,Yes,No,143994.86,No,0.0356,Low
15781710,Spain,Female,31,7,0,2,Yes,No,166720.28,No,0.0356,Low
15801072,France,Female,28,7,0,2,Yes,No,151316.37,No,0.0356,Low
15689288,France,Female,26,5,0,2,Yes,No,182612.38,No,0.0356,Low
15635531,Spain,Female,30,8,0,2,Yes,No,185341.63,No,0.0356,Low
15611247,France,Female,28,10,0,2,Yes,No,145215.96,No,0.0356,Low
15680772,Spain,Female,36,2,0,2,Yes,Yes,106977.8,No,0.0355,Low
15692671,Spain,Male,36,8,0,2,Yes,No,169161.46,No,0.0355,Low
15733119,France,Male,35,8,0,2,Yes,No,94820.85,No,0.0355,Low
15683471,France,Male,38,7,0,2,No,No,81617.4,No,0.0355,Low
15569187,Spain,Male,35,9,0,2,No,No,143774.06,No,0.0355,Low
15798666,France,Female,36,6,0,2,Yes,Yes,98657.01,No,0.0355,Low
15632899,Spain,Male,20,9,104508.77,2,No,No,73107.53,No,0.0355,Low
15644796,Spain,Female,38,8,0,2,No,Yes,126241.4,Yes,0.0355,Low
15633870,France,Female,36,10,0,2,Yes,Yes,100750.03,No,0.0355,Low
15775206,France,Male,37,10,0,2,No,No,83263.04,No,0.0355,Low
15790717,Spain,Male,35,7,0,2,Yes,No,160387.98,No,0.0355,Low
15595640,France,Male,37,8,0,2,No,No,145004.39,No,0.0355,Low
15572021,Germany,Female,29,8,80204.11,2,Yes,No,70223.22,No,0.0355,Low
15640059,France,Male,40,5,0,2,Yes,Yes,70899.27,No,0.0354,Low
15613712,Spain,Male,34,1,0,2,Yes,No,61995.57,No,0.0354,Low
15729435,France,Male,40,6,0,2,Yes,Yes,66119.07,No,0.0354,Low
15801934,France,Male,66,8,0,2,Yes,Yes,47117.03,No,0.0354,Low
15713346,France,Male,24,10,146126.75,1,Yes,Yes,88992.05,No,0.0354,Low
15716518,France,Female,27,4,0,2,No,No,190269.21,No,0.0353,Low
15727467,France,Female,27,3,0,2,Yes,No,141449.86,No,0.0353,Low
15740630,Spain,Female,31,1,0,2,Yes,No,158750.13,No,0.0353,Low
15601184,Spain,Female,26,3,0,2,Yes,No,155248.62,No,0.0353,Low
15680436,France,Female,29,4,0,2,Yes,No,164806.89,No,0.0353,Low
15786469,France,Female,34,1,0,2,Yes,No,87278.48,No,0.0353,Low
15794472,France,Female,27,3,0,2,No,No,159800.16,No,0.0353,Low
15762123,Spain,Female,34,1,0,2,Yes,No,119313.74,No,0.0353,Low
15698271,France,Female,26,4,0,2,Yes,No,185488.81,No,0.0353,Low
15747647,Spain,Female,27,4,0,2,Yes,No,144181.48,No,0.0353,Low
15743545,Spain,Female,29,2,0,2,Yes,No,179032.68,No,0.0353,Low
15761024,France,Female,33,2,167733.51,2,Yes,Yes,65222.48,No,0.0352,Low
15587240,France,Male,40,4,0,2,No,Yes,194416.58,No,0.0352,Low
15569394,France,Male,24,2,148197.15,2,Yes,No,182775.08,No,0.0352,Low
15680405,France,Male,40,2,168001.34,2,Yes,Yes,167400.29,No,0.0352,Low
15790757,France,Female,25,10,0,2,No,No,187925.75,No,0.0351,Low
15791767,France,Female,26,7,0,2,Yes,No,176843.53,No,0.0351,Low
15573893,Germany,Male,25,9,173459.45,2,Yes,Yes,44381.06,No,0.0351,Low
15751788,Spain,Male,28,9,97408.03,1,Yes,Yes,175853.64,No,0.0351,Low
15652789,Spain,Male,40,10,0,2,Yes,Yes,52990.7,No,0.0351,Low
15617655,Spain,Female,35,9,0,2,Yes,Yes,105837.38,No,0.0351,Low
15732610,France,Female,28,6,0,2,Yes,No,154389.18,No,0.0351,Low
15644788,France,Female,30,5,0,2,Yes,No,189528.72,No,0.0351,Low
15803840,France,Female,32,9,0,2,No,No,150803.44,No,0.0351,Low
15770214,France,Female,27,7,0,2,Yes,No,144134.64,No,0.0351,Low
15702293,Spain,Female,35,7,0,2,Yes,Yes,108739.15,No,0.0351,Low
15619083,France,Female,35,6,0,2,Yes,Yes,80618.47,No,0.0351,Low
15733444,France,Female,29,9,0,2,No,No,176152.7,No,0.0351,Low
15797665,France,Female,27,7,0,2,Yes,No,144099.48,No,0.0351,Low
15574004,France,Female,27,6,117307.44,2,Yes,Yes,24020.49,No,0.035,Low
15624781,France,Female,34,1,142151.75,2,Yes,Yes,168753.34,No,0.035,Low
15747980,Spain,Male,38,6,146282.79,2,Yes,No,198516.2,No,0.0349,Low
15726186,Spain,Male,29,4,133434.57,2,Yes,No,97983.44,No,0.0349,Low
15789498,France,Male,30,3,111099.79,2,No,No,140650.19,No,0.0349,Low
15705458,Spain,Male,39,2,116120.19,2,Yes,Yes,195638.13,No,0.0349,Low
15596165,Germany,Male,25,4,98141.57,2,Yes,Yes,52309.8,No,0.0349,Low
15723481,Spain,Male,42,8,0,2,No,Yes,41823.22,No,0.0349,Low
15731327,Germany,Male,27,2,166527.88,2,No,Yes,146007.7,No,0.0348,Low
15576094,France,Male,71,0,0,2,No,Yes,29837.65,No,0.0348,Low
15651336,France,Female,32,4,0,2,Yes,No,147040.25,No,0.0348,Low
15705639,France,Female,28,8,95059.02,2,Yes,No,44420.18,No,0.0347,Low
15758050,Spain,Male,37,4,0,2,Yes,No,4459.5,No,0.0347,Low
15581525,Germany,Male,33,3,83501.66,2,Yes,No,128841.31,No,0.0347,Low
15782879,France,Male,40,2,0,2,Yes,Yes,180553.48,No,0.0347,Low
15648725,France,Male,41,3,0,2,Yes,Yes,108665.89,No,0.0347,Low
15730868,France,Male,41,5,0,2,Yes,Yes,22750.17,No,0.0346,Low
15768474,Spain,Male,34,3,0,2,Yes,No,27244.35,No,0.0346,Low
15747130,France,Male,39,7,0,2,No,Yes,653.58,No,0.0346,Low
15592570,Spain,Female,23,8,0,2,Yes,No,56759.79,No,0.0345,Low
15710408,Spain,Female,38,3,0,2,Yes,Yes,4525.4,No,0.0345,Low
15624471,France,Male,37,6,0,2,Yes,No,109291.22,No,0.0345,Low
15714380,France,Male,38,5,0,2,No,No,103305.01,No,0.0345,Low
15720671,France,Male,42,8,129735.3,2,Yes,Yes,179565.57,No,0.0344,Low
15621685,France,Male,29,2,123757.52,2,Yes,No,84872.66,No,0.0344,Low
15780628,France,Female,30,6,0,2,No,No,41642.29,No,0.0343,Low
15583090,Spain,Female,29,8,0,2,Yes,No,46735.19,No,0.0343,Low
15774491,France,Female,28,6,0,2,No,No,48131.92,No,0.0343,Low
15574296,France,Male,23,2,80673.96,2,Yes,No,93991.65,No,0.0343,Low
15674929,France,Female,31,7,0,2,No,No,49326.07,No,0.0343,Low
15622230,France,Female,35,3,0,2,No,Yes,66331.01,No,0.0343,Low
15774536,France,Female,32,6,0,2,No,No,196062.01,No,0.0343,Low
15636395,France,Female,31,5,0,2,Yes,No,26817.23,No,0.0343,Low
15649112,Spain,Female,33,3,122134.4,2,No,Yes,27867.59,No,0.0343,Low
15723437,France,Female,35,2,0,2,Yes,Yes,65765.22,No,0.0343,Low
15574858,France,Male,37,8,0,2,Yes,Yes,287.99,No,0.0343,Low
15723620,France,Male,41,7,0,2,No,Yes,14496.67,No,0.0342,Low
15790247,Spain,Male,40,9,0,2,Yes,Yes,11959.03,No,0.0342,Low
15690169,France,Male,31,7,161171.7,2,Yes,No,12599.94,Yes,0.0342,Low
15597385,Spain,Male,41,5,0,2,No,Yes,14479.29,No,0.0342,Low
15758685,Spain,Female,37,7,0,2,Yes,Yes,110899.3,No,0.0341,Low
15669410,France,Male,30,8,110829.52,2,No,No,24938.84,No,0.0341,Low
15756932,Spain,Female,36,7,0,2,Yes,Yes,82298.59,No,0.0341,Low
15723858,Spain,Male,39,3,0,2,No,Yes,12465.51,No,0.0341,Low
15568834,Spain,Male,27,6,125427.37,2,No,No,27654.44,No,0.0341,Low
15637138,France,Male,34,1,0,2,Yes,No,9692.58,No,0.0341,Low
15592854,France,Male,25,3,113736.27,1,No,Yes,196864.61,No,0.0341,Low
15677522,France,Male,33,1,0,2,No,No,9984.4,No,0.0341,Low
15796343,France,Female,31,2,82787.93,2,No,No,91423.69,No,0.034,Low
15790235,Spain,Male,40,8,104291.41,2,Yes,Yes,117507.11,No,0.034,Low
15614230,France,Female,34,3,0,2,Yes,Yes,61230.83,No,0.034,Low
15593250,France,Female,29,4,0,2,Yes,No,44904.26,No,0.034,Low
15767391,Germany,Female,32,4,90322.99,2,No,Yes,118740.37,No,0.034,Low
15723613,France,Female,28,4,0,2,Yes,No,41227.67,No,0.034,Low
15730418,France,Female,32,2,0,2,Yes,No,54628.11,No,0.034,Low
15727539,France,Female,31,4,0,2,Yes,No,29176.04,No,0.034,Low
15567855,France,Female,29,1,0,2,No,No,39382.06,No,0.034,Low
15752186,France,Female,27,3,0,2,Yes,No,28137.03,No,0.034,Low
15694321,France,Female,28,3,0,2,Yes,No,53394.12,No,0.034,Low
15729574,Spain,Male,71,4,0,2,Yes,Yes,173599.38,No,0.0339,Low
15638269,France,Male,67,2,0,2,No,Yes,108645.85,No,0.0339,Low
15762573,Spain,Female,34,7,0,2,Yes,No,98949.85,No,0.0339,Low
15683553,France,Female,33,5,0,2,No,No,116978.19,No,0.0338,Low
15672145,France,Female,34,7,121551.58,2,Yes,Yes,70179,No,0.0338,Low
15603065,France,Female,30,6,0,2,Yes,No,15766.1,No,0.0338,Low
15608968,Germany,Male,21,6,86402.52,2,No,No,27330.59,No,0.0338,Low
15748589,France,Female,30,9,0,2,Yes,No,34180.33,No,0.0338,Low
15783816,France,Female,28,5,0,2,No,No,12761.16,No,0.0338,Low
15784890,Spain,Female,32,8,0,2,Yes,No,16725.53,No,0.0338,Low
15796336,Spain,Female,34,9,0,2,Yes,No,117034.32,No,0.0338,Low
15625904,France,Male,26,9,74681.9,2,No,No,31231.35,No,0.0337,Low
15574886,France,Male,32,6,94486.47,1,Yes,Yes,146949.74,No,0.0337,Low
15595071,France,Male,22,9,149777,1,Yes,Yes,198032.93,No,0.0337,Low
15705034,Spain,Male,40,1,0,2,Yes,Yes,145613.17,No,0.0337,Low
15743478,Germany,Male,39,8,52106.33,2,Yes,Yes,107964.36,No,0.0337,Low
15796434,France,Male,28,5,97612.12,1,Yes,Yes,96498.14,No,0.0337,Low
15576304,France,Male,29,5,95167.55,1,Yes,Yes,152723.23,No,0.0337,Low
15689061,France,Male,68,5,82547.11,2,Yes,Yes,146448.01,No,0.0337,Low
15608688,France,Male,34,4,0,2,Yes,No,68343.08,No,0.0337,Low
15774258,France,Male,40,1,0,2,Yes,Yes,187343.4,No,0.0337,Low
15764153,France,Female,33,0,130499.09,2,Yes,Yes,74804.36,No,0.0337,Low
15710853,France,Female,24,5,0,2,Yes,No,116160.04,No,0.0336,Low
15653065,Spain,Female,22,7,0,2,Yes,No,104170.48,No,0.0336,Low
15610653,Spain,Female,38,5,0,2,Yes,Yes,1271.51,No,0.0336,Low
15677136,France,Female,23,5,0,2,No,No,132418.59,No,0.0336,Low
15585215,France,Female,31,4,0,2,No,No,50404.72,No,0.0335,Low
15760774,France,Female,21,1,146329.57,2,Yes,Yes,194867.27,No,0.0335,Low
15715939,France,Male,33,0,0,2,Yes,No,1474.79,No,0.0335,Low
15569572,France,Male,42,6,0,2,Yes,Yes,106197.44,No,0.0335,Low
15792004,Spain,Female,26,3,0,2,Yes,No,37697.29,No,0.0335,Low
15750243,Spain,Male,40,4,0,2,No,Yes,81622.52,No,0.0334,Low
15794253,Spain,Female,34,6,138190.13,2,No,Yes,146511.2,No,0.0334,Low
15696564,France,Male,38,0,145974.79,2,Yes,Yes,137694.23,No,0.0334,Low
15734365,France,Male,39,5,0,2,No,Yes,39891.84,No,0.0334,Low
15567147,Spain,Male,40,4,0,2,Yes,Yes,81908.09,No,0.0334,Low
15626628,Spain,Female,31,2,88161.85,2,Yes,No,127630.88,No,0.0334,Low
15575185,Spain,Male,33,5,77253.22,1,No,Yes,194239.63,No,0.0333,Low
15709324,France,Male,34,7,0,2,Yes,No,55003.79,No,0.0333,Low
15714877,France,Female,29,10,0,2,Yes,No,137508.31,No,0.0333,Low
15815236,Spain,Male,34,5,0,2,No,No,28269.86,No,0.0333,Low
15731829,France,Male,34,10,0,2,Yes,No,25662.27,No,0.0333,Low
15746805,France,Male,33,9,0,2,Yes,No,49374.82,No,0.0333,Low
15706128,France,Female,21,1,0,2,Yes,No,84008.66,No,0.0333,Low
15606861,France,Male,34,8,0,2,Yes,No,38570.13,No,0.0333,Low
15793424,Spain,Female,28,8,61274.7,2,Yes,No,136054.45,No,0.0333,Low
15604732,France,Female,30,9,0,2,No,No,136356.97,No,0.0333,Low
15761525,Spain,Female,31,10,96997.09,2,No,No,76614.04,No,0.0332,Low
15625524,France,Male,40,5,0,2,Yes,Yes,146457.83,No,0.0331,Low
15640280,France,Male,39,4,127771.35,2,No,Yes,151738.54,No,0.0331,Low
15786014,France,Male,28,5,145105.64,2,Yes,No,185489.11,No,0.0331,Low
15751531,Spain,Male,41,8,0,2,Yes,Yes,161954.43,No,0.0331,Low
15802256,France,Male,28,7,110976.23,2,Yes,No,138526.96,No,0.0331,Low
15589224,Spain,Male,41,5,0,2,No,Yes,141053.85,No,0.0331,Low
15771483,France,Male,40,6,0,2,Yes,Yes,97416.34,No,0.0331,Low
15585222,France,Male,41,8,0,2,Yes,Yes,185054.14,No,0.0331,Low
15787848,Spain,Male,30,9,113672.18,2,No,No,102135.92,No,0.0331,Low
15627377,France,Male,41,6,0,2,Yes,Yes,99136.49,No,0.0331,Low
15703106,France,Male,40,5,0,2,Yes,Yes,122488.59,No,0.0331,Low
15712772,France,Male,28,3,75381.15,1,Yes,Yes,199727.72,No,0.0331,Low
15604813,France,Male,40,7,0,2,No,Yes,158071.69,No,0.0331,Low
15663421,Spain,Male,28,6,128396.33,2,Yes,No,79919.97,No,0.0331,Low
15735106,Spain,Male,28,6,149594.02,2,Yes,No,102325.19,No,0.0331,Low
15735968,France,Male,41,10,0,2,No,Yes,97213.09,No,0.0331,Low
15711396,Spain,Male,40,8,0,2,Yes,Yes,82870.75,No,0.0331,Low
15813140,Spain,Male,41,5,0,2,No,Yes,143980.29,No,0.0331,Low
15702014,Spain,Male,33,1,56084.69,2,No,No,178798.13,No,0.033,Low
15724834,France,Female,30,1,0,2,No,No,135795.53,No,0.033,Low
15760849,France,Male,39,2,0,2,Yes,Yes,137651.6,No,0.033,Low
15764021,France,Male,34,1,61687.33,2,Yes,No,105965.25,No,0.033,Low
15654531,France,Male,22,5,82559.42,2,No,No,163112.9,Yes,0.033,Low
15766787,France,Female,35,9,0,2,Yes,Yes,70403.65,No,0.033,Low
15681758,Spain,Female,25,10,0,2,Yes,No,69361.95,No,0.0329,Low
15747222,Spain,Female,35,8,0,2,Yes,Yes,116581.1,No,0.0329,Low
15713479,France,Male,35,6,0,2,Yes,No,1485.27,No,0.0329,Low
15642709,France,Female,30,9,0,2,No,No,63158.22,No,0.0329,Low
15567246,Germany,Male,32,3,102630.13,2,Yes,Yes,127433.47,No,0.0329,Low
15662662,France,Female,30,6,0,2,Yes,No,66190.21,No,0.0329,Low
15752912,France,Female,30,7,0,2,Yes,No,72196.57,No,0.0329,Low
15665374,Spain,Female,31,5,0,2,No,No,63736.36,No,0.0329,Low
15809585,France,Male,38,7,0,2,Yes,No,1528.4,No,0.0329,Low
15803976,France,Female,31,10,0,2,Yes,No,160990.27,No,0.0328,Low
15737741,Spain,Female,33,2,108431.87,2,No,Yes,109291.39,Yes,0.0328,Low
15576162,France,Male,32,7,92199.84,1,Yes,Yes,2755.53,No,0.0328,Low
15590730,Spain,Male,34,9,0,2,Yes,No,50046.25,No,0.0328,Low
15567333,France,Female,31,7,0,2,Yes,No,170333.38,No,0.0328,Low
15684861,France,Female,32,8,0,2,No,No,185075.63,No,0.0328,Low
15782531,Spain,Female,31,8,0,2,Yes,No,188637.05,No,0.0328,Low
15771857,Spain,Male,39,7,89039.9,2,Yes,Yes,146738.83,No,0.0328,Low
15585907,Spain,Female,30,5,0,2,No,No,179066.58,No,0.0328,Low
15656717,France,Female,30,6,0,2,No,No,179206.92,No,0.0328,Low
15577988,France,Female,35,1,0,2,Yes,Yes,3342.62,No,0.0328,Low
15710111,France,Male,33,6,0,2,No,No,38550.4,No,0.0328,Low
15723658,Spain,Female,30,6,0,2,Yes,No,152417.97,No,0.0328,Low
15593683,Spain,Female,30,8,0,2,Yes,No,138465.7,No,0.0328,Low
15759805,France,Female,32,4,0,2,Yes,No,59668.81,No,0.0327,Low
15710456,France,Female,27,2,0,2,Yes,No,63495.86,No,0.0327,Low
15734491,Spain,Female,36,4,0,2,Yes,Yes,3173.31,No,0.0327,Low
15784218,Spain,Male,38,0,0,2,Yes,Yes,38015.34,No,0.0327,Low
15616954,France,Male,71,4,0,2,No,Yes,17013.54,No,0.0327,Low
15696588,France,Female,36,3,0,2,Yes,Yes,2243.41,No,0.0327,Low
15666252,Spain,Male,42,9,0,2,Yes,Yes,28714.34,No,0.0326,Low
15809616,Spain,Male,26,8,0,2,No,No,191420.71,No,0.0326,Low
15737051,France,Male,27,8,0,2,Yes,No,192247.35,No,0.0326,Low
15619708,France,Male,25,5,157993.15,2,Yes,No,146041.45,No,0.0326,Low
15612193,Spain,Male,29,10,115545.33,2,Yes,No,148256.43,No,0.0326,Low
15709396,France,Male,42,6,0,2,Yes,Yes,95804.33,No,0.0326,Low
15766869,Germany,Male,37,1,89696.84,2,Yes,Yes,193179.88,No,0.0326,Low
15720354,France,Male,71,4,0,2,Yes,Yes,197562.08,No,0.0326,Low
15577985,France,Female,34,5,112324.45,2,Yes,Yes,17993.43,No,0.0326,Low
15751549,Germany,Male,31,2,77082.65,2,No,No,13482.28,No,0.0326,Low
15761047,Germany,Male,31,2,160997.54,2,No,Yes,64831.36,No,0.0326,Low
15607485,Spain,Female,29,4,0,2,No,No,138880.24,No,0.0326,Low
15755239,Germany,Male,32,4,162657.64,2,Yes,Yes,115525.13,No,0.0326,Low
15694581,Spain,Male,42,5,0,2,Yes,Yes,74900.9,No,0.0326,Low
15728362,France,Female,29,3,0,2,Yes,No,158043.11,No,0.0326,Low
15797293,France,Female,25,3,0,2,Yes,No,179608.96,No,0.0326,Low
15723053,Germany,Male,32,8,170291.22,2,No,Yes,15658.99,No,0.0325,Low
15648735,France,Male,37,8,0,2,Yes,Yes,142.81,No,0.0325,Low
15581733,France,Female,28,4,0,2,Yes,No,177703.15,No,0.0325,Low
15726310,Spain,Female,27,3,0,2,Yes,No,143614.01,No,0.0325,Low
15694677,France,Male,39,1,0,2,Yes,Yes,141841.31,No,0.0325,Low
15642725,France,Male,32,10,114084.6,1,No,Yes,125782.29,No,0.0324,Low
15627637,Germany,Male,23,8,73314.04,2,Yes,No,63446.47,No,0.0324,Low
15798521,Spain,Male,33,3,0,2,Yes,No,45348.08,No,0.0323,Low
15576760,Germany,Male,36,5,73088.06,2,No,No,196142.26,No,0.0323,Low
15763922,France,Male,31,7,79962.92,2,Yes,No,60901.72,No,0.0323,Low
15567013,Spain,Male,33,3,0,2,Yes,No,30804.68,No,0.0323,Low
15700650,France,Male,34,3,0,2,No,No,55816.2,No,0.0323,Low
15654183,France,Female,26,3,0,2,Yes,No,67484.16,No,0.0322,Low
15660602,Germany,Male,33,8,164284.72,2,Yes,Yes,3710.34,No,0.0321,Low
15754929,France,Male,31,10,39539.39,2,No,No,192519.39,No,0.0321,Low
15625584,France,Male,32,2,120452.4,2,No,No,79602.86,No,0.0321,Low
15766663,France,Male,22,4,0,2,Yes,No,28188.96,No,0.0321,Low
15617401,France,Male,22,2,0,2,Yes,No,28123.99,No,0.0321,Low
15631813,France,Male,39,6,0,2,Yes,Yes,58883.91,No,0.032,Low
15645942,Spain,Male,40,2,0,2,Yes,Yes,164768.82,No,0.032,Low
15680370,France,Male,39,7,0,2,No,Yes,71323.23,No,0.032,Low
15656484,France,Male,40,4,0,2,Yes,Yes,140745.91,No,0.032,Low
15591360,France,Female,33,4,84607.34,2,No,Yes,60059.47,No,0.032,Low
15775433,Germany,Male,71,1,53013.29,2,Yes,Yes,112222.64,No,0.032,Low
15576269,Spain,Male,34,7,0,2,Yes,No,62030.06,No,0.0319,Low
15715667,France,Female,32,7,0,2,No,No,155227,No,0.0319,Low
15693381,Spain,Male,38,1,135289.33,2,No,Yes,152956.33,No,0.0319,Low
15777922,Spain,Male,36,1,161757.87,2,Yes,Yes,146371.72,No,0.0319,Low
15689168,Spain,Male,37,1,143407.29,2,No,Yes,84402.46,No,0.0319,Low
15576723,France,Female,37,7,0,2,Yes,Yes,194270.91,No,0.0319,Low
15756926,Germany,Male,29,1,96462.25,2,No,Yes,48986.18,No,0.0319,Low
15732265,France,Male,33,9,0,2,Yes,No,64804.59,No,0.0319,Low
15770291,France,Female,29,8,0,2,No,No,147342.03,No,0.0319,Low
15786078,France,Female,28,9,0,2,Yes,No,185821.41,No,0.0319,Low
15615473,France,Female,33,2,0,2,No,No,198208,No,0.0319,Low
15697460,Germany,Male,34,4,99441.21,2,No,Yes,4802.27,No,0.0319,Low
15681671,Germany,Male,28,2,101100.22,2,Yes,Yes,35337.31,No,0.0319,Low
15801293,Germany,Male,27,1,101278.25,2,Yes,Yes,26265.18,No,0.0319,Low
15599124,France,Female,29,5,0,2,Yes,No,178779.52,No,0.0319,Low
15802823,Spain,Female,38,7,0,2,Yes,Yes,194230.82,No,0.0319,Low
15705301,France,Male,41,6,95696.52,2,Yes,Yes,184366.14,No,0.0318,Low
15624850,France,Male,30,10,153972.89,2,Yes,No,62811.03,No,0.0318,Low
15738936,Germany,Male,29,5,103607.24,2,No,Yes,86334.64,No,0.0318,Low
15735849,France,Female,26,2,165947.99,2,No,Yes,168834.38,No,0.0318,Low
15696098,France,Female,31,10,0,2,Yes,No,13892.57,No,0.0317,Low
15575119,France,Male,71,3,0,2,Yes,Yes,146895.36,Yes,0.0317,Low
15585133,Spain,Female,27,8,0,2,No,No,6468.24,No,0.0317,Low
15812767,Spain,Male,70,3,0,2,Yes,Yes,141180.66,No,0.0317,Low
15569867,France,Female,29,8,0,2,Yes,No,19842.11,No,0.0317,Low
15737971,France,Female,30,5,0,2,Yes,No,13935.32,No,0.0317,Low
15785869,France,Female,25,7,0,2,Yes,No,30380.12,No,0.0316,Low
15752508,Germany,Male,32,7,99462.8,2,Yes,Yes,51117.06,No,0.0316,Low
15655238,France,Female,31,9,0,2,No,No,41291.73,No,0.0316,Low
15727919,Spain,Female,29,6,0,2,No,No,12048.67,No,0.0316,Low
15757821,Spain,Male,18,1,0,2,No,No,41542.95,No,0.0316,Low
15632551,Germany,Male,31,4,77743.01,2,Yes,No,75335.68,No,0.0316,Low
15777436,Spain,Female,31,5,0,2,Yes,No,9561.73,No,0.0316,Low
15568164,France,Female,34,4,71379.53,2,Yes,Yes,154000.99,No,0.0316,Low
15705085,Spain,Female,29,9,0,2,Yes,No,27359.19,No,0.0316,Low
15600280,France,Female,32,6,0,2,No,No,33606.52,No,0.0316,Low
15643523,Spain,Female,30,10,0,2,Yes,No,19500.1,No,0.0316,Low
15719294,France,Female,29,2,0,2,No,No,167773.55,No,0.0316,Low
15624188,France,Female,33,6,0,2,Yes,Yes,190686.16,No,0.0315,Low
15782236,Spain,Male,34,5,0,2,No,No,71095.41,No,0.0315,Low
15797010,France,Female,31,2,0,2,Yes,No,15200.61,No,0.0315,Low
15578307,France,Female,33,6,121685.31,2,Yes,Yes,83681.97,No,0.0315,Low
15719778,France,Female,32,1,0,2,Yes,No,9902.39,No,0.0315,Low
15771856,Spain,Female,32,1,0,2,Yes,No,19525.65,No,0.0315,Low
15712483,Spain,Female,28,4,0,2,Yes,No,10899.63,Yes,0.0315,Low
15617029,Spain,Female,30,1,0,2,Yes,No,8125.39,No,0.0315,Low
15782121,France,Female,27,2,0,2,Yes,No,14546.76,No,0.0315,Low
15641655,France,Female,26,2,0,2,No,No,50051.42,No,0.0314,Low
15640627,Spain,Male,34,4,0,2,Yes,No,170950.58,No,0.0314,Low
15773605,Spain,Female,32,3,0,2,Yes,No,46175.7,No,0.0314,Low
15588446,Spain,Male,34,3,0,2,No,No,131281.28,No,0.0314,Low
15603246,France,Male,73,2,170241.7,2,Yes,Yes,165407.96,No,0.0314,Low
15743538,France,Female,31,1,0,2,Yes,No,20081.3,No,0.0314,Low
15619801,France,Female,33,1,80107.83,2,No,Yes,82245.67,No,0.0314,Low
15805769,Spain,Male,33,4,0,2,Yes,No,116706,No,0.0314,Low
15783463,France,Female,26,1,0,2,Yes,No,45443.68,No,0.0314,Low
15793366,Germany,Male,35,7,92526.15,2,Yes,Yes,173837.54,No,0.0314,Low
15733229,Spain,Female,34,7,0,2,No,No,3946.29,No,0.0314,Low
15674991,France,Male,42,9,0,2,No,Yes,58137.42,No,0.0313,Low
15591344,Spain,Male,42,6,0,2,Yes,Yes,128745.69,No,0.0313,Low
15668893,France,Male,39,8,0,2,Yes,Yes,33949.67,No,0.0312,Low
15790683,France,Male,36,1,104077.19,2,No,Yes,68594,No,0.0312,Low
15616122,France,Male,39,8,0,2,Yes,Yes,18613.52,No,0.0312,Low
15692408,Spain,Female,35,2,0,2,Yes,Yes,1950.93,No,0.0312,Low
15801473,Germany,Male,33,2,51949.95,2,Yes,No,85045.92,No,0.0312,Low
15652658,France,Male,36,1,155176.83,2,Yes,Yes,49653.37,No,0.0312,Low
15683977,Spain,Female,72,4,0,2,Yes,Yes,50267.69,No,0.0312,Low
15634491,France,Male,30,2,176166.56,2,Yes,Yes,152210.81,No,0.0311,Low
15733602,Spain,Female,72,2,0,2,No,Yes,130853.03,No,0.0311,Low
15656249,France,Female,34,3,118307.57,2,Yes,Yes,136120.29,No,0.0311,Low
15577657,France,Male,41,8,0,2,Yes,Yes,170886.17,No,0.031,Low
15793196,France,Male,41,9,0,2,No,Yes,190294.12,No,0.031,Low
15667602,Spain,Male,33,3,0,2,Yes,No,73018.74,No,0.031,Low
15590637,France,Male,41,7,0,2,No,Yes,61018.85,No,0.031,Low
15727311,France,Female,22,0,100885.93,2,Yes,Yes,38772.65,No,0.0309,Low
15791988,France,Male,68,4,0,2,Yes,Yes,11426.7,No,0.0309,Low
15620751,France,Male,34,2,0,2,Yes,No,164162.44,No,0.0309,Low
15660611,Spain,Male,39,3,0,2,Yes,Yes,123998.52,No,0.0309,Low
15651369,France,Male,21,1,0,2,Yes,No,66232.23,No,0.0308,Low
15697045,Spain,Female,35,9,0,2,No,Yes,100556.98,No,0.0308,Low
15711249,Spain,Male,22,4,0,2,Yes,No,70007.67,No,0.0308,Low
15671973,Spain,Male,39,5,0,2,Yes,Yes,7415.96,No,0.0308,Low
15781914,Germany,Male,32,9,169947.41,2,Yes,Yes,27979.16,No,0.0308,Low
15791674,France,Female,34,10,142388.61,2,No,Yes,68393.64,Yes,0.0308,Low
15760550,Spain,Male,39,7,143637.58,2,No,Yes,174227.66,No,0.0307,Low
15604217,France,Male,34,9,0,2,No,No,14121.61,No,0.0307,Low
15727281,France,Female,27,9,0,2,Yes,No,96429.29,No,0.0307,Low
15775546,Spain,Female,29,5,0,2,Yes,No,103402.88,No,0.0307,Low
15781210,France,Male,34,8,0,2,No,No,48260.19,No,0.0307,Low
15642833,France,Female,30,8,0,2,Yes,No,128875.86,No,0.0307,Low
15792649,Spain,Female,31,9,0,2,No,No,99294.22,No,0.0307,Low
15653696,France,Female,28,9,0,2,No,No,94141.75,No,0.0307,Low
15711398,France,Female,25,6,0,2,Yes,No,89566.64,No,0.0307,Low
15789815,France,Female,28,5,0,2,Yes,No,125918.17,No,0.0307,Low
15663386,Spain,Female,26,7,0,2,Yes,No,110253.2,No,0.0307,Low
15636396,France,Female,35,7,0,2,No,Yes,193022.44,No,0.0307,Low
15592194,France,Female,28,9,0,2,Yes,No,95957.09,No,0.0307,Low
15642991,Spain,Female,29,7,0,2,Yes,No,23237.25,No,0.0307,Low
15686941,Spain,Female,26,7,0,2,Yes,No,112507.63,No,0.0307,Low
15787258,Spain,Female,29,6,0,2,Yes,No,116696.77,No,0.0307,Low
15687903,France,Female,29,8,0,2,Yes,No,112664.24,No,0.0307,Low
15582404,Spain,Female,26,5,0,2,Yes,No,119381.41,No,0.0307,Low
15670496,Spain,Female,27,9,0,2,No,No,108008.05,No,0.0307,Low
15707488,France,Female,27,5,0,2,Yes,No,131919.48,No,0.0307,Low
15768270,Spain,Female,31,9,0,2,Yes,No,112395.98,No,0.0307,Low
15613945,France,Female,26,5,0,2,Yes,No,108411.66,No,0.0307,Low
15725302,Spain,Female,20,4,0,2,Yes,No,119759.24,No,0.0307,Low
15629133,France,Female,27,9,0,2,Yes,No,126838.7,No,0.0307,Low
15627042,France,Female,26,7,0,2,Yes,No,93122.41,No,0.0307,Low
15696834,France,Female,29,5,0,2,No,No,121451.21,No,0.0307,Low
15719898,France,Male,36,7,154872.08,2,Yes,Yes,32044.64,No,0.0307,Low
15754926,France,Female,30,6,0,2,Yes,No,88827.31,No,0.0307,Low
15704795,France,Female,77,6,0,2,Yes,Yes,49054.1,No,0.0307,Low
15711015,France,Male,36,4,0,2,Yes,Yes,190911.02,No,0.0306,Low
15730688,France,Female,28,8,116755.5,2,Yes,Yes,158585.17,Yes,0.0306,Low
15794939,France,Female,72,5,121215.9,2,Yes,Yes,105206.48,No,0.0306,Low
15792726,France,Female,25,8,127974.06,2,Yes,Yes,183259.35,No,0.0306,Low
15662955,France,Male,27,8,141223.68,2,Yes,No,90591.15,No,0.0305,Low
15689237,France,Female,27,4,0,2,Yes,No,122642.09,No,0.0305,Low
15590344,Germany,Male,32,3,151691.44,2,Yes,Yes,172810.51,No,0.0305,Low
15655648,France,Female,25,2,0,2,Yes,No,123723.83,No,0.0305,Low
15734438,France,Female,29,4,0,2,Yes,No,121846.81,No,0.0305,Low
15654067,Spain,Female,29,4,0,2,Yes,No,88866.92,No,0.0305,Low
15793901,France,Female,27,2,0,2,No,No,125244.18,No,0.0305,Low
15707505,Spain,Male,31,8,125927.51,2,Yes,No,147661.47,No,0.0305,Low
15713160,Spain,Male,25,7,157228.61,2,Yes,No,124382.9,No,0.0305,Low
15758477,France,Female,32,2,0,2,Yes,No,132002.83,No,0.0305,Low
15749807,Spain,Female,31,3,0,2,Yes,No,124202.26,No,0.0305,Low
15719426,France,Male,67,8,103101.56,2,Yes,Yes,154002.02,Yes,0.0305,Low
15589401,France,Female,30,4,0,2,Yes,No,89216.29,No,0.0305,Low
15790093,France,Female,27,2,0,2,Yes,No,125451.01,No,0.0305,Low
15711288,France,Male,24,6,0,2,Yes,No,37654.31,No,0.0304,Low
15670702,France,Male,37,2,168178.21,2,No,Yes,101273.23,No,0.0304,Low
15606507,France,Male,24,5,0,2,Yes,No,27513.47,No,0.0304,Low
15787026,Germany,Male,27,0,185267.45,2,Yes,Yes,77027.34,No,0.0304,Low
15715160,France,Male,36,2,165536.28,2,Yes,Yes,123956.83,No,0.0304,Low
15676835,Spain,Male,33,1,0,2,Yes,No,168313.17,No,0.0304,Low
15625632,France,Male,36,3,121092.47,2,No,Yes,143783.46,No,0.0304,Low
15636595,Spain,Male,37,3,107592.89,2,No,Yes,153122.73,No,0.0304,Low
15758546,Spain,Male,39,8,0,2,Yes,Yes,37090.44,No,0.0304,Low
15743456,France,Female,32,10,0,2,Yes,No,60907.49,No,0.0304,Low
15779423,France,Male,39,1,70657.61,2,Yes,Yes,76476.05,No,0.0304,Low
15650237,Spain,Female,32,7,0,2,Yes,No,89520.75,No,0.0303,Low
15803457,France,Female,32,5,0,2,Yes,No,95611.47,No,0.0303,Low
15724402,France,Female,30,8,0,2,Yes,No,100557.03,No,0.0303,Low
15723028,France,Male,33,1,0,2,Yes,No,85439.73,No,0.0303,Low
15638803,Spain,Female,32,5,0,2,Yes,No,131625.14,No,0.0303,Low
15697035,Spain,Female,31,8,0,2,No,No,86657.48,No,0.0303,Low
15801924,Spain,Female,27,8,0,2,No,No,121821.16,No,0.0303,Low
15599976,France,Female,27,9,0,2,Yes,No,132734.87,No,0.0303,Low
15658435,France,Female,27,5,0,2,No,No,72969.9,No,0.0303,Low
15785798,France,Male,40,9,0,2,No,Yes,119232.33,No,0.0302,Low
15659325,Spain,Male,40,5,0,2,Yes,Yes,175043.69,No,0.0302,Low
15610002,Spain,Male,41,5,0,2,Yes,Yes,134626.3,No,0.0302,Low
15603683,Spain,Female,23,3,146584.19,2,No,No,125445.8,No,0.0302,Low
15803801,France,Male,34,4,0,2,Yes,No,198817.72,No,0.0302,Low
15734565,France,Male,29,8,0,2,Yes,No,191166.09,No,0.0301,Low
15622171,France,Male,30,8,80964.57,2,Yes,No,174738.2,No,0.0301,Low
15664759,Spain,Male,32,10,0,2,Yes,No,191545.65,No,0.0301,Low
15765192,France,Male,26,7,84006.88,2,No,No,183490.99,No,0.0301,Low
15659710,France,Male,25,5,77886.53,2,Yes,No,150319.49,No,0.0301,Low
15707144,Germany,Male,25,6,82506.72,2,Yes,No,167705.07,No,0.03,Low
15574071,Germany,Male,23,2,93301.97,2,No,Yes,127187.04,No,0.03,Low
15596962,France,Female,24,4,137295.19,2,Yes,Yes,91195.12,No,0.03,Low
15576256,France,Male,39,5,0,2,Yes,Yes,129892.93,No,0.0299,Low
15626412,Spain,Male,39,6,0,2,Yes,Yes,81409,No,0.0299,Low
15770159,Germany,Male,25,6,172812.72,2,Yes,Yes,108008.65,No,0.0299,Low
15716041,Spain,Male,39,9,0,2,No,Yes,100862.36,No,0.0299,Low
15743759,France,Male,39,5,0,2,Yes,Yes,158444.61,No,0.0299,Low
15652700,France,Male,39,6,0,2,Yes,Yes,86767.48,No,0.0299,Low
15787602,Spain,Male,39,5,0,2,Yes,Yes,129569.92,No,0.0299,Low
15652667,France,Male,39,9,0,2,Yes,Yes,104730.52,No,0.0299,Low
15582903,France,Male,39,7,0,2,Yes,Yes,170392.59,No,0.0299,Low
15777958,France,Male,39,10,0,2,Yes,Yes,170409.45,No,0.0299,Low
15697307,Spain,Male,34,10,0,2,Yes,No,79078.91,No,0.0298,Low
15767864,France,Male,33,6,0,2,No,No,184230.23,No,0.0298,Low
15612064,France,Male,33,5,0,2,Yes,No,181945.52,Yes,0.0298,Low
15704250,France,Male,34,7,0,2,No,No,115842.1,No,0.0298,Low
15782574,Spain,Male,33,6,0,2,No,No,76551.7,No,0.0298,Low
15581840,France,Male,33,8,0,2,Yes,No,138504.28,No,0.0298,Low
15764237,Spain,Male,33,9,0,2,No,No,91514.62,No,0.0298,Low
15789432,France,Male,33,6,0,2,Yes,No,184954.11,No,0.0298,Low
15707634,France,Female,32,2,108698.96,2,Yes,Yes,161069.73,No,0.0298,Low
15795129,France,Female,30,9,0,2,Yes,No,136827.96,No,0.0298,Low
15586629,France,Male,33,5,0,2,Yes,No,139947.17,No,0.0298,Low
15729454,France,Male,33,8,0,2,Yes,No,177668.55,No,0.0298,Low
15766659,Spain,Male,33,5,0,2,Yes,No,161002.29,No,0.0298,Low
15568878,Spain,Male,34,5,0,2,Yes,No,159311.46,No,0.0298,Low
15647295,France,Male,34,9,0,2,Yes,No,107876.91,No,0.0298,Low
15768746,France,Male,33,6,0,2,No,No,173680.39,No,0.0298,Low
15610936,France,Male,33,6,0,2,Yes,No,111590.35,No,0.0298,Low
15673820,France,Male,33,7,0,2,Yes,No,143450.61,No,0.0298,Low
15589200,Spain,Male,34,9,0,2,Yes,No,118749.58,No,0.0298,Low
15648638,Spain,Male,34,6,0,2,Yes,No,190347.72,No,0.0298,Low
15773098,Spain,Male,34,5,0,2,No,No,53437.1,No,0.0298,Low
15808017,France,Male,38,1,88293.13,2,Yes,Yes,24302.95,No,0.0297,Low
15787550,France,Male,69,3,0,2,Yes,Yes,58320.06,No,0.0297,Low
15700693,France,Male,68,2,0,2,Yes,Yes,59864.96,No,0.0297,Low
15650244,Spain,Male,29,7,80895.44,2,Yes,No,64945.57,No,0.0297,Low
15660101,France,Male,31,9,157120.86,2,Yes,No,141300.53,No,0.0296,Low
15704910,Spain,Male,23,3,0,2,Yes,No,13813.24,No,0.0296,Low
15725767,France,Male,23,3,0,2,Yes,No,38960.59,No,0.0296,Low
15678571,France,Male,21,4,0,2,No,No,24847.02,No,0.0296,Low
15793331,France,Male,32,5,133050.97,2,Yes,No,89385.92,No,0.0296,Low
15704466,France,Female,34,7,0,2,Yes,No,195074.62,No,0.0296,Low
15680399,France,Male,23,2,0,2,Yes,No,18364.19,No,0.0295,Low
15682618,France,Female,31,7,111855.04,2,Yes,Yes,36278.89,No,0.0294,Low
15715796,France,Male,37,0,0,2,Yes,Yes,72203.8,No,0.0294,Low
15646784,France,Female,31,2,164003.05,2,Yes,Yes,60993.23,No,0.0294,Low
15603454,Germany,Male,28,5,160454.15,2,No,Yes,114957.22,No,0.0294,Low
15739438,France,Male,30,0,0,2,Yes,No,160979.66,No,0.0293,Low
15762110,France,Male,37,0,0,2,Yes,Yes,171707.93,No,0.0293,Low
15780954,Spain,Male,26,4,65848.36,2,Yes,No,30149.21,No,0.0293,Low
15634949,Germany,Male,74,5,161434.36,2,Yes,Yes,65532.17,No,0.0293,Low
15786200,France,Male,31,4,0,2,Yes,No,53520.03,No,0.0293,Low
15773503,Spain,Male,32,4,0,2,Yes,No,53420.53,No,0.0293,Low
15630106,Spain,Male,29,2,0,2,Yes,No,55389.59,No,0.0293,Low
15596228,France,Male,29,4,0,2,Yes,No,32089.57,No,0.0293,Low
15803685,Germany,Female,77,10,76510.52,2,No,Yes,59595.66,No,0.0293,Low
15753248,France,Male,28,2,0,2,No,No,25395.83,No,0.0293,Low
15644212,Spain,Male,28,0,0,2,Yes,No,119419.37,No,0.0293,Low
15716926,France,Male,33,10,101952.97,2,Yes,No,178153.65,No,0.0293,Low
15609160,France,Male,32,1,0,2,No,No,31635.99,No,0.0293,Low
15703394,Spain,Male,27,3,0,2,Yes,No,44008.91,No,0.0293,Low
15589358,Germany,Male,31,4,90018.45,2,Yes,No,193132.98,No,0.0292,Low
15758726,France,Female,24,0,0,2,Yes,Yes,140586.08,No,0.0292,Low
15688876,Spain,Male,39,9,0,2,Yes,Yes,18826.06,No,0.0292,Low
15670343,Spain,Male,19,6,0,2,No,No,72306.07,No,0.0292,Low
15619892,Spain,Male,18,8,0,2,Yes,No,59172.42,No,0.0292,Low
15698927,France,Male,39,7,0,2,No,Yes,36267.21,No,0.0292,Low
15662532,Germany,Male,31,8,149085.9,2,Yes,Yes,197077.36,No,0.0291,Low
15775042,France,Female,23,4,0,2,Yes,No,196476.19,No,0.0291,Low
15762799,Germany,Male,23,0,187861.18,2,Yes,Yes,104120.17,No,0.0291,Low
15617866,Spain,Male,67,5,119785.47,2,Yes,Yes,107534.32,No,0.029,Low
15733303,France,Male,67,5,0,2,Yes,Yes,27330.27,No,0.029,Low
15728564,France,Male,41,6,0,2,No,Yes,134158.09,Yes,0.029,Low
15680197,France,Male,41,10,0,2,Yes,Yes,146257.77,No,0.029,Low
15617304,France,Male,40,6,0,2,Yes,Yes,111893.09,No,0.029,Low
15658032,France,Male,39,2,0,2,Yes,Yes,82526.92,No,0.0289,Low
15757001,France,Female,32,2,79368.87,2,Yes,Yes,145471.94,No,0.0289,Low
15697702,Spain,Male,29,2,0,2,Yes,No,14174.09,No,0.0289,Low
15764927,France,Male,92,3,121513.31,1,No,Yes,195563.99,No,0.0289,Low
15576680,France,Male,29,4,0,2,No,No,51705.01,No,0.0289,Low
15708193,France,Male,33,2,0,2,No,No,130866.95,No,0.0289,Low
15723153,Spain,Male,33,3,0,2,Yes,No,138613.21,No,0.0289,Low
15622192,Spain,Male,39,3,0,2,No,Yes,95562.81,No,0.0289,Low
15671789,France,Male,31,3,94263.91,2,Yes,No,168895.06,No,0.0288,Low
15714431,France,Male,37,1,100443.36,2,No,Yes,101693.73,No,0.0288,Low
15637354,France,Female,24,7,148167.83,2,Yes,Yes,109470.34,No,0.0288,Low
15737173,Spain,Male,24,3,0,2,Yes,No,76390.01,No,0.0287,Low
15767954,Germany,Female,28,3,81623.67,2,Yes,Yes,156791.36,No,0.0287,Low
15685150,Germany,Male,28,7,167658.33,2,Yes,Yes,111138.25,No,0.0287,Low
15636756,France,Male,23,2,0,2,Yes,No,189613.12,No,0.0287,Low
15744105,France,Female,28,3,109118.05,2,No,Yes,50911.41,No,0.0287,Low
15757837,Germany,Male,33,3,88311.48,2,Yes,Yes,177651.38,No,0.0287,Low
15626141,France,Female,26,1,151510.17,2,Yes,Yes,19921.72,No,0.0287,Low
15702175,France,Female,29,4,148654.84,2,Yes,Yes,28805.09,No,0.0287,Low
15613734,France,Female,33,6,84719.13,2,Yes,Yes,113048.79,No,0.0287,Low
15704581,Germany,Male,34,2,87967.42,2,No,Yes,156309.52,No,0.0287,Low
15807221,Spain,Male,21,1,0,2,No,No,103901.35,No,0.0287,Low
15645569,Spain,Female,26,7,123709.46,2,Yes,Yes,169654.57,No,0.0286,Low
15778915,France,Female,32,7,128551.36,2,No,Yes,189402.71,No,0.0286,Low
15752915,France,Female,34,2,0,2,Yes,Yes,181270.84,No,0.0286,Low
15646168,Spain,Male,33,5,0,2,Yes,No,66285.18,No,0.0286,Low
15808621,Germany,Male,36,2,76190.48,2,Yes,Yes,149066.14,No,0.0285,Low
15781495,France,Female,22,2,126362.57,2,Yes,Yes,97382.8,No,0.0285,Low
15719541,Spain,Male,31,2,90826.27,2,Yes,No,60270.87,No,0.0285,Low
15712287,France,Female,80,4,0,2,Yes,Yes,188603.07,No,0.0284,Low
15736879,France,Male,23,1,0,2,No,No,66088.83,No,0.0284,Low
15796721,France,Male,38,3,145018.49,2,Yes,Yes,126702.41,No,0.0284,Low
15586974,France,Male,39,10,0,2,Yes,Yes,98894.64,No,0.0284,Low
15598892,France,Male,30,4,73070.18,2,No,No,161671.15,No,0.0284,Low
15660980,Spain,Male,38,6,115702.67,2,Yes,Yes,25059.05,No,0.0284,Low
15656300,France,Male,29,0,59697.17,2,Yes,Yes,53483.21,No,0.0283,Low
15692583,France,Female,32,5,0,2,Yes,No,90284.47,No,0.0283,Low
15692259,France,Female,29,9,0,2,Yes,No,111565.45,No,0.0283,Low
15678333,France,Female,26,7,0,2,Yes,No,86619.77,No,0.0283,Low
15605673,Spain,Female,29,8,0,2,No,No,78616.92,No,0.0283,Low
15645059,France,Female,28,8,0,2,No,No,105159.89,No,0.0283,Low
15611088,France,Female,31,9,0,2,Yes,No,84126.75,No,0.0282,Low
15788676,Spain,Male,38,8,71460.67,2,Yes,Yes,10074.05,No,0.0282,Low
15631072,France,Male,38,1,94456,2,No,Yes,55034.02,No,0.0282,Low
15699047,France,Female,21,9,120150.39,2,Yes,Yes,33964.03,No,0.0282,Low
15644977,France,Female,31,5,0,2,Yes,No,92647.94,No,0.0282,Low
15566292,Spain,Male,36,1,0,2,No,Yes,71709.12,No,0.0281,Low
15654463,France,Male,34,4,0,2,Yes,No,141582.66,No,0.0281,Low
15775294,France,Female,31,2,0,2,Yes,No,91829.17,Yes,0.0281,Low
15762543,France,Female,32,1,0,2,Yes,No,126188.42,No,0.0281,Low
15767626,France,Male,42,10,0,2,Yes,Yes,3797.79,No,0.0281,Low
15643819,France,Female,25,4,0,2,No,No,82500.84,No,0.0281,Low
15569945,Spain,Male,29,1,0,2,Yes,No,69113.14,No,0.0281,Low
15779886,Spain,Male,24,7,0,2,No,No,16319.56,No,0.0281,Low
15581968,France,Female,33,1,0,2,Yes,Yes,174431.01,No,0.0281,Low
15609356,France,Female,25,1,0,2,No,No,87803.32,No,0.0281,Low
15696120,Spain,Female,30,2,0,2,Yes,No,115650.63,No,0.0281,Low
15670163,France,Female,27,4,0,2,No,No,88751.45,No,0.0281,Low
15780966,France,Female,32,2,0,2,No,No,109681.29,No,0.0281,Low
15682834,Spain,Female,35,4,40169.88,2,Yes,Yes,199857.47,No,0.028,Low
15608387,France,Female,29,4,0,2,Yes,No,103372.79,No,0.028,Low
15682728,France,Female,32,4,0,2,No,No,114899.13,No,0.028,Low
15710138,Spain,Male,39,6,0,2,No,Yes,63889.1,No,0.028,Low
15725076,Spain,Female,27,6,107751.68,2,Yes,Yes,33389.42,No,0.028,Low
15627027,France,Male,39,5,0,2,Yes,Yes,114388.98,No,0.028,Low
15611325,Germany,Male,24,9,57929.81,2,No,No,53134.3,No,0.0279,Low
15685829,France,Male,37,3,0,2,Yes,Yes,50578.4,No,0.0279,Low
15805104,France,Female,73,6,0,2,No,Yes,107867.38,No,0.0279,Low
15734892,Spain,Male,37,4,0,2,Yes,Yes,32246.63,No,0.0279,Low
15727198,Germany,Female,28,2,64808.32,2,No,No,78591.15,No,0.0279,Low
15655774,France,Male,27,7,0,2,Yes,No,51285.49,No,0.0278,Low
15576623,France,Male,31,5,0,2,Yes,No,31474.27,No,0.0278,Low
15801277,France,Female,31,2,112212.14,2,Yes,Yes,181600.72,No,0.0278,Low
15798906,France,Male,69,5,0,2,Yes,Yes,181964.6,No,0.0278,Low
15623644,Spain,Male,29,7,0,2,Yes,No,49361.84,No,0.0278,Low
15585455,France,Male,28,9,0,2,No,No,32599.35,No,0.0278,Low
15614778,France,Male,31,6,0,2,Yes,No,26149.25,No,0.0278,Low
15812850,Spain,Male,67,5,0,2,Yes,Yes,85890.16,No,0.0278,Low
15727041,France,Male,71,7,0,2,Yes,Yes,108841.83,No,0.0278,Low
15646351,Spain,Male,27,7,0,2,Yes,No,28823.04,No,0.0278,Low
15792029,France,Male,32,6,0,2,Yes,No,56139.09,No,0.0278,Low
15693817,Spain,Male,28,5,0,2,Yes,No,48382.4,No,0.0278,Low
15795079,Spain,Male,67,6,0,2,Yes,Yes,138350.74,No,0.0278,Low
15749688,France,Male,32,8,0,2,No,No,40889.14,No,0.0278,Low
15748616,France,Male,27,5,0,2,Yes,No,30546.4,No,0.0278,Low
15580805,France,Male,27,10,0,2,Yes,No,51620.94,No,0.0278,Low
15683483,Spain,Male,38,3,127117.8,2,Yes,Yes,174822.74,No,0.0277,Low
15666453,Germany,Female,29,4,78885.88,2,Yes,Yes,26927.69,No,0.0277,Low
15568240,Germany,Female,30,10,77168.87,2,No,Yes,146700.22,No,0.0276,Low
15596713,France,Male,37,7,165896.22,2,Yes,Yes,66977.68,No,0.0276,Low
15757473,France,Female,27,7,158786.67,2,No,Yes,47579.25,No,0.0276,Low
15609618,Germany,Male,28,9,154475.54,2,No,Yes,101300.94,Yes,0.0275,Low
15739803,Spain,Male,34,9,0,2,Yes,No,127569.8,No,0.0275,Low
15709737,France,Male,36,7,161064.64,2,No,Yes,84294.82,No,0.0275,Low
15599660,France,Male,36,6,116229.85,2,Yes,Yes,79633.38,No,0.0275,Low
15645543,France,Female,34,3,0,2,Yes,Yes,44756.25,No,0.0275,Low
15623430,France,Male,34,9,0,2,Yes,No,161800.77,No,0.0275,Low
15726358,France,Male,34,7,0,2,No,No,130686.59,No,0.0275,Low
15671804,Spain,Male,36,8,146943.38,2,Yes,Yes,130041.45,No,0.0275,Low
15585599,France,Female,34,8,0,2,No,Yes,141872.52,No,0.0275,Low
15669606,France,Male,33,5,0,2,Yes,No,138017.68,No,0.0275,Low
15624611,Spain,Male,37,8,128650.11,2,Yes,Yes,163641.53,No,0.0275,Low
15814940,Spain,Female,33,9,0,2,Yes,Yes,150475.14,No,0.0275,Low
15750921,France,Male,37,5,105843.26,2,Yes,Yes,84908.2,No,0.0275,Low
15566380,Spain,Female,33,10,66948.67,2,Yes,Yes,140759.03,No,0.0275,Low
15800482,Spain,Female,33,7,0,2,Yes,Yes,168261.4,No,0.0275,Low
15815645,France,Male,37,8,152303.66,2,Yes,Yes,175082.2,No,0.0275,Low
15749365,France,Female,34,8,0,2,No,Yes,145601.8,No,0.0275,Low
15679804,France,Male,36,5,117559.05,2,Yes,Yes,111573.3,No,0.0275,Low
15682454,France,Female,34,3,0,2,Yes,Yes,37870.29,No,0.0275,Low
15578977,France,Male,34,9,0,2,Yes,No,144517.19,No,0.0274,Low
15770030,Spain,Female,28,3,0,2,Yes,Yes,192449.02,No,0.0274,Low
15599956,France,Male,27,10,0,2,No,No,13007.89,No,0.0274,Low
15640953,France,Female,26,2,107508.93,2,Yes,Yes,120801.65,No,0.0274,Low
15658459,Spain,Male,33,10,0,2,Yes,No,162022.47,No,0.0274,Low
15736274,France,Male,31,8,0,2,No,No,17550.49,No,0.0274,Low
15586996,France,Female,76,7,0,2,No,Yes,188772.45,No,0.0274,Low
15715394,Spain,Male,35,4,123557.65,2,No,Yes,170903.4,No,0.0274,Low
15801863,France,Female,32,2,136555.01,2,Yes,Yes,129353.21,No,0.0274,Low
15693704,France,Female,24,6,114948.76,2,No,Yes,135768.25,No,0.0274,Low
15668767,France,Male,36,3,0,2,Yes,No,195033.07,No,0.0274,Low
15757188,Spain,Female,26,4,153455.72,2,Yes,Yes,82696.84,No,0.0274,Low
15661656,France,Male,38,2,91902.56,2,Yes,Yes,107673.35,No,0.0274,Low
15806420,France,Male,34,9,0,2,Yes,No,170980.86,No,0.0274,Low
15767821,France,Male,31,6,102016.72,2,No,No,80181.12,No,0.0273,Low
15778157,Spain,Male,27,8,90721.52,2,Yes,No,109296.18,No,0.0273,Low
15641490,Germany,Female,25,8,69385.17,2,Yes,No,87834.24,No,0.0273,Low
15581332,Germany,Female,30,1,83173.98,2,Yes,Yes,184259.6,No,0.0273,Low
15702434,France,Female,30,3,0,2,Yes,No,116692.8,No,0.0273,Low
15684484,France,Male,22,8,0,2,No,No,127587.22,No,0.0272,Low
15745621,Spain,Female,32,6,118879.35,2,Yes,Yes,19131.71,No,0.0272,Low
15697283,Spain,Male,23,8,0,2,Yes,No,112124.98,No,0.0272,Low
15643824,France,Male,33,0,132255.99,2,No,Yes,74588.41,No,0.0272,Low
15643438,France,Male,20,7,0,2,Yes,No,31288.77,No,0.0272,Low
15617617,Spain,Male,39,7,0,2,Yes,Yes,177519.39,No,0.0272,Low
15775234,France,Male,24,8,0,2,No,No,92612.88,No,0.0272,Low
15594084,France,Male,22,9,0,2,Yes,No,74405.34,No,0.0272,Low
15813894,Spain,Male,21,9,0,2,No,No,154882.79,No,0.0272,Low
15761506,Spain,Male,19,5,0,2,Yes,No,159920.92,No,0.0272,Low
15649793,France,Male,20,7,0,2,No,No,187638.34,No,0.0272,Low
15734948,Spain,Male,24,7,0,2,No,No,144660.42,No,0.0272,Low
15673907,France,Male,20,8,0,2,No,No,112572.02,No,0.0272,Low
15717643,France,Female,34,6,90425.15,2,Yes,Yes,11597.69,No,0.0272,Low
15630349,Spain,Male,23,5,0,2,Yes,No,117832.39,No,0.0272,Low
15759872,France,Male,22,9,0,2,Yes,No,157072.91,No,0.0272,Low
15762803,France,Male,31,3,0,2,Yes,No,15360.91,No,0.0271,Low
15736431,Spain,Male,27,2,0,2,Yes,No,22404.64,No,0.0271,Low
15601503,Spain,Male,28,4,0,2,No,No,6947.09,No,0.0271,Low
15649359,France,Male,36,1,0,2,No,Yes,17135.6,No,0.0271,Low
15805254,Spain,Female,75,10,0,2,Yes,Yes,114675.75,No,0.027,Low
15634719,France,Male,31,0,0,2,Yes,No,183038.33,No,0.027,Low
15622494,France,Male,27,2,0,2,No,No,26229.24,No,0.027,Low
15717138,Spain,Male,31,6,82613.56,2,Yes,No,149170.92,No,0.027,Low
15620372,Spain,Male,31,3,0,2,No,No,48228.1,No,0.027,Low
15722322,Spain,Female,78,2,0,2,No,Yes,188435.38,No,0.027,Low
15738487,France,Male,26,3,0,2,Yes,No,4989.33,No,0.027,Low
15720110,France,Male,32,2,117265.21,1,Yes,Yes,198317.23,No,0.027,Low
15796617,France,Male,29,2,0,2,Yes,No,39925.52,No,0.027,Low
15798084,France,Male,26,0,0,2,Yes,No,105784.85,No,0.027,Low
15666559,Germany,Male,23,8,197715.93,2,Yes,Yes,116124.28,No,0.0269,Low
15613292,France,Male,21,8,0,2,Yes,No,68666.63,No,0.0269,Low
15589329,France,Male,30,4,0,2,Yes,No,49337.84,No,0.0269,Low
15648064,France,Male,33,2,0,2,Yes,No,2010.98,No,0.0268,Low
15704746,Spain,Male,35,2,167455.66,2,Yes,Yes,55324.49,No,0.0268,Low
15766667,Spain,Male,36,2,102989.83,2,No,Yes,49185.57,No,0.0268,Low
15731553,France,Male,23,8,0,2,Yes,No,183284.53,No,0.0268,Low
15768495,France,Female,32,8,110923.15,2,Yes,Yes,161845.81,Yes,0.0268,Low
15660422,France,Male,28,7,0,2,Yes,No,73977.23,No,0.0267,Low
15601008,France,Male,33,8,0,2,Yes,No,143706.18,No,0.0267,Low
15730735,France,Male,38,9,72286.84,2,Yes,Yes,26136.89,No,0.0267,Low
15733883,France,Male,28,7,0,2,No,No,58595.64,No,0.0267,Low
15760570,France,Male,32,5,0,2,Yes,No,59249.83,No,0.0267,Low
15639217,France,Male,34,6,0,2,No,No,100809.99,No,0.0267,Low
15580227,France,Male,33,6,0,2,Yes,No,115676.61,No,0.0267,Low
15709653,France,Male,32,8,0,2,Yes,No,67364.42,No,0.0267,Low
15700656,France,Male,32,9,0,2,No,No,65089.38,No,0.0267,Low
15638068,Spain,Male,32,7,0,2,Yes,No,67926.18,No,0.0267,Low
15676810,France,Female,31,1,81480.27,2,Yes,Yes,65234.6,No,0.0267,Low
15807989,Germany,Male,37,8,73179.34,2,Yes,Yes,25292.53,No,0.0265,Low
15600173,France,Female,33,9,0,2,Yes,Yes,41447.86,No,0.0265,Low
15763431,France,Male,36,2,82275.35,2,Yes,Yes,93249.26,No,0.0264,Low
15578980,Spain,Female,33,3,0,2,Yes,Yes,58685.59,No,0.0264,Low
15775803,Spain,Male,41,1,0,2,No,Yes,193093.77,No,0.0264,Low
15608230,France,Male,23,1,0,2,Yes,No,91573.19,No,0.0264,Low
15709004,Germany,Male,22,5,93547.23,2,No,Yes,961.57,No,0.0264,Low
15668142,France,Male,37,3,77608.46,2,Yes,Yes,175373.46,No,0.0264,Low
15768777,Spain,Female,34,4,0,2,Yes,Yes,60688.38,No,0.0264,Low
15632446,France,Male,24,4,0,2,No,No,180329.83,No,0.0264,Low
15621031,Spain,Male,27,8,0,2,Yes,No,63297.7,No,0.0263,Low
15656263,Spain,Male,29,5,0,2,Yes,No,65868.28,No,0.0263,Low
15625494,France,Female,32,9,125321.84,2,Yes,Yes,130234.63,No,0.0263,Low
15722583,Spain,Female,29,6,157576.47,2,Yes,Yes,101102.39,No,0.0263,Low
15570947,Spain,Female,29,7,143330.56,2,Yes,Yes,126396.01,No,0.0263,Low
15786789,France,Female,29,6,0,2,Yes,Yes,190776.83,No,0.0263,Low
15810432,Spain,Male,35,8,0,2,Yes,No,167155.36,No,0.0262,Low
15746902,Spain,Male,38,9,0,2,Yes,No,88225.02,No,0.0262,Low
15603203,France,Female,27,6,0,2,Yes,No,1002.39,No,0.0262,Low
15686436,Spain,Male,32,4,0,2,Yes,No,167848.02,No,0.0262,Low
15616330,France,Male,31,4,0,2,Yes,No,189995.86,No,0.0262,Low
15600992,France,Male,36,1,0,2,Yes,Yes,151314.98,No,0.0262,Low
15610765,France,Male,29,1,0,2,No,No,155639.76,No,0.0262,Low
15662434,France,Male,25,3,0,2,No,No,187048.72,No,0.0262,Low
15694288,Spain,Male,28,3,0,2,Yes,No,170661.02,No,0.0262,Low
15780572,Spain,Male,30,4,0,2,Yes,No,120736.04,No,0.0262,Low
15575247,France,Male,30,1,0,2,Yes,No,126812.85,No,0.0262,Low
15729836,Spain,Male,32,1,0,2,Yes,No,183289.22,No,0.0262,Low
15698294,Spain,Male,31,1,0,2,Yes,No,135382.23,No,0.0262,Low
15620758,Spain,Male,30,4,0,2,Yes,No,129149.06,No,0.0262,Low
15627999,Spain,Male,30,3,0,2,Yes,No,83090.35,No,0.0262,Low
15710397,France,Male,26,4,0,2,Yes,No,147600.54,No,0.0262,Low
15715877,France,Male,28,2,0,2,Yes,No,46072.52,No,0.0262,Low
15775116,France,Male,31,3,0,2,No,No,89040.61,No,0.0262,Low
15612444,France,Male,29,3,0,2,Yes,No,146090.38,No,0.0262,Low
15592197,Spain,Male,30,3,0,2,Yes,No,145490.85,No,0.0262,Low
15807473,France,Male,38,1,0,2,Yes,Yes,95153.24,No,0.0262,Low
15688395,France,Male,29,4,0,2,No,No,156153.27,No,0.0262,Low
15813363,Spain,Male,25,2,0,2,No,No,95215.73,No,0.0262,Low
15660528,Spain,Male,27,4,0,2,Yes,No,99341.87,No,0.0262,Low
15699294,France,Male,30,1,0,2,No,No,88146.86,No,0.0262,Low
15765048,France,Male,30,3,0,2,Yes,No,170307.43,No,0.0262,Low
15704651,France,Male,26,1,0,2,No,No,121551.93,No,0.0262,Low
15731865,France,Male,27,1,0,2,Yes,No,91291.2,No,0.0262,Low
15718064,Spain,Male,29,2,0,2,No,No,117173.8,No,0.0262,Low
15616172,France,Male,31,2,0,2,Yes,No,8222.96,No,0.0262,Low
15793726,France,Female,79,0,0,2,No,Yes,170968.99,No,0.0261,Low
15669516,Spain,Male,36,2,0,2,Yes,Yes,16436.56,No,0.0261,Low
15631054,France,Female,24,1,0,2,Yes,Yes,180969.55,No,0.0261,Low
15672704,France,Female,24,4,0,2,Yes,No,193518.76,No,0.0261,Low
15705885,Spain,Male,36,2,0,2,Yes,Yes,45570.84,No,0.0261,Low
15710161,France,Female,34,2,0,2,Yes,Yes,171706.66,No,0.0261,Low
15571244,Spain,Female,33,3,0,2,No,Yes,141426.78,No,0.0261,Low
15707138,Spain,Male,39,5,0,2,Yes,Yes,100060.54,No,0.0261,Low
15631201,Spain,Female,28,4,0,2,Yes,No,1801.77,No,0.026,Low
15660866,France,Female,29,3,0,2,Yes,No,2743.69,No,0.026,Low
15797204,Spain,Female,28,3,113811.85,2,No,Yes,76844.23,No,0.026,Low
15680901,France,Female,34,6,97435.85,2,Yes,Yes,104331.76,No,0.026,Low
15753754,Spain,Female,34,1,0,2,Yes,Yes,97932.68,No,0.0259,Low
15626474,France,Female,31,1,0,2,Yes,No,4802.25,No,0.0259,Low
15594305,France,Female,32,1,0,2,Yes,No,1703.58,No,0.0259,Low
15682757,France,Male,30,3,0,2,Yes,No,107640.25,No,0.0258,Low
15801548,France,Female,31,7,144162.3,2,Yes,Yes,14490.79,No,0.0258,Low
15714634,France,Male,26,4,89900.24,2,Yes,No,175477.03,No,0.0258,Low
15630709,Germany,Female,31,2,56116.3,2,No,No,2181.94,No,0.0258,Low
15694300,France,Male,26,4,0,2,Yes,No,135394.62,No,0.0258,Low
15672826,France,Female,32,10,112536.57,2,Yes,Yes,34350.54,No,0.0258,Low
15604093,France,Male,34,4,165363.31,2,Yes,Yes,25744.13,Yes,0.0258,Low
15720725,France,Male,28,2,0,2,Yes,No,167909.52,No,0.0258,Low
15633608,France,Male,33,2,146193.6,2,Yes,Yes,55796.83,Yes,0.0258,Low
15659949,France,Male,31,1,96399.31,2,Yes,No,106534.15,No,0.0258,Low
15629117,France,Male,28,10,0,2,Yes,No,19834.32,No,0.0257,Low
15803764,France,Male,28,7,0,2,Yes,No,7797.01,No,0.0257,Low
15599268,Spain,Male,32,5,0,2,Yes,No,10956.82,No,0.0257,Low
15757931,France,Male,24,3,0,2,Yes,No,173195.33,No,0.0257,Low
15806307,France,Male,37,3,0,2,Yes,Yes,20603.32,No,0.0257,Low
15636658,France,Male,36,2,0,2,Yes,Yes,12067.39,No,0.0257,Low
15778947,France,Male,36,3,0,2,Yes,Yes,8742.91,No,0.0257,Low
15759290,Spain,Male,29,9,0,2,Yes,No,13133.88,No,0.0257,Low
15625141,Spain,Male,26,7,0,2,No,No,6139.74,No,0.0257,Low
15735837,Spain,Male,36,3,0,2,Yes,Yes,8559.66,No,0.0257,Low
15728082,Spain,Male,28,6,0,2,Yes,No,14665.28,No,0.0257,Low
15592451,France,Male,32,9,0,2,Yes,No,5388.3,No,0.0257,Low
15585466,France,Male,29,10,0,2,Yes,No,12186.83,No,0.0257,Low
15606552,France,Male,37,9,105261.76,2,Yes,Yes,149503.54,No,0.0257,Low
15725166,France,Male,30,8,0,2,Yes,No,33159.37,No,0.0256,Low
15782219,Spain,Male,29,9,0,2,Yes,No,50679.48,No,0.0256,Low
15579062,France,Male,32,9,0,2,No,No,30807.02,No,0.0256,Low
15766163,France,Male,38,1,0,2,No,Yes,35644.79,No,0.0256,Low
15682084,France,Male,31,9,0,2,Yes,No,36145.53,No,0.0256,Low
15722479,France,Male,37,1,0,2,No,Yes,6035.51,No,0.0256,Low
15616029,France,Male,32,7,0,2,Yes,No,7921.57,No,0.0256,Low
15750441,France,Male,36,5,81210.72,2,No,Yes,108003.38,No,0.0256,Low
15761717,France,Male,26,10,51962.91,2,Yes,No,45507.24,No,0.0256,Low
15626385,Spain,Female,33,10,103121.33,2,Yes,Yes,49672.01,No,0.0255,Low
15717706,France,Female,32,3,106045.92,2,Yes,Yes,17938,No,0.0255,Low
15662500,Spain,Male,32,9,0,2,Yes,No,10604.48,No,0.0255,Low
15566269,France,Male,25,5,0,2,Yes,No,47307.9,No,0.0255,Low
15720463,France,Male,30,2,137262.71,2,Yes,No,62905.29,No,0.0255,Low
15662901,France,Male,37,2,0,2,No,Yes,67840.81,No,0.0254,Low
15814553,France,Female,34,5,68999.66,2,Yes,Yes,66879.27,No,0.0254,Low
15681439,Germany,Male,25,10,60205.2,2,Yes,No,14073.11,No,0.0254,Low
15584288,France,Female,33,6,0,2,Yes,Yes,59129.72,No,0.0254,Low
15603883,France,Male,36,4,0,2,Yes,Yes,8037.03,No,0.0254,Low
15756901,France,Female,26,4,91547.84,2,No,Yes,28157.34,No,0.0253,Low
15578006,France,Female,85,10,0,2,Yes,Yes,116537.96,No,0.0253,Low
15671172,France,Male,23,1,106012.2,2,No,Yes,191415.94,No,0.0253,Low
15701200,France,Male,36,6,0,2,Yes,Yes,48314,No,0.0252,Low
15717935,France,Female,21,3,0,2,No,Yes,55601.44,No,0.0252,Low
15763613,France,Male,30,1,0,2,Yes,No,199464.08,No,0.0252,Low
15569917,Spain,Male,30,6,87609.68,2,No,No,137674.55,Yes,0.0252,Low
15604348,Spain,Male,22,8,0,2,No,No,99645.04,No,0.0251,Low
15566594,Spain,Male,23,10,0,2,No,No,129590.18,No,0.0251,Low
15713644,Spain,Male,22,5,0,2,Yes,No,158974.45,No,0.0251,Low
15628523,France,Female,24,3,0,2,Yes,Yes,198161.07,No,0.0251,Low
15619465,Spain,Female,24,2,0,2,No,Yes,197866.55,No,0.0251,Low
15581102,France,Female,22,8,0,2,No,Yes,142670.61,No,0.0251,Low
15804822,France,Female,31,4,0,2,Yes,No,4798.12,No,0.0251,Low
15593468,France,Female,33,3,0,2,Yes,Yes,11159.19,No,0.0251,Low
15624072,Spain,Male,22,10,0,2,Yes,No,176163.74,No,0.0251,Low
15578073,Spain,Male,22,8,0,2,No,No,142331.85,No,0.0251,Low
15656286,France,Male,33,0,0,2,No,No,178122.71,No,0.0251,Low
15708713,France,Male,35,3,0,2,Yes,Yes,36249.76,No,0.0251,Low
15739997,France,Female,23,2,94464.81,2,No,Yes,185900.88,No,0.0251,Low
15667896,France,Male,37,8,151226.18,2,Yes,Yes,136129.49,No,0.025,Low
15585595,France,Female,28,1,71264.02,2,No,Yes,68759.57,No,0.025,Low
15670481,France,Female,27,9,122550.05,2,No,Yes,137835.82,No,0.025,Low
15612109,France,Male,38,9,122334.26,2,Yes,Yes,181507.44,No,0.025,Low
15602554,France,Female,31,9,114519.57,2,No,Yes,79222.02,No,0.025,Low
15711352,France,Female,31,3,162701.65,2,Yes,Yes,126794.56,No,0.025,Low
15598614,Spain,Male,20,8,0,2,Yes,No,168152.76,No,0.025,Low
15654506,France,Male,32,8,0,2,Yes,No,95857.18,No,0.0249,Low
15679200,Spain,Male,29,9,61710.44,2,Yes,No,128077.8,No,0.0249,Low
15573318,France,Male,26,8,0,2,Yes,No,166031.08,No,0.0249,Low
15811773,France,Male,36,4,0,2,Yes,Yes,141210.5,No,0.0249,Low
15738181,France,Male,31,6,67996.23,2,No,No,50129.87,Yes,0.0249,Low
15693814,Spain,Male,25,7,0,2,Yes,No,18461.9,No,0.0249,Low
15590476,France,Male,28,7,0,2,Yes,No,151645.96,No,0.0249,Low
15668445,France,Male,37,2,0,2,Yes,Yes,86372.24,No,0.0249,Low
15789546,Spain,Male,28,8,0,2,Yes,No,126561.07,No,0.0249,Low
15667134,France,Male,32,8,0,2,No,No,133292.94,No,0.0249,Low
15603216,France,Male,25,7,0,2,Yes,No,102083.78,No,0.0249,Low
15661219,France,Male,32,10,0,2,Yes,No,103287.62,No,0.0249,Low
15677377,Spain,Male,37,3,0,2,Yes,Yes,78915.68,No,0.0249,Low
15662865,Spain,Male,36,1,0,2,No,Yes,84927.42,No,0.0249,Low
15684367,Spain,Male,27,5,0,2,No,No,96398.51,No,0.0249,Low
15642093,France,Male,30,7,0,2,Yes,No,153566.97,No,0.0249,Low
15616240,Spain,Male,37,4,0,2,Yes,Yes,164844.37,No,0.0249,Low
15634310,France,Male,30,6,0,2,Yes,No,180598.86,No,0.0249,Low
15718789,France,Male,30,5,0,2,Yes,No,75786.55,No,0.0249,Low
15757588,France,Male,30,9,0,2,No,No,100995.68,No,0.0249,Low
15619238,Spain,Male,29,8,0,2,Yes,No,156125.72,No,0.0249,Low
15722425,France,Male,32,9,0,2,Yes,No,111340.36,No,0.0249,Low
15752409,France,Male,31,6,0,2,No,No,124596.63,No,0.0249,Low
15763515,France,Male,30,5,0,2,Yes,No,162523.66,No,0.0249,Low
15750671,Spain,Male,31,6,0,2,Yes,No,168462.26,No,0.0249,Low
15758510,France,Male,26,6,0,2,No,No,152491.22,No,0.0249,Low
15683118,France,Male,32,9,0,2,Yes,No,138889.15,No,0.0249,Low
15760851,France,Male,31,6,0,2,Yes,No,93881.75,No,0.0249,Low
15585867,Spain,Male,36,2,0,2,No,Yes,125557.95,No,0.0249,Low
15745826,France,Male,37,3,0,2,Yes,Yes,180012.39,No,0.0249,Low
15783083,France,Male,27,9,0,2,Yes,No,161344.13,No,0.0249,Low
15614054,France,Male,36,1,0,2,No,Yes,121505.61,No,0.0249,Low
15647207,France,Male,26,7,0,2,Yes,No,98463.99,No,0.0249,Low
15693752,France,Male,37,2,0,2,Yes,Yes,126722.57,No,0.0249,Low
15665943,France,Male,25,6,0,2,Yes,No,119425.94,No,0.0249,Low
15773394,France,Male,38,3,0,2,Yes,Yes,79928.41,No,0.0249,Low
15679928,France,Female,31,2,84102.11,2,No,Yes,116385.24,No,0.0249,Low
15586699,France,Male,32,9,0,2,No,No,9751.03,No,0.0249,Low
15744423,France,Male,32,5,0,2,Yes,No,84871.99,No,0.0249,Low
15752588,France,Male,36,1,0,2,Yes,Yes,95372.64,No,0.0249,Low
15717307,France,Male,31,5,0,2,Yes,No,93713.13,No,0.0249,Low
15580623,Spain,Male,28,8,0,2,No,No,77660.03,No,0.0249,Low
15643330,France,Male,37,2,0,2,No,Yes,95864.5,No,0.0249,Low
15698462,France,Male,36,4,0,2,Yes,Yes,132798.78,No,0.0249,Low
15721383,Spain,Male,40,10,0,2,Yes,Yes,194792.42,No,0.0249,Low
15629793,Spain,Male,28,8,156823.7,2,Yes,No,198251.52,No,0.0249,Low
15648032,Spain,Male,37,2,0,2,No,Yes,187816.59,No,0.0249,Low
15810864,France,Female,82,2,0,2,No,Yes,182055.36,No,0.0248,Low
15644686,Spain,Female,34,9,53299.96,2,Yes,Yes,42855.97,No,0.0248,Low
15773852,Germany,Male,38,4,70362.52,2,Yes,Yes,104189.46,No,0.0248,Low
15702715,France,Female,34,10,0,2,Yes,Yes,50759.8,No,0.0248,Low
15715078,France,Male,35,6,161613.94,2,Yes,Yes,148238.16,No,0.0248,Low
15595766,Spain,Male,37,5,93722.73,2,Yes,Yes,139093.73,No,0.0247,Low
15613471,Germany,Male,31,2,90547.48,2,Yes,Yes,18800.13,No,0.0247,Low
15727408,Germany,Male,27,8,61688.61,2,Yes,No,147059.16,No,0.0247,Low
15800620,France,Female,29,9,0,2,No,No,199635.93,No,0.0247,Low
15750476,Spain,Male,24,8,0,2,Yes,No,4070.28,No,0.0247,Low
15613097,France,Female,33,4,0,2,No,Yes,83700.66,No,0.0246,Low
15749799,France,Female,34,2,0,2,Yes,Yes,84033.35,No,0.0246,Low
15583462,France,Male,28,5,171069.39,2,Yes,Yes,88689.4,No,0.0246,Low
15638730,France,Female,21,0,82844.33,2,No,Yes,1408.68,No,0.0246,Low
15797197,Spain,Male,29,6,0,2,Yes,No,64443.75,No,0.0246,Low
15625759,France,Male,30,9,0,2,Yes,No,151869.35,No,0.0245,Low
15791302,France,Male,32,8,0,2,Yes,No,143598.7,No,0.0245,Low
15679550,France,Male,32,9,0,2,Yes,No,175252.78,No,0.0245,Low
15808326,France,Female,34,9,0,2,Yes,Yes,20460.2,No,0.0245,Low
15649129,France,Male,32,9,0,2,Yes,No,115950.96,No,0.0245,Low
15615176,France,Male,26,7,0,2,Yes,No,154364.66,No,0.0245,Low
15715345,Spain,Male,25,6,0,2,Yes,No,129740.11,No,0.0245,Low
15668009,Spain,Male,37,1,0,2,No,Yes,180551.76,No,0.0245,Low
15670492,France,Male,28,8,0,2,Yes,No,106390.01,No,0.0245,Low
15810891,France,Male,34,2,117731.79,2,No,Yes,55120.79,No,0.0245,Low
15650924,Spain,Female,32,4,103515.39,2,Yes,Yes,177622.38,No,0.0245,Low
15572374,Spain,Male,36,1,0,2,No,Yes,108377.82,No,0.0245,Low
15758836,Spain,Male,36,3,54098.18,2,No,Yes,54478.52,No,0.0244,Low
15780846,France,Male,33,1,126588.81,2,No,Yes,62163.53,No,0.0244,Low
15595557,France,Male,22,8,0,2,Yes,No,107615.43,No,0.0244,Low
15790958,Spain,Male,38,4,0,2,Yes,Yes,35884.91,No,0.0244,Low
15805627,France,Male,37,2,0,2,Yes,Yes,54229.74,No,0.0244,Low
15621457,France,Male,27,6,96654.72,2,No,No,152740.16,No,0.0244,Low
15715715,Spain,Male,38,2,0,2,Yes,Yes,59297.34,No,0.0244,Low
15641690,Spain,Male,67,7,0,2,No,Yes,163714.92,No,0.0243,Low
15574947,France,Male,36,8,97786.08,2,No,Yes,21478.36,No,0.0243,Low
15812917,Spain,Male,35,6,116662.96,2,Yes,Yes,23864.21,No,0.0243,Low
15579433,Spain,Male,29,8,96674.55,2,No,No,192120.66,No,0.0243,Low
15661380,France,Male,69,6,0,2,No,Yes,149604.18,No,0.0243,Low
15641122,France,Male,30,2,0,2,Yes,No,83473.82,No,0.0242,Low
15732674,Spain,Male,36,6,70438.01,2,No,Yes,56937.43,No,0.0242,Low
15603088,Spain,Female,23,9,0,2,No,Yes,48021.71,No,0.0242,Low
15770225,France,Male,36,9,0,2,Yes,Yes,65816.53,No,0.0242,Low
15619280,France,Male,25,4,0,2,Yes,No,152698.24,No,0.0242,Low
15794661,Spain,Male,32,2,0,2,Yes,No,140579.17,No,0.0242,Low
15591747,France,Male,32,3,0,2,No,No,129576.99,No,0.0242,Low
15579915,France,Male,29,4,0,2,Yes,No,139953.94,No,0.0242,Low
15645184,France,Male,29,2,0,2,Yes,No,176943.59,No,0.0242,Low
15687648,France,Male,28,1,0,2,No,No,92865.41,No,0.0242,Low
15652469,France,Male,27,1,0,2,Yes,No,93003.21,No,0.0242,Low
15723856,France,Female,29,3,88814.4,2,Yes,Yes,62487.97,No,0.0242,Low
15589323,France,Female,24,9,0,2,No,Yes,38830.72,No,0.0242,Low
15609804,France,Male,29,1,0,2,Yes,No,154695.57,No,0.0242,Low
15781884,Germany,Male,27,9,94667.29,2,No,Yes,4470.52,No,0.0241,Low
15645904,France,Female,33,6,0,2,No,Yes,186785.01,No,0.0241,Low
15684358,France,Male,41,3,0,2,Yes,Yes,193747.57,No,0.0241,Low
15750574,Spain,Female,34,4,0,2,Yes,Yes,6175.53,No,0.0241,Low
15711750,France,Female,34,6,0,2,Yes,Yes,175310.38,No,0.0241,Low
15637829,France,Female,34,7,0,2,No,Yes,161559.12,No,0.0241,Low
15572767,France,Male,29,2,0,2,Yes,No,124489.88,No,0.0241,Low
15813844,France,Male,37,8,105961.68,2,No,Yes,74158.8,No,0.024,Low
15584190,France,Male,36,7,120026.98,2,No,Yes,100601.73,No,0.024,Low
15685628,Spain,Male,35,2,124268.64,2,No,Yes,84321.03,No,0.024,Low
15648461,Spain,Male,37,7,138162.41,2,Yes,Yes,113926.31,No,0.024,Low
15682322,France,Male,37,9,148466.93,2,No,Yes,151280.96,No,0.024,Low
15753837,Spain,Male,38,4,0,2,Yes,Yes,196517.43,No,0.024,Low
15765643,France,Male,37,6,124348.38,2,No,Yes,176984.34,No,0.024,Low
15746012,Spain,Female,28,0,0,2,Yes,Yes,31165.06,Yes,0.024,Low
15623102,Spain,Male,38,6,116980.78,2,No,Yes,76038.38,No,0.024,Low
15667216,France,Female,29,10,73194.52,2,Yes,Yes,129209.09,No,0.024,Low
15760431,France,Male,38,1,0,2,Yes,Yes,80006.65,No,0.0239,Low
15764174,Spain,Female,26,4,0,2,Yes,Yes,179780.74,No,0.0239,Low
15688637,France,Female,27,4,0,2,Yes,Yes,183569.25,No,0.0239,Low
15776047,France,Female,29,3,0,2,No,Yes,153392.28,No,0.0239,Low
15626233,France,Female,32,3,0,2,Yes,Yes,151978.36,No,0.0239,Low
15698758,Spain,Female,31,1,0,2,Yes,Yes,169802.73,No,0.0239,Low
15694209,France,Female,32,3,0,2,Yes,Yes,139390.99,No,0.0239,Low
15767598,Spain,Male,28,8,0,2,No,No,197588.32,No,0.0239,Low
15755978,France,Male,31,10,0,2,Yes,No,195209.4,No,0.0239,Low
15746183,France,Female,27,4,0,2,Yes,Yes,157549.6,No,0.0239,Low
15729377,France,Male,36,1,0,2,Yes,Yes,159044.1,No,0.0239,Low
15682489,France,Male,27,9,0,2,Yes,No,198091.81,No,0.0239,Low
15603674,France,Male,36,1,0,2,Yes,Yes,149370.93,No,0.0239,Low
15588839,Spain,Male,30,8,180307.73,2,Yes,Yes,1914.41,No,0.0239,Low
15640865,Germany,Female,31,9,80844.69,2,Yes,Yes,74641.9,No,0.0238,Low
15648367,Germany,Female,29,6,74430.1,2,Yes,Yes,96051.1,No,0.0238,Low
15588248,France,Female,28,0,0,2,Yes,Yes,7597.83,Yes,0.0237,Low
15644005,France,Female,33,9,0,2,No,Yes,77519.62,No,0.0237,Low
15642885,France,Male,30,8,0,2,Yes,No,199644.2,No,0.0237,Low
15743570,France,Female,34,5,0,2,Yes,Yes,125253.46,No,0.0237,Low
15714493,Spain,Female,33,6,0,2,Yes,Yes,95500.98,No,0.0237,Low
15660390,France,Female,33,6,0,2,Yes,Yes,124113.04,No,0.0237,Low
15682540,France,Female,33,8,0,2,Yes,Yes,112928.74,No,0.0237,Low
15726167,France,Male,37,4,0,2,Yes,Yes,142415.97,No,0.0237,Low
15732202,France,Male,34,1,83503.11,2,Yes,Yes,73124.53,Yes,0.0237,Low
15703399,France,Female,26,5,101641.14,2,No,Yes,154460.68,No,0.0236,Low
15734246,France,Female,21,8,166883.07,2,No,Yes,194563.65,No,0.0236,Low
15677123,Spain,Male,37,7,0,2,Yes,Yes,24734.25,No,0.0236,Low
15721116,Spain,Male,24,0,108058.07,2,Yes,Yes,187826.11,No,0.0236,Low
15570004,France,Male,31,3,0,2,Yes,No,121866.87,No,0.0235,Low
15778830,France,Male,31,2,0,2,Yes,No,173240.52,No,0.0235,Low
15767894,France,Female,21,9,0,2,No,Yes,139259.54,No,0.0235,Low
15740283,France,Male,29,1,0,2,No,No,152996.89,No,0.0235,Low
15621064,Germany,Male,23,5,186101.18,2,Yes,Yes,76611.33,No,0.0235,Low
15590623,Spain,Male,34,4,85141.79,2,Yes,Yes,29217.37,No,0.0235,Low
15708256,France,Male,28,3,0,2,Yes,No,159654,No,0.0235,Low
15649354,Spain,Male,35,4,0,2,Yes,Yes,9658.41,No,0.0235,Low
15656921,France,Male,31,4,0,2,No,No,152298.28,No,0.0235,Low
15652069,France,Male,30,1,0,2,Yes,No,141860.62,No,0.0235,Low
15800554,France,Female,81,1,0,2,Yes,Yes,59568.24,No,0.0234,Low
15673055,Spain,Male,38,7,0,2,Yes,Yes,6203.66,No,0.0233,Low
15578908,Spain,Female,32,0,0,2,Yes,Yes,138525.19,No,0.0233,Low
15593555,France,Male,38,9,0,2,Yes,Yes,12050.77,No,0.0233,Low
15656029,France,Male,37,6,0,2,No,Yes,22030.72,No,0.0233,Low
15641822,France,Female,19,1,0,2,No,Yes,22101.86,No,0.0233,Low
15648951,Spain,Male,41,7,0,2,Yes,Yes,199108.88,No,0.0233,Low
15592326,France,Male,36,8,0,2,No,Yes,5571.59,No,0.0233,Low
15778589,France,Male,34,7,113014.7,2,Yes,Yes,56646.28,No,0.0233,Low
15697034,Spain,Female,22,2,0,2,No,Yes,5985.36,No,0.0233,Low
15568328,France,Female,22,6,0,2,Yes,Yes,66393.89,No,0.0232,Low
15693543,France,Female,33,8,0,2,No,Yes,15246.83,No,0.0232,Low
15719017,France,Female,34,8,0,2,Yes,Yes,16245.25,No,0.0232,Low
15690695,France,Female,33,9,0,2,Yes,Yes,38784.42,No,0.0232,Low
15764491,Spain,Male,35,10,159693.9,2,Yes,Yes,71173.64,No,0.0232,Low
15749114,Spain,Male,35,3,0,2,Yes,Yes,19515.48,No,0.0232,Low
15605067,France,Male,19,9,0,2,Yes,No,3453.4,No,0.0232,Low
15740404,France,Female,34,3,0,2,Yes,Yes,124226.16,No,0.0231,Low
15779481,France,Male,34,4,158741.43,2,Yes,Yes,126192.54,No,0.0231,Low
15666043,France,Male,33,4,156297.58,2,Yes,Yes,166102.61,No,0.0231,Low
15606274,Germany,Male,38,6,63176.44,2,Yes,Yes,14466.08,No,0.0231,Low
15714658,France,Female,33,4,0,2,Yes,Yes,73371.65,No,0.0231,Low
15720820,Germany,Female,24,9,69881.09,2,No,Yes,64421.02,No,0.0231,Low
15672499,France,Male,34,3,134692.4,2,Yes,Yes,83773.02,No,0.0231,Low
15645248,France,Female,30,0,0,2,Yes,Yes,130553.47,No,0.023,Low
15725311,France,Female,31,9,114722.05,2,Yes,Yes,98178.57,No,0.023,Low
15599792,France,Female,26,1,0,2,Yes,Yes,199638.56,No,0.023,Low
15655274,France,Female,29,4,0,2,No,Yes,48673.18,No,0.023,Low
15741429,Spain,Female,31,9,119825.75,2,Yes,Yes,101139.3,No,0.023,Low
15748068,Spain,Female,31,3,0,2,Yes,Yes,194667.92,No,0.023,Low
15737080,France,Female,32,1,0,2,No,Yes,28515.17,No,0.023,Low
15664895,France,Female,25,0,0,2,Yes,Yes,101274.17,No,0.023,Low
15627328,Spain,Female,26,2,0,2,Yes,Yes,54869.54,No,0.023,Low
15797065,Spain,Female,32,0,0,2,No,Yes,126675.62,No,0.023,Low
15575486,France,Female,27,1,0,2,Yes,Yes,37769.98,No,0.023,Low
15596624,France,Female,22,9,0,2,Yes,Yes,44377.65,No,0.023,Low
15712825,Spain,Female,29,9,0,2,No,Yes,140676.98,No,0.0229,Low
15692317,France,Male,30,5,0,2,Yes,No,166376.54,No,0.0229,Low
15699598,France,Female,20,4,0,2,Yes,Yes,140385.33,No,0.0229,Low
15791836,France,Male,29,5,0,2,Yes,No,108577.97,No,0.0229,Low
15782806,Spain,Male,28,6,0,2,Yes,No,146875.86,No,0.0229,Low
15792008,Spain,Female,26,9,0,2,No,Yes,158918.03,No,0.0229,Low
15678168,Spain,Female,27,7,0,2,Yes,Yes,163060.43,No,0.0229,Low
15668521,France,Male,37,1,0,2,Yes,Yes,82867.55,No,0.0229,Low
15702300,France,Male,27,5,0,2,No,No,120893.07,No,0.0229,Low
15621440,France,Male,38,1,0,2,No,Yes,156858.2,No,0.0229,Low
15675749,France,Female,23,1,0,2,Yes,Yes,141756.32,No,0.0229,Low
15793343,France,Female,29,8,0,2,Yes,Yes,189558.44,No,0.0229,Low
15812073,France,Female,31,7,0,2,Yes,Yes,175697.87,No,0.0229,Low
15761364,France,Male,30,9,0,2,Yes,No,157871.55,No,0.0229,Low
15651740,Spain,Female,30,5,0,2,No,Yes,149195.44,No,0.0229,Low
15679991,France,Female,28,7,0,2,No,Yes,147100.72,No,0.0229,Low
15656188,Spain,Female,30,5,0,2,Yes,Yes,185201.58,No,0.0229,Low
15645820,France,Male,27,7,0,2,Yes,No,111471.55,No,0.0229,Low
15643574,France,Male,26,8,0,2,Yes,No,178373.43,No,0.0229,Low
15798053,Spain,Male,32,9,0,2,Yes,No,126475.79,No,0.0229,Low
15576526,Spain,Male,36,6,0,2,No,Yes,41291.05,No,0.0229,Low
15748882,Spain,Male,29,9,0,2,Yes,No,129192.55,No,0.0229,Low
15809057,Spain,Female,27,6,0,2,Yes,Yes,172031.22,No,0.0229,Low
15693637,France,Female,30,7,0,2,Yes,Yes,186648.19,No,0.0229,Low
15779904,France,Female,29,5,0,2,Yes,Yes,174825.57,No,0.0229,Low
15779913,France,Male,27,5,130231.8,2,Yes,Yes,192427.16,No,0.0229,Low
15681705,France,Male,28,8,0,2,Yes,No,77231.27,No,0.0228,Low
15568506,Germany,Female,31,10,67238.98,2,Yes,Yes,161811.23,No,0.0228,Low
15633818,France,Male,32,9,0,2,Yes,No,133112.41,No,0.0228,Low
15720644,France,Male,27,6,0,2,Yes,No,103603.65,No,0.0228,Low
15591428,France,Male,29,9,0,2,No,No,172097.4,No,0.0228,Low
15801994,France,Male,31,9,0,2,Yes,No,169278.51,No,0.0228,Low
15576602,France,Male,38,3,0,2,Yes,Yes,80061.31,No,0.0227,Low
15667554,France,Male,35,6,0,2,Yes,Yes,45206.57,No,0.0227,Low
15763747,France,Male,36,7,0,2,Yes,Yes,60830.24,No,0.0226,Low
15770811,France,Male,36,9,0,2,No,Yes,145562.4,No,0.0225,Low
15703119,France,Male,38,6,0,2,Yes,Yes,145700.22,No,0.0225,Low
15673570,France,Male,37,9,0,2,No,Yes,77108.66,No,0.0225,Low
15572467,France,Male,37,5,0,2,Yes,Yes,127543.81,No,0.0225,Low
15655794,France,Male,36,8,0,2,Yes,Yes,145937.99,No,0.0225,Low
15774179,France,Male,37,6,0,2,Yes,Yes,126477.41,No,0.0225,Low
15605327,France,Male,35,2,0,2,Yes,Yes,114190.3,No,0.0225,Low
15632859,France,Male,36,7,0,2,No,Yes,138743.86,No,0.0225,Low
15720847,France,Male,35,2,0,2,Yes,Yes,118983.18,No,0.0225,Low
15702337,France,Male,37,7,0,2,Yes,Yes,74320.75,No,0.0225,Low
15729515,France,Male,36,1,148795.17,2,Yes,Yes,195681.43,No,0.0225,Low
15692406,France,Male,37,5,0,2,Yes,Yes,121485.1,No,0.0225,Low
15799631,Spain,Male,36,10,0,2,Yes,Yes,180318.6,No,0.0225,Low
15583033,France,Female,20,4,0,2,No,Yes,78310.82,No,0.0225,Low
15674868,Spain,Female,30,0,0,2,Yes,Yes,9002.8,No,0.0225,Low
15728010,France,Male,37,5,0,2,No,Yes,170226.47,No,0.0225,Low
15579287,France,Male,35,4,0,2,No,Yes,86383.82,No,0.0225,Low
15774316,France,Male,37,6,0,2,Yes,Yes,82647.65,No,0.0225,Low
15733460,Spain,Male,36,9,0,2,Yes,Yes,104852.6,No,0.0225,Low
15576022,France,Male,38,5,0,2,No,Yes,80630.32,No,0.0225,Low
15621140,Spain,Male,37,9,0,2,Yes,Yes,96442.86,No,0.0225,Low
15718106,France,Male,34,6,0,2,No,No,197283.2,No,0.0224,Low
15788218,Spain,Female,24,9,0,2,Yes,Yes,14406.41,No,0.0223,Low
15809838,Spain,Male,30,1,0,2,No,No,735.79,No,0.0223,Low
15765266,France,Male,32,1,0,2,No,No,2139.25,No,0.0223,Low
15595391,France,Male,31,1,0,2,Yes,No,1375.46,No,0.0223,Low
15768530,Spain,Female,27,4,0,2,Yes,Yes,135083.73,No,0.0223,Low
15708650,France,Female,31,2,52192.08,2,No,Yes,160383.47,No,0.0223,Low
15605276,France,Female,29,4,0,2,Yes,Yes,180066.59,No,0.0223,Low
15713267,Spain,Female,34,5,0,2,No,Yes,111676.63,No,0.0222,Low
15699550,Spain,Female,34,9,0,2,Yes,Yes,67502.12,No,0.0222,Low
15782875,France,Male,33,5,157274.36,2,Yes,Yes,28531.81,No,0.0222,Low
15635598,France,Male,29,6,0,2,No,No,168023.6,No,0.0222,Low
15719931,France,Male,31,8,0,2,Yes,No,178667.7,No,0.0222,Low
15802009,France,Female,33,6,0,2,Yes,Yes,126131.9,No,0.0222,Low
15635905,Spain,Female,32,6,0,2,Yes,Yes,43001.46,No,0.0221,Low
15715031,France,Female,28,6,0,2,No,Yes,52193.23,No,0.0221,Low
15723720,France,Female,31,7,0,2,No,Yes,48778.46,No,0.0221,Low
15775880,France,Female,30,9,0,2,Yes,Yes,40320.3,No,0.0221,Low
15615096,France,Female,31,7,0,2,Yes,Yes,49463.44,No,0.0221,Low
15768244,Spain,Female,30,8,0,2,Yes,Yes,41192.95,No,0.0221,Low
15666141,Spain,Female,26,8,101440.36,2,Yes,Yes,19324.5,No,0.0221,Low
15711468,France,Female,32,7,0,2,Yes,Yes,44099.75,No,0.0221,Low
15579714,France,Female,29,7,0,2,No,Yes,196651.72,No,0.0221,Low
15790935,France,Female,29,5,0,2,No,Yes,52709.55,No,0.0221,Low
15633840,France,Male,20,0,125023.1,2,Yes,Yes,108301.45,No,0.0221,Low
15706223,Spain,Male,38,2,96798.79,2,Yes,Yes,4554.67,No,0.0221,Low
15681755,France,Female,32,5,0,2,Yes,Yes,42135.28,No,0.0221,Low
15700752,France,Female,32,6,0,2,Yes,Yes,52067.37,No,0.0221,Low
15790594,France,Female,27,6,0,2,No,Yes,49775.58,No,0.0221,Low
15617476,France,Female,30,5,0,2,No,Yes,198543.09,No,0.0221,Low
15624229,France,Female,22,4,0,2,Yes,Yes,11525.72,No,0.022,Low
15576714,Spain,Female,21,8,0,2,Yes,Yes,154767.34,No,0.022,Low
15637644,France,Female,24,4,0,2,No,Yes,34335.55,No,0.022,Low
15655192,Spain,Female,24,1,0,2,No,Yes,69052.87,No,0.022,Low
15733876,France,Male,36,9,0,2,Yes,Yes,40062.29,No,0.022,Low
15665760,Spain,Male,38,7,0,2,No,Yes,57764.65,No,0.022,Low
15747345,France,Female,22,6,118064.93,2,Yes,Yes,195424.01,No,0.022,Low
15695225,Spain,Male,38,8,0,2,Yes,Yes,66485.26,No,0.022,Low
15794345,Spain,Male,38,8,0,2,No,Yes,46635.11,No,0.022,Low
15640648,France,Male,36,6,0,2,No,Yes,19231.98,No,0.022,Low
15809227,France,Male,35,2,0,2,Yes,Yes,56991.66,No,0.022,Low
15628308,France,Female,24,6,0,2,Yes,Yes,13159.9,No,0.022,Low
15762332,Germany,Female,31,1,61592.14,2,Yes,Yes,61796.64,No,0.0219,Low
15785819,France,Male,38,3,0,2,Yes,Yes,112491.96,No,0.0218,Low
15810347,Spain,Female,30,9,0,2,No,Yes,157884.83,No,0.0218,Low
15719579,Germany,Female,33,9,84521.48,2,No,Yes,198017.05,No,0.0218,Low
15703437,France,Male,34,3,0,2,Yes,No,196288.46,No,0.0218,Low
15691457,Spain,Male,36,2,0,2,Yes,Yes,182787.17,No,0.0218,Low
15626143,France,Male,37,2,0,2,Yes,Yes,99692.65,No,0.0218,Low
15588566,Spain,Male,33,5,116474.28,2,Yes,Yes,32757.55,No,0.0218,Low
15748595,France,Female,29,1,77556.79,2,Yes,Yes,122998.26,No,0.0218,Low
15775627,France,Male,35,8,0,2,No,Yes,67431.28,No,0.0218,Low
15803681,France,Female,26,4,0,2,Yes,Yes,181208.47,No,0.0217,Low
15723006,France,Male,38,8,0,2,No,Yes,196990.79,No,0.0217,Low
15684999,France,Female,26,4,62610.96,2,No,Yes,179365.1,No,0.0217,Low
15623695,France,Female,31,4,0,2,Yes,Yes,142029.17,No,0.0217,Low
15700937,Spain,Female,24,5,0,2,Yes,Yes,67445.85,No,0.0217,Low
15733705,France,Female,30,8,92472.1,2,No,Yes,126434.61,No,0.0217,Low
15694852,France,Male,29,4,121823.4,2,Yes,Yes,50368.87,No,0.0216,Low
15802390,France,Female,34,2,0,2,Yes,Yes,118863.38,No,0.0216,Low
15801701,Spain,Male,35,9,0,2,Yes,Yes,45956.05,No,0.0216,Low
15574237,France,Female,21,8,0,2,Yes,Yes,110114.19,No,0.0216,Low
15793883,France,Male,28,3,0,2,Yes,No,2305.27,No,0.0216,Low
15762855,Spain,Female,23,8,0,2,Yes,Yes,131389.39,No,0.0216,Low
15742638,France,Female,25,4,0,2,No,Yes,42039.67,No,0.0215,Low
15624068,France,Female,26,0,0,2,No,Yes,111906,No,0.0215,Low
15765258,France,Female,29,5,0,2,Yes,Yes,143301.49,No,0.0215,Low
15807294,Spain,Female,30,2,88243.29,2,Yes,Yes,96658.26,No,0.0214,Low
15597265,France,Male,38,7,0,2,No,Yes,146585.53,No,0.0214,Low
15698246,France,Female,24,2,0,2,Yes,Yes,84694.49,No,0.0214,Low
15646374,Germany,Female,28,3,62717.84,2,Yes,Yes,13182.43,No,0.0214,Low
15650751,France,Female,30,6,0,2,Yes,Yes,137757.69,No,0.0214,Low
15676869,Spain,Male,36,8,0,2,No,Yes,123866.43,No,0.0214,Low
15594827,France,Male,34,1,124619.33,2,No,Yes,163667.56,No,0.0213,Low
15568982,France,Female,24,6,0,2,Yes,Yes,54724.03,No,0.0212,Low
15727546,France,Male,35,9,0,2,Yes,Yes,43075.7,No,0.0212,Low
15798850,France,Male,32,7,0,2,Yes,No,4660.91,No,0.0212,Low
15616922,France,Female,26,1,0,2,Yes,Yes,19116.97,No,0.0212,Low
15725068,Spain,Female,21,9,0,2,Yes,Yes,26327.42,No,0.0212,Low
15711991,France,Male,30,8,0,2,No,No,3183.15,No,0.0212,Low
15786237,France,Male,28,7,0,2,Yes,No,823.96,No,0.0212,Low
15631451,Spain,Female,28,6,0,2,Yes,Yes,69056.26,No,0.0212,Low
15581089,Spain,Male,35,7,0,2,Yes,Yes,43036.6,No,0.0212,Low
15605835,France,Male,37,8,69143.91,2,No,Yes,105780.18,No,0.0211,Low
15642710,France,Male,26,7,0,2,Yes,No,1540.89,No,0.0211,Low
15666652,France,Female,19,3,0,2,Yes,Yes,124297.32,No,0.0211,Low
15659064,Spain,Male,37,8,0,2,Yes,Yes,149418.41,No,0.0211,Low
15695103,Spain,Male,37,6,0,2,Yes,Yes,119484.01,No,0.0211,Low
15754574,Spain,Male,36,5,0,2,Yes,Yes,96881.32,No,0.0211,Low
15667451,France,Male,36,5,0,2,Yes,Yes,109127.54,No,0.0211,Low
15632850,France,Male,37,8,0,2,Yes,Yes,170338.35,No,0.0211,Low
15781129,Spain,Male,38,8,69434.4,2,Yes,Yes,66580.13,Yes,0.0211,Low
15752534,France,Male,36,10,0,2,Yes,Yes,182867.84,No,0.0211,Low
15749167,France,Male,35,3,0,2,Yes,Yes,184843.77,No,0.021,Low
15709295,Spain,Female,25,5,82931.85,2,Yes,Yes,128373.88,No,0.021,Low
15782144,France,Female,34,3,0,2,Yes,Yes,3894.34,No,0.021,Low
15599182,Spain,Female,33,2,0,2,Yes,Yes,4700.66,No,0.021,Low
15765345,France,Male,35,4,0,2,Yes,Yes,106303.4,No,0.021,Low
15676715,France,Male,68,9,0,2,Yes,Yes,199493.38,No,0.0209,Low
15808689,France,Female,31,4,0,2,Yes,Yes,33082.81,No,0.0209,Low
15761976,Spain,Female,31,8,0,2,Yes,No,117916.63,No,0.0209,Low
15682890,Germany,Male,38,5,65095.41,2,Yes,Yes,140197.42,No,0.0209,Low
15794566,France,Female,28,4,0,2,Yes,Yes,144423.17,Yes,0.0209,Low
15796480,France,Female,31,2,0,2,No,Yes,145411.39,No,0.0209,Low
15685314,France,Female,28,2,0,2,Yes,Yes,38773.74,No,0.0209,Low
15624437,Spain,Female,32,1,0,2,Yes,Yes,42935.15,No,0.0209,Low
15645744,France,Female,30,5,0,2,No,Yes,157397.57,No,0.0209,Low
15617454,France,Female,25,1,0,2,No,Yes,144978.47,No,0.0209,Low
15709256,France,Female,28,9,0,2,Yes,Yes,164864.67,No,0.0209,Low
15686983,Germany,Female,25,10,76968.12,2,No,Yes,131501.72,No,0.0208,Low
15695846,France,Female,34,6,0,2,Yes,Yes,130928.22,No,0.0207,Low
15712584,France,Female,33,7,0,2,Yes,Yes,88187.81,No,0.0207,Low
15769902,France,Female,33,6,0,2,Yes,Yes,98015.85,No,0.0207,Low
15787151,France,Female,34,7,0,2,Yes,Yes,198969.78,No,0.0207,Low
15568104,France,Female,26,6,0,2,No,Yes,34948.77,No,0.0207,Low
15671514,Spain,Female,33,8,0,2,No,Yes,128538.05,No,0.0207,Low
15713043,France,Female,33,6,0,2,Yes,Yes,100408.31,No,0.0207,Low
15743075,France,Male,35,6,0,2,Yes,Yes,58879.11,No,0.0207,Low
15572073,Spain,Male,35,5,0,2,Yes,Yes,62634.94,No,0.0207,Low
15776211,France,Female,34,6,0,2,Yes,Yes,124592.84,No,0.0207,Low
15618171,France,Female,33,9,0,2,No,Yes,107221.03,No,0.0207,Low
15813327,France,Male,21,4,109130.96,2,Yes,Yes,56191.99,No,0.0206,Low
15748432,France,Female,32,4,0,2,Yes,Yes,72909.75,No,0.0206,Low
15752344,Spain,Male,34,5,0,2,Yes,No,193040.32,No,0.0206,Low
15623595,Spain,Female,28,2,0,2,Yes,Yes,92067.35,No,0.0205,Low
15746190,Spain,Female,28,2,0,2,No,Yes,104353.26,No,0.0205,Low
15732476,France,Female,27,3,0,2,No,Yes,125698.97,No,0.0205,Low
15724536,Spain,Female,28,1,0,2,Yes,Yes,120880.72,No,0.0205,Low
15722404,France,Female,30,3,0,2,Yes,Yes,127939.19,No,0.0205,Low
15575748,France,Male,36,9,68881.59,2,No,Yes,109135.11,No,0.0205,Low
15777122,France,Female,31,4,0,2,Yes,Yes,89087.4,No,0.0205,Low
15702631,France,Female,26,2,0,2,Yes,Yes,78651.55,No,0.0205,Low
15577683,France,Female,29,4,0,2,Yes,Yes,100919.19,No,0.0205,Low
15778897,France,Female,28,1,0,2,Yes,Yes,133267.78,No,0.0205,Low
15583724,Spain,Female,29,4,0,2,Yes,Yes,74346.11,No,0.0205,Low
15749669,France,Female,31,3,0,2,Yes,Yes,115217.59,No,0.0205,Low
15653620,France,Female,27,8,0,2,Yes,Yes,14858.1,No,0.0204,Low
15783029,France,Male,34,7,106603.74,2,Yes,Yes,26387.71,No,0.0204,Low
15568044,France,Female,31,7,0,2,Yes,Yes,6123.15,No,0.0204,Low
15805151,Germany,Male,31,2,89558.39,2,Yes,Yes,4441.54,No,0.0204,Low
15676937,Spain,Female,32,8,0,2,Yes,Yes,19367.98,Yes,0.0204,Low
15672437,France,Male,72,1,160541,2,Yes,Yes,142223.94,No,0.0204,Low
15641794,France,Male,33,5,135658.73,2,No,Yes,39755,No,0.0204,Low
15697028,Spain,Male,34,0,65812.35,2,No,Yes,160346.3,No,0.0204,Low
15633181,France,Male,31,6,71269.89,2,No,Yes,125912.77,No,0.0204,Low
15717700,Spain,Male,34,9,114609.55,2,No,Yes,25339.29,No,0.0204,Low
15600027,Spain,Male,33,1,0,2,Yes,Yes,54816.57,No,0.0204,Low
15707025,Spain,Female,31,5,0,2,Yes,Yes,5199.02,No,0.0204,Low
15637427,Spain,Female,25,6,0,2,Yes,Yes,15306.29,No,0.0204,Low
15707696,Spain,Female,28,5,0,2,Yes,Yes,22356.97,No,0.0204,Low
15642394,Spain,Male,35,5,0,2,Yes,Yes,187288.5,No,0.0203,Low
15778287,France,Male,35,8,0,2,Yes,Yes,131772.51,No,0.0203,Low
15735222,Spain,Female,23,5,0,2,Yes,Yes,73131.73,No,0.0203,Low
15641043,Spain,Male,35,7,0,2,Yes,Yes,78436.36,No,0.0203,Low
15580068,Spain,Male,35,5,0,2,Yes,Yes,105618.14,No,0.0203,Low
15664504,France,Male,35,7,0,2,Yes,Yes,88878.15,No,0.0203,Low
15704770,France,Male,25,1,124532.78,2,No,Yes,11723.57,No,0.0202,Low
15685536,France,Female,34,5,0,2,Yes,Yes,1351.41,No,0.0202,Low
15637235,Spain,Male,33,8,0,2,No,No,91340.02,No,0.0202,Low
15714046,Spain,Male,33,3,123783.91,2,Yes,Yes,142903.44,No,0.0202,Low
15591942,Spain,Female,33,7,0,2,Yes,Yes,3729.89,No,0.0202,Low
15732963,Spain,Female,29,9,0,2,Yes,Yes,142033.07,No,0.0201,Low
15663252,Spain,Female,32,9,0,2,Yes,Yes,18924.92,No,0.0201,Low
15635893,France,Female,28,8,0,2,Yes,Yes,158545.25,No,0.0201,Low
15684103,France,Female,26,10,0,2,Yes,Yes,138423.1,No,0.0201,Low
15598700,Spain,Female,30,5,0,2,No,Yes,157888.5,No,0.0201,Low
15626806,France,Female,32,2,0,2,Yes,Yes,40652.33,No,0.0201,Low
15628583,France,Female,30,5,0,2,No,Yes,161388.22,No,0.0201,Low
15700965,France,Female,32,6,0,2,Yes,Yes,150026.79,No,0.0201,Low
15755138,France,Female,32,8,0,2,Yes,Yes,55593.8,No,0.0201,Low
15783276,France,Female,25,9,0,2,Yes,Yes,168607.74,No,0.0201,Low
15609176,France,Female,32,5,0,2,No,Yes,177607.77,No,0.0201,Low
15729359,France,Female,29,9,0,2,Yes,Yes,41866.26,No,0.0201,Low
15565879,France,Female,28,9,0,2,Yes,Yes,56185.98,No,0.0201,Low
15781034,Spain,Male,67,5,0,2,No,Yes,54871.02,No,0.02,Low
15665008,Germany,Female,26,8,42712.87,2,Yes,Yes,28861.69,No,0.02,Low
15791550,France,Male,27,4,87637.26,2,No,No,196111.35,No,0.02,Low
15775108,France,Male,34,1,99325.04,2,No,Yes,186052.15,No,0.02,Low
15793585,France,Male,35,8,0,2,Yes,Yes,56642.97,No,0.0199,Low
15679693,France,Male,31,5,0,2,No,Yes,90.07,No,0.0199,Low
15591257,France,Male,24,8,0,2,Yes,No,61349.37,No,0.0198,Low
15672016,France,Male,35,1,0,2,No,Yes,3385.04,No,0.0198,Low
15577905,France,Male,34,8,106486.66,2,No,Yes,182262.66,No,0.0198,Low
15759733,France,Female,26,5,0,2,Yes,Yes,64716.08,No,0.0198,Low
15738174,France,Female,32,5,0,2,No,Yes,75279.39,No,0.0197,Low
15607598,Spain,Female,31,6,0,2,Yes,Yes,95686.42,No,0.0197,Low
15619626,France,Male,24,3,137492.35,2,No,Yes,170142.09,No,0.0197,Low
15591130,Spain,Female,29,6,0,2,No,Yes,94780.9,No,0.0197,Low
15570205,Spain,Male,36,5,0,2,Yes,Yes,147758.51,No,0.0197,Low
15752838,Spain,Male,38,6,0,2,Yes,Yes,94415.6,No,0.0197,Low
15775741,France,Female,28,9,0,2,Yes,Yes,125062.02,No,0.0197,Low
15595388,France,Female,30,10,0,2,Yes,Yes,124071.71,No,0.0197,Low
15693264,France,Female,29,10,0,2,Yes,Yes,111285.85,No,0.0197,Low
15737977,France,Female,25,6,0,2,No,Yes,96758.58,No,0.0197,Low
15739223,Spain,Female,24,3,0,2,Yes,Yes,102195.16,No,0.0197,Low
15771855,France,Male,37,5,0,2,No,Yes,112554.68,No,0.0197,Low
15658852,France,Male,38,8,0,2,Yes,Yes,133692.88,No,0.0197,Low
15574137,Spain,Male,35,3,0,2,Yes,Yes,176450.19,No,0.0197,Low
15651272,France,Male,38,5,0,2,Yes,Yes,81452.29,No,0.0197,Low
15588517,France,Male,38,7,0,2,Yes,Yes,158580.05,No,0.0197,Low
15786249,Spain,Male,30,2,0,2,Yes,No,199099.51,No,0.0197,Low
15699507,France,Female,25,7,0,2,No,Yes,82393.08,No,0.0197,Low
15741921,Spain,Female,26,8,0,2,Yes,Yes,124964.82,No,0.0197,Low
15713094,France,Female,25,8,0,2,Yes,Yes,126761.2,No,0.0197,Low
15575605,France,Male,38,6,0,2,Yes,Yes,158697.28,No,0.0197,Low
15631693,France,Male,36,7,0,2,Yes,Yes,74760.32,No,0.0197,Low
15570855,France,Male,38,7,0,2,Yes,Yes,77864.41,No,0.0197,Low
15791316,France,Male,35,3,0,2,Yes,Yes,95623.28,No,0.0197,Low
15715707,France,Male,32,3,118829.03,2,Yes,Yes,73127.61,No,0.0196,Low
15745843,Spain,Female,31,4,0,2,Yes,Yes,136610.02,No,0.0195,Low
15734311,France,Female,27,3,0,2,Yes,Yes,76889.79,No,0.0195,Low
15594577,France,Male,35,10,0,2,Yes,Yes,192751.18,No,0.0195,Low
15593897,Spain,Male,25,7,160599.06,2,Yes,Yes,28391.52,No,0.0195,Low
15566790,France,Male,28,8,129991.76,2,No,Yes,46041.08,No,0.0195,Low
15591980,France,Male,33,5,122568.05,2,Yes,Yes,82820.85,No,0.0195,Low
15693683,Germany,Male,29,8,97086.4,2,Yes,Yes,197276.13,No,0.0194,Low
15693203,Spain,Female,75,5,0,2,Yes,Yes,9376.89,No,0.0194,Low
15751193,Spain,Male,33,4,0,2,Yes,Yes,40299.23,No,0.0194,Low
15775124,Spain,Male,37,8,0,2,Yes,Yes,933.38,No,0.0194,Low
15637324,France,Female,28,7,0,2,No,Yes,5177.62,No,0.0194,Low
15774393,France,Female,30,9,0,2,Yes,Yes,26960.31,No,0.0193,Low
15746749,Spain,Female,32,3,0,2,Yes,Yes,59679.9,No,0.0193,Low
15645463,France,Female,27,5,0,2,Yes,Yes,67494.23,No,0.0193,Low
15592091,Spain,Male,31,2,166833.86,2,Yes,Yes,135171.6,No,0.0193,Low
15788151,Spain,Male,32,1,132187.73,2,Yes,Yes,178331.36,No,0.0193,Low
15742886,France,Male,26,1,138023.79,2,No,Yes,117060.2,No,0.0193,Low
15680224,France,Female,26,6,0,2,Yes,Yes,32909.13,No,0.0193,Low
15769781,Spain,Female,25,8,0,2,Yes,Yes,52404.47,No,0.0193,Low
15787884,France,Female,30,7,0,2,Yes,Yes,18826.34,No,0.0193,Low
15592914,France,Female,29,9,0,2,Yes,Yes,48849.89,No,0.0193,Low
15598574,Spain,Female,31,5,0,2,No,Yes,13998.88,No,0.0193,Low
15589948,Spain,Male,28,1,135936.1,2,Yes,Yes,110560.14,No,0.0193,Low
15643229,France,Female,31,6,0,2,Yes,Yes,15846.42,No,0.0193,Low
15773146,France,Male,26,3,137998.2,2,No,Yes,168989.77,No,0.0193,Low
15579969,France,Female,32,9,0,2,Yes,Yes,24991.92,No,0.0193,Low
15684042,Germany,Male,34,2,40105.51,2,No,Yes,53512.16,No,0.0192,Low
15786063,France,Female,31,2,0,2,Yes,Yes,112349.51,No,0.0192,Low
15730830,France,Female,30,3,0,2,Yes,Yes,104991.28,No,0.0192,Low
15815364,Spain,Female,28,2,0,2,Yes,Yes,117431.1,No,0.0192,Low
15611287,France,Female,30,4,0,2,No,Yes,115611.97,No,0.0192,Low
15674671,Spain,Male,76,2,128410.71,2,Yes,Yes,181718.73,No,0.0192,Low
15606003,France,Female,21,3,0,2,Yes,Yes,3626.47,No,0.0192,Low
15751912,France,Male,36,7,0,2,No,Yes,3896.08,No,0.0192,Low
15795429,France,Male,24,7,133628.09,2,Yes,Yes,98570.01,No,0.0191,Low
15713505,France,Male,31,1,0,2,No,Yes,192660.55,No,0.019,Low
15777179,France,Male,35,9,0,2,No,Yes,73133.82,No,0.019,Low
15625698,Spain,Female,23,6,0,2,No,Yes,196668.51,No,0.0189,Low
15693904,Germany,Female,30,4,84958.6,2,No,Yes,194343.72,No,0.0189,Low
15813303,Spain,Male,88,10,0,2,Yes,Yes,52952.24,No,0.0189,Low
15674206,France,Female,22,8,0,2,Yes,Yes,92606.98,No,0.0189,Low
15637593,France,Male,20,6,0,2,Yes,No,195486.28,No,0.0189,Low
15759566,France,Male,74,10,0,2,Yes,Yes,53949.98,No,0.0189,Low
15580719,France,Female,23,10,0,2,Yes,Yes,79734.23,No,0.0189,Low
15600912,Germany,Male,32,5,88348.43,2,Yes,Yes,104181.78,No,0.0189,Low
15739514,France,Female,32,9,0,2,Yes,Yes,93155.75,No,0.0188,Low
15740878,Spain,Female,29,9,0,2,No,Yes,85736.26,No,0.0188,Low
15678725,France,Female,29,8,0,2,No,Yes,130461.09,No,0.0188,Low
15572174,France,Male,29,3,148874.01,2,No,Yes,71192.82,No,0.0188,Low
15726267,France,Male,32,9,117337.54,2,No,Yes,62810.91,No,0.0187,Low
15624323,France,Male,36,4,0,2,Yes,Yes,195224.91,No,0.0187,Low
15622442,France,Male,29,5,0,2,Yes,No,194310.1,No,0.0187,Low
15792934,France,Male,26,8,0,2,No,No,196875.87,No,0.0187,Low
15707219,France,Female,28,4,0,2,No,Yes,123318.37,No,0.0187,Low
15706899,France,Male,34,4,0,2,Yes,Yes,66721.98,No,0.0186,Low
15626679,France,Male,33,3,0,2,No,Yes,59103.13,No,0.0186,Low
15620443,France,Female,81,6,0,2,Yes,Yes,72276.24,No,0.0186,Low
15636572,France,Female,32,7,0,2,Yes,Yes,105969.05,No,0.0185,Low
15611105,Spain,Male,35,7,0,2,No,Yes,140780.8,No,0.0185,Low
15575060,France,Male,24,5,0,2,Yes,No,182257.61,No,0.0185,Low
15681509,Spain,Female,28,9,0,2,No,Yes,61761.77,No,0.0185,Low
15711386,France,Female,29,6,0,2,No,Yes,64729.51,No,0.0185,Low
15600997,Germany,Female,32,5,67495.04,2,No,Yes,77370.37,No,0.0184,Low
15567442,France,Female,75,3,0,2,Yes,Yes,1276.87,No,0.0184,Low
15659420,Spain,Male,32,3,107594.11,2,Yes,Yes,102416.84,No,0.0183,Low
15751710,Spain,Male,31,8,164870.81,2,Yes,Yes,9567.39,No,0.0182,Low
15657214,France,Male,74,2,0,2,No,Yes,51554.58,No,0.0182,Low
15794895,Spain,Male,34,1,0,2,No,Yes,81175.25,No,0.0182,Low
15764293,France,Male,33,1,0,2,Yes,Yes,80792.83,No,0.0182,Low
15802483,France,Male,34,6,146178.13,2,Yes,Yes,88837.11,No,0.0182,Low
15678385,France,Male,25,2,78247.31,2,Yes,Yes,10472.31,No,0.0181,Low
15659236,Spain,Male,33,3,0,2,Yes,Yes,42556.33,No,0.0181,Low
15773709,Spain,Male,35,0,0,2,No,Yes,197305.91,No,0.0181,Low
15697567,France,Male,33,4,0,2,Yes,Yes,39570.78,No,0.0181,Low
15633922,France,Male,30,4,123217.66,2,No,Yes,144183.1,No,0.018,Low
15772777,Spain,Female,29,10,0,2,Yes,Yes,94815.04,No,0.018,Low
15667938,France,Male,32,9,149136.31,2,Yes,Yes,16402.11,No,0.018,Low
15672330,France,Female,31,1,0,2,No,Yes,130446.65,No,0.018,Low
15682421,France,Female,30,2,0,2,No,Yes,100496.84,Yes,0.018,Low
15749119,France,Female,31,3,0,2,Yes,Yes,112289.06,No,0.018,Low
15806249,Spain,Female,31,4,0,2,No,Yes,79270.02,No,0.018,Low
15588123,France,Female,27,2,0,2,No,Yes,114685.92,No,0.018,Low
15668679,France,Male,31,0,0,2,Yes,Yes,34475.14,No,0.018,Low
15678210,France,Male,38,5,105069.98,2,Yes,Yes,198355.28,No,0.018,Low
15632669,Spain,Female,32,4,0,2,Yes,Yes,113666.48,No,0.018,Low
15639252,Spain,Male,30,6,129548.5,2,Yes,Yes,19282.85,No,0.018,Low
15626042,Spain,Female,26,2,0,2,Yes,Yes,93255.85,No,0.018,Low
15687363,France,Male,31,3,155047.56,2,Yes,Yes,186064.34,No,0.018,Low
15594436,Spain,Male,33,2,0,2,Yes,Yes,12483.56,No,0.0179,Low
15785167,Spain,Male,29,4,0,2,No,No,155711.64,No,0.0178,Low
15607170,France,Male,35,5,0,2,Yes,Yes,78397.24,No,0.0177,Low
15707551,France,Male,30,8,73054.37,2,Yes,Yes,27012,No,0.0177,Low
15763327,France,Male,32,8,124993.29,2,Yes,Yes,27548.06,No,0.0177,Low
15718231,France,Male,28,0,88963.31,2,Yes,Yes,189839.93,No,0.0177,Low
15669501,France,Male,35,5,0,2,Yes,Yes,81718.37,No,0.0177,Low
15794875,Spain,Male,35,6,0,2,No,Yes,178038.17,No,0.0177,Low
15615352,France,Male,31,4,99607.37,2,No,Yes,35877.03,No,0.0177,Low
15750549,Germany,Male,30,1,84440.1,2,Yes,Yes,60485.98,No,0.0177,Low
15759537,Germany,Male,35,7,58469.37,2,Yes,Yes,172459.39,No,0.0176,Low
15772030,Spain,Male,33,3,0,2,No,Yes,68064.83,No,0.0176,Low
15676958,Germany,Male,34,5,86055.17,2,Yes,Yes,104220.5,No,0.0176,Low
15808784,France,Male,28,2,163569.61,2,Yes,Yes,154559.28,No,0.0175,Low
15628292,France,Male,32,4,156001.68,2,Yes,Yes,151677.31,No,0.0175,Low
15589541,France,Female,27,2,0,2,No,Yes,4497.55,No,0.0175,Low
15664772,Germany,Male,28,1,79460.98,2,Yes,Yes,167973.63,No,0.0174,Low
15800517,Spain,Male,32,5,163340.12,2,Yes,Yes,74415.2,No,0.0174,Low
15765322,France,Male,23,5,84284.48,2,Yes,Yes,62851.6,No,0.0174,Low
15619537,France,Male,31,5,142200.19,2,Yes,Yes,122221.71,No,0.0174,Low
15715199,Spain,Male,27,5,126815.97,2,No,Yes,118648.12,No,0.0174,Low
15775131,Spain,Male,32,9,142188.2,2,No,Yes,128028.6,No,0.0174,Low
15804104,France,Male,28,9,114731.76,2,No,Yes,79479.74,No,0.0174,Low
15753462,Germany,Male,30,2,72549,2,No,Yes,182728.8,No,0.0174,Low
15746704,Spain,Male,30,9,136808.53,2,Yes,Yes,106642.97,No,0.0174,Low
15596405,Spain,Male,25,7,127728.24,2,Yes,Yes,105279.74,No,0.0174,Low
15653857,France,Male,34,2,0,2,Yes,Yes,148528.24,No,0.0173,Low
15802486,France,Male,34,3,0,2,Yes,Yes,125979.36,No,0.0173,Low
15693347,France,Female,32,5,0,2,Yes,Yes,75465.41,No,0.0173,Low
15772798,Spain,Female,28,5,0,2,Yes,Yes,93959.96,No,0.0173,Low
15790442,Spain,Male,33,2,0,2,Yes,Yes,158268.84,No,0.0173,Low
15806184,Spain,Male,33,4,0,2,Yes,Yes,77550.18,No,0.0173,Low
15615016,France,Male,33,2,0,2,Yes,Yes,136028.97,No,0.0173,Low
15620579,Spain,Female,31,8,0,2,No,Yes,131644.41,No,0.0173,Low
15722053,Spain,Male,33,3,0,2,No,Yes,190112.05,No,0.0173,Low
15799480,France,Male,34,0,0,2,No,Yes,3756.23,No,0.0173,Low
15781875,Spain,Male,33,3,100476.46,2,Yes,Yes,136539.13,No,0.0173,Low
15635244,France,Female,29,6,0,2,Yes,Yes,98998.61,No,0.0173,Low
15734177,France,Male,33,4,0,2,Yes,Yes,152992.04,No,0.0173,Low
15603035,France,Male,34,3,0,2,Yes,Yes,105599.65,No,0.0173,Low
15632967,France,Male,34,3,0,2,Yes,Yes,104703.96,No,0.0173,Low
15766137,France,Male,34,2,0,2,Yes,Yes,83087.13,No,0.0173,Low
15810227,France,Male,34,2,0,2,Yes,Yes,96615.23,No,0.0173,Low
15812611,Spain,Female,30,5,0,2,No,Yes,78700.03,No,0.0173,Low
15603594,Spain,Male,24,4,0,2,Yes,Yes,70668.77,No,0.017,Low
15627697,France,Male,34,2,0,2,No,Yes,21497.27,No,0.017,Low
15718245,France,Male,34,1,0,2,Yes,Yes,126592.01,No,0.017,Low
15801462,France,Male,31,8,109578.04,2,Yes,Yes,51503.51,No,0.017,Low
15673584,France,Female,74,5,0,2,Yes,Yes,937.15,No,0.0169,Low
15601892,France,Male,33,8,0,2,No,Yes,68815.05,No,0.0168,Low
15730469,Spain,Male,31,4,103430.11,2,No,Yes,36479.27,No,0.0168,Low
15610165,France,Female,26,1,0,2,Yes,Yes,199409.19,No,0.0168,Low
15601417,France,Male,32,3,148884.47,2,Yes,Yes,90967.37,No,0.0168,Low
15744046,Spain,Male,33,8,0,2,Yes,Yes,63176.77,No,0.0168,Low
15587311,Spain,Male,33,6,0,2,No,Yes,72970.93,No,0.0168,Low
15807312,Spain,Male,33,5,0,2,No,Yes,64038.34,No,0.0168,Low
15654106,France,Male,26,8,149542.52,2,No,Yes,197911.52,No,0.0167,Low
15670668,Germany,Male,29,5,75395.53,2,No,Yes,54914.92,No,0.0167,Low
15813451,Spain,Male,18,8,134796.87,2,Yes,Yes,114858.9,No,0.0167,Low
15642816,France,Female,27,7,43658.33,2,Yes,Yes,3025.49,No,0.0166,Low
15664521,Spain,Male,31,7,149620.88,2,Yes,Yes,104533.51,No,0.0165,Low
15657439,France,Male,18,4,0,2,Yes,Yes,47799.15,No,0.0165,Low
15687752,France,Male,30,2,87505.47,2,No,Yes,7278.57,No,0.0164,Low
15717156,France,Male,30,3,143396.54,2,Yes,Yes,898.51,No,0.0164,Low
15582847,France,Male,26,0,0,2,No,Yes,72929.96,No,0.0164,Low
15808473,France,Male,72,1,0,2,No,Yes,111981.19,No,0.0163,Low
15607713,Spain,Female,29,1,0,2,Yes,Yes,197996.65,No,0.0163,Low
15741745,France,Male,28,7,120911.75,2,Yes,Yes,131249.46,No,0.0163,Low
15580912,France,Male,32,5,154737.88,2,Yes,Yes,172638.13,No,0.0163,Low
15796969,France,Male,33,4,0,2,Yes,Yes,74945.11,No,0.0162,Low
15804150,France,Male,34,3,0,2,Yes,Yes,158816.03,No,0.0162,Low
15646969,Spain,Male,33,2,0,2,Yes,Yes,176921,No,0.0162,Low
15727688,Spain,Male,32,4,0,2,Yes,Yes,54405.79,No,0.0161,Low
15645517,Spain,Male,22,2,0,2,Yes,Yes,9684.52,No,0.0161,Low
15625592,France,Male,26,2,0,2,Yes,Yes,31399.4,No,0.0161,Low
15622443,France,Male,31,4,0,2,No,Yes,25684.85,No,0.0161,Low
15716800,France,Male,31,2,0,2,Yes,Yes,33747.03,No,0.0161,Low
15805162,France,Male,25,0,0,2,Yes,Yes,184221.11,No,0.0161,Low
15600792,Spain,Male,29,0,0,2,No,Yes,133897.32,No,0.0161,Low
15740160,France,Male,31,1,0,2,Yes,Yes,54706.75,No,0.0161,Low
15805764,France,Male,18,10,0,2,No,Yes,52795.15,No,0.016,Low
15759133,France,Male,18,6,0,2,Yes,Yes,27308.58,No,0.016,Low
15724527,France,Male,34,9,0,2,Yes,Yes,31933.06,No,0.0159,Low
15701522,France,Female,29,9,0,2,No,Yes,3234.8,No,0.0159,Low
15750396,France,Male,33,1,0,2,Yes,Yes,86413.11,No,0.0159,Low
15715510,France,Male,29,2,95984.69,2,Yes,Yes,73686.75,No,0.0159,Low
15748123,France,Male,20,3,0,2,Yes,Yes,149613.77,No,0.0158,Low
15583681,Spain,Male,31,7,76665.71,2,Yes,Yes,163809.08,No,0.0158,Low
15575676,France,Male,24,1,0,2,No,Yes,162597.15,No,0.0158,Low
15703292,France,Male,26,8,86270.93,2,Yes,Yes,90177.3,No,0.0158,Low
15736124,France,Male,25,1,102585.88,2,Yes,Yes,115387.4,No,0.0158,Low
15693902,France,Male,19,2,0,2,Yes,Yes,91036.74,No,0.0158,Low
15809302,France,Male,24,1,0,2,Yes,Yes,151460.84,No,0.0158,Low
15792679,France,Male,24,2,0,2,Yes,Yes,119927.81,No,0.0158,Low
15798532,France,Male,32,9,120879.73,2,No,Yes,78896.59,No,0.0158,Low
15743760,France,Male,31,6,131996.66,2,Yes,Yes,178747.43,No,0.0158,Low
15756475,Germany,Male,31,9,82293.82,2,Yes,Yes,91565.25,No,0.0157,Low
15720713,France,Female,29,10,0,2,Yes,Yes,199775.67,No,0.0157,Low
15653448,France,Male,34,7,0,2,Yes,Yes,65219.85,No,0.0157,Low
15723013,Germany,Male,28,7,76656.4,2,Yes,Yes,185483.24,No,0.0157,Low
15811490,France,Male,33,5,0,2,Yes,Yes,103737.82,No,0.0156,Low
15740900,France,Male,34,6,0,2,Yes,Yes,177896.92,No,0.0156,Low
15570326,France,Male,34,6,0,2,Yes,Yes,99128.13,No,0.0156,Low
15793247,France,Male,34,5,0,2,Yes,Yes,91711.66,No,0.0156,Low
15635597,France,Male,33,8,0,2,Yes,Yes,155294.17,No,0.0156,Low
15585041,France,Male,33,7,0,2,No,Yes,158313.87,No,0.0156,Low
15767681,Spain,Male,34,9,0,2,No,Yes,89013.67,No,0.0156,Low
15707132,France,Male,33,5,0,2,No,Yes,78698.09,No,0.0156,Low
15670066,Spain,Male,34,6,0,2,Yes,Yes,116046.22,No,0.0156,Low
15814750,Spain,Male,34,8,0,2,Yes,Yes,180595.02,No,0.0156,Low
15656627,France,Male,34,5,0,2,Yes,Yes,77414.45,No,0.0156,Low
15587297,France,Male,33,7,0,2,Yes,Yes,85411.01,No,0.0156,Low
15763194,France,Male,34,7,0,2,No,Yes,100304.13,No,0.0156,Low
15641715,France,Male,34,8,0,2,Yes,Yes,174196.68,No,0.0156,Low
15713250,France,Male,33,8,0,2,Yes,Yes,123509.01,No,0.0156,Low
15618437,Spain,Male,34,10,0,2,No,Yes,161571.79,No,0.0156,Low
15572415,France,Male,34,6,0,2,Yes,Yes,160095.31,No,0.0156,Low
15780256,France,Male,34,9,0,2,Yes,Yes,114006.35,No,0.0156,Low
15591150,Spain,Male,34,10,0,2,No,Yes,183387.12,No,0.0156,Low
15745431,France,Male,34,7,0,2,Yes,Yes,188078.55,No,0.0156,Low
15644724,France,Male,31,4,58662.92,2,No,Yes,73322,No,0.0155,Low
15574283,France,Male,31,2,0,2,No,Yes,64014.24,No,0.0155,Low
15730360,France,Male,30,4,0,2,Yes,Yes,66263.87,No,0.0155,Low
15715988,France,Male,35,2,0,2,Yes,Yes,79704.12,No,0.0155,Low
15782778,France,Male,35,4,0,2,No,Yes,198490.33,No,0.0154,Low
15639004,France,Male,72,2,0,2,Yes,Yes,70783.61,No,0.0154,Low
15795149,France,Male,28,2,81173.83,2,No,Yes,162812.16,No,0.0153,Low
15642544,France,Male,34,5,0,2,No,Yes,12092.03,No,0.0153,Low
15576185,France,Male,29,2,0,2,Yes,Yes,41671.81,No,0.0153,Low
15786167,Spain,Male,20,5,0,2,Yes,Yes,58309.54,No,0.0153,Low
15709621,France,Male,31,3,0,2,No,Yes,27731.05,No,0.0153,Low
15768566,France,Male,34,8,0,2,Yes,Yes,37479.97,No,0.0153,Low
15746035,Spain,Male,25,9,74237.2,2,No,Yes,195463.35,No,0.0152,Low
15800806,Spain,Male,31,7,122449.31,2,Yes,Yes,180769.55,No,0.0152,Low
15659355,Spain,Male,32,6,123912.78,2,Yes,Yes,146636.44,No,0.0152,Low
15623277,France,Female,30,8,0,2,Yes,Yes,196134.44,No,0.0151,Low
15648005,Spain,Male,33,2,0,2,Yes,Yes,182738,No,0.0151,Low
15770554,France,Male,31,4,61297.05,2,Yes,Yes,7118.02,No,0.0151,Low
15667085,France,Male,33,4,0,2,Yes,Yes,131834.75,No,0.0151,Low
15598275,France,Female,32,7,0,2,Yes,Yes,199418.02,No,0.0151,Low
15668580,Spain,Male,33,2,0,2,Yes,Yes,92916.53,No,0.0151,Low
15707559,France,Female,30,9,0,2,Yes,Yes,195104.91,No,0.0151,Low
15690670,France,Male,33,2,0,2,No,Yes,141031.08,No,0.0151,Low
15728683,France,Male,27,0,0,2,No,Yes,131534.96,No,0.0151,Low
15752467,Spain,Male,34,3,0,2,Yes,Yes,77047.78,No,0.0151,Low
15620936,France,Male,32,4,0,2,Yes,Yes,13238.93,No,0.0151,Low
15612465,Spain,Male,34,9,100628,2,Yes,Yes,190263.78,No,0.015,Low
15749671,France,Male,35,6,0,2,Yes,Yes,68730.91,No,0.015,Low
15639314,France,Male,32,2,0,2,No,Yes,9468.64,No,0.0149,Low
15751336,Spain,Male,30,3,0,2,No,Yes,10486.69,No,0.0149,Low
15576219,France,Male,32,4,0,2,Yes,Yes,6225.63,No,0.0149,Low
15662245,France,Male,32,1,0,2,Yes,Yes,8763.87,No,0.0149,Low
15623649,Spain,Male,32,3,0,2,Yes,Yes,15404.64,No,0.0149,Low
15738063,France,Male,29,2,0,2,Yes,Yes,18581.84,No,0.0149,Low
15567991,Spain,Male,31,0,144880.34,2,No,Yes,175643.44,No,0.0149,Low
15587584,Spain,Male,31,4,0,2,Yes,Yes,21645.06,No,0.0149,Low
15747000,France,Male,27,3,0,2,Yes,Yes,19645.65,No,0.0149,Low
15651955,France,Male,31,4,0,2,No,Yes,9607.1,No,0.0149,Low
15724944,France,Male,34,7,0,2,Yes,Yes,180427.24,No,0.0148,Low
15645772,France,Male,33,9,0,2,Yes,Yes,84174.81,No,0.0148,Low
15780140,Germany,Male,32,2,57017.06,2,Yes,Yes,5907.11,No,0.0148,Low
15694995,France,Male,23,2,0,2,No,Yes,66795.78,No,0.0148,Low
15753679,France,Male,24,4,0,2,Yes,Yes,162809.2,No,0.0148,Low
15713843,Spain,Male,30,2,0,2,No,Yes,27937.12,No,0.0147,Low
15660809,France,Male,28,4,0,2,Yes,Yes,12409.01,No,0.0147,Low
15717995,France,Male,27,0,0,2,No,Yes,157891.86,No,0.0147,Low
15585256,Spain,Male,26,2,0,2,Yes,Yes,25042.1,No,0.0147,Low
15786539,France,Male,32,1,0,2,Yes,Yes,46200.71,No,0.0147,Low
15681956,France,Male,34,9,0,2,Yes,Yes,65257.57,No,0.0146,Low
15741049,France,Male,29,7,0,2,Yes,Yes,55473.15,No,0.0146,Low
15779529,France,Male,32,7,0,2,Yes,Yes,34665.79,No,0.0146,Low
15672821,France,Male,28,5,0,2,Yes,Yes,48606.92,No,0.0146,Low
15645835,France,Male,32,9,0,2,Yes,Yes,55724.24,No,0.0146,Low
15629603,France,Male,31,8,0,2,Yes,Yes,43196.5,No,0.0146,Low
15760880,France,Male,29,10,0,2,No,Yes,25514.77,No,0.0146,Low
15782311,France,Male,28,9,0,2,Yes,Yes,52545.24,No,0.0146,Low
15627881,France,Male,30,8,0,2,Yes,Yes,47536.46,No,0.0146,Low
15701281,France,Male,27,8,0,2,Yes,Yes,49089.36,No,0.0146,Low
15582841,France,Male,29,8,0,2,No,Yes,34747.43,No,0.0146,Low
15762588,France,Male,31,5,0,2,Yes,Yes,41872.17,No,0.0146,Low
15607112,France,Male,32,6,0,2,No,Yes,36540.63,No,0.0146,Low
15607877,Spain,Male,26,8,0,2,No,Yes,34101.06,No,0.0146,Low
15695475,France,Male,29,1,130131.08,2,No,Yes,196474.35,No,0.0145,Low
15671590,Spain,Male,25,4,0,2,Yes,Yes,73873.65,No,0.0145,Low
15789095,Spain,Male,30,4,0,2,No,Yes,57461.13,No,0.0145,Low
15694946,France,Male,35,9,0,2,Yes,Yes,195580.28,No,0.0145,Low
15806284,Spain,Male,31,1,0,2,Yes,Yes,58469.75,No,0.0145,Low
15738191,France,Male,25,3,0,2,No,Yes,124508.29,No,0.0144,Low
15575024,France,Male,29,3,0,2,Yes,Yes,143954.99,No,0.0144,Low
15682639,France,Male,32,3,0,2,Yes,Yes,88698.83,No,0.0144,Low
15754068,France,Male,32,4,0,2,Yes,Yes,141822.8,No,0.0144,Low
15782941,France,Male,31,2,0,2,Yes,Yes,91957.39,No,0.0144,Low
15641136,France,Male,32,2,0,2,No,Yes,77965.44,No,0.0144,Low
15769582,France,Male,29,3,0,2,Yes,Yes,142238.54,No,0.0144,Low
15814004,France,Male,29,2,0,2,No,Yes,98320.27,No,0.0144,Low
15660200,France,Male,31,1,0,2,Yes,Yes,185105.44,No,0.0144,Low
15657779,Spain,Male,18,3,0,2,Yes,Yes,86994.54,No,0.0144,Low
15781678,Spain,Male,31,4,55732.92,2,Yes,Yes,103792.53,No,0.0144,Low
15714610,Spain,Male,30,2,0,2,Yes,Yes,82222.86,No,0.0144,Low
15652180,France,Male,30,2,0,2,Yes,Yes,132029.95,No,0.0144,Low
15586425,France,Male,28,4,0,2,Yes,Yes,176925.69,No,0.0144,Low
15756155,France,Male,32,4,0,2,No,Yes,97628.08,No,0.0144,Low
15773242,France,Male,32,1,0,2,Yes,Yes,168779.47,No,0.0144,Low
15572735,Spain,Male,27,2,0,2,Yes,Yes,153698.65,No,0.0144,Low
15643826,France,Male,32,4,0,2,Yes,Yes,153036.97,No,0.0144,Low
15645571,Spain,Male,32,4,0,2,No,Yes,146504.35,No,0.0144,Low
15612594,Spain,Male,25,3,0,2,Yes,Yes,120790.02,No,0.0144,Low
15778192,Spain,Male,28,4,0,2,Yes,Yes,176750.81,No,0.0144,Low
15675190,France,Male,21,10,0,2,No,Yes,135851.3,No,0.0143,Low
15568238,Spain,Male,20,8,0,2,Yes,Yes,113469.65,No,0.0143,Low
15761340,France,Male,22,5,0,2,Yes,Yes,99828.45,No,0.0143,Low
15750055,Spain,Male,32,9,100262.88,2,Yes,Yes,157921.25,No,0.0143,Low
15760063,Spain,Male,23,7,0,2,Yes,Yes,168085.97,No,0.0143,Low
15618950,Spain,Male,26,8,96659.64,2,Yes,Yes,138775.69,No,0.0143,Low
15615330,France,Male,23,10,0,2,Yes,Yes,170099.23,No,0.0143,Low
15686345,Spain,Male,34,9,0,2,Yes,Yes,81853.98,No,0.0142,Low
15636935,France,Female,29,1,0,2,Yes,Yes,132975.39,No,0.0142,Low
15618391,France,Male,33,6,0,2,Yes,Yes,77965.67,No,0.0142,Low
15642004,France,Male,25,1,0,2,No,Yes,16459.37,No,0.0141,Low
15779064,France,Male,27,2,0,2,Yes,Yes,20092.89,No,0.0141,Low
15664204,Spain,Male,29,2,0,2,Yes,Yes,18255.51,No,0.0141,Low
15809462,France,Male,30,3,0,2,No,Yes,17104,No,0.0141,Low
15616833,Spain,Male,27,2,0,2,Yes,Yes,13221.25,No,0.0141,Low
15611338,Spain,Male,29,4,0,2,Yes,Yes,37605.9,No,0.0141,Low
15758372,France,Male,18,7,0,2,Yes,Yes,55753.12,Yes,0.0139,Low
15739576,Spain,Male,20,8,0,2,Yes,Yes,12368.11,No,0.0139,Low
15717164,Spain,Male,32,6,102238.01,2,Yes,Yes,194010.12,No,0.0138,Low
15672970,Spain,Male,20,3,0,2,No,Yes,150465.93,No,0.0138,Low
15778752,France,Male,32,10,86614.06,2,Yes,Yes,172129.26,No,0.0138,Low
15794413,France,Male,32,0,0,2,No,Yes,878.87,No,0.0137,Low
15662294,France,Male,33,10,118327.17,2,Yes,Yes,192928.82,No,0.0137,Low
15800215,France,Male,25,3,0,2,No,Yes,173948.4,No,0.0137,Low
15723400,France,Male,28,4,0,2,Yes,Yes,123969.64,No,0.0137,Low
15797227,France,Male,28,8,0,2,Yes,Yes,52615.62,No,0.0136,Low
15586821,France,Male,28,5,0,2,No,Yes,19653.08,No,0.0136,Low
15615575,France,Male,34,8,0,2,Yes,Yes,133447.49,No,0.0136,Low
15730738,Spain,Male,31,9,0,2,Yes,Yes,18210.36,No,0.0136,Low
15602841,Spain,Female,28,5,0,2,No,Yes,86699.98,No,0.0136,Low
15762821,Spain,Male,33,5,0,2,No,Yes,117626.9,No,0.0136,Low
15602572,France,Male,33,9,0,2,Yes,Yes,142956.48,No,0.0136,Low
15738627,France,Male,25,6,0,2,Yes,Yes,21215.67,No,0.0136,Low
15729804,France,Male,34,10,0,2,Yes,Yes,80234.14,No,0.0136,Low
15598802,Spain,Male,30,8,0,2,No,Yes,50839.85,No,0.0136,Low
15680843,France,Male,34,8,0,2,Yes,Yes,184842.21,No,0.0136,Low
15750547,France,Male,26,9,0,2,Yes,Yes,48644.94,No,0.0136,Low
15755642,France,Male,34,5,0,2,Yes,Yes,102908.63,No,0.0136,Low
15682778,France,Male,34,9,0,2,Yes,Yes,95686.6,No,0.0136,Low
15667215,France,Male,31,2,0,2,Yes,Yes,58803.28,No,0.0135,Low
15812324,France,Male,27,1,0,2,Yes,Yes,190623.02,No,0.0135,Low
15736413,France,Male,29,1,0,2,Yes,Yes,164484.78,No,0.0135,Low
15684248,Spain,Male,21,7,0,2,No,Yes,154279.87,No,0.0135,Low
15656471,France,Male,33,9,0,2,Yes,Yes,1118.31,No,0.0135,Low
15637411,France,Male,30,1,0,2,No,Yes,126551.65,No,0.0135,Low
15689661,France,Male,22,6,0,2,No,Yes,131827.15,No,0.0135,Low
15725028,France,Male,29,3,0,2,Yes,Yes,63687.06,No,0.0135,Low
15608726,France,Male,24,7,0,2,Yes,Yes,166310.82,No,0.0135,Low
15768881,France,Male,29,2,0,2,Yes,Yes,170421.13,No,0.0135,Low
15686743,Spain,Male,29,3,46057.96,2,Yes,Yes,189777.66,No,0.0135,Low
15674811,Germany,Male,29,3,59385.98,2,Yes,Yes,105533.96,No,0.0134,Low
15663830,Spain,Male,32,6,0,2,Yes,Yes,19720.08,No,0.0134,Low
15811842,Spain,Male,26,7,0,2,Yes,Yes,6656.64,No,0.0134,Low
15794493,Spain,Male,32,7,0,2,Yes,Yes,24267.28,No,0.0134,Low
15643679,Germany,Male,28,2,70233.74,2,Yes,Yes,179252.73,No,0.0134,Low
15645766,Spain,Male,25,9,0,2,Yes,Yes,8227.91,No,0.0134,Low
15577402,France,Male,31,9,0,2,No,Yes,20492.16,No,0.0134,Low
15687540,France,Male,32,9,100249.41,2,No,Yes,67599.69,No,0.0134,Low
15730441,France,Male,26,10,0,2,Yes,Yes,6177.83,No,0.0134,Low
15745794,France,Male,30,6,0,2,Yes,Yes,18471.86,No,0.0134,Low
15773890,France,Male,22,5,0,2,Yes,Yes,117202.19,No,0.0133,Low
15614220,France,Male,22,5,0,2,No,Yes,105125.65,No,0.0133,Low
15712176,France,Male,31,8,0,2,Yes,Yes,28407.4,No,0.0133,Low
15581654,France,Male,32,7,0,2,No,Yes,37731.95,No,0.0133,Low
15578211,France,Male,23,6,0,2,Yes,Yes,163225.48,No,0.0133,Low
15799910,France,Male,32,2,0,2,Yes,No,193817.63,Yes,0.0133,Low
15660878,France,Male,92,1,126076.24,2,Yes,Yes,34436.83,No,0.0133,Low
15680804,France,Male,29,6,0,2,Yes,Yes,10672.54,No,0.0133,Low
15678779,France,Male,33,7,0,2,No,Yes,4082.52,No,0.0133,Low
15665181,Spain,Male,25,7,0,2,No,Yes,23180.37,No,0.0133,Low
15732967,France,Male,19,6,0,2,Yes,Yes,151581.79,No,0.0133,Low
15669169,Spain,Male,29,10,0,2,Yes,Yes,68143.93,No,0.0131,Low
15613786,Spain,Male,26,4,0,2,Yes,Yes,167036.94,No,0.0131,Low
15709412,Spain,Male,30,6,0,2,No,Yes,63908.86,No,0.0131,Low
15638871,France,Male,77,6,80926.02,2,Yes,Yes,55829.25,No,0.0131,Low
15605622,Spain,Male,28,4,0,2,Yes,Yes,179436.6,No,0.0131,Low
15624592,France,Male,31,8,0,2,Yes,Yes,169915.02,No,0.013,Low
15626578,France,Male,26,9,0,2,Yes,Yes,153237.59,No,0.013,Low
15721935,France,Male,25,7,0,2,Yes,Yes,157878.67,No,0.013,Low
15598088,Spain,Male,25,5,0,2,Yes,Yes,163221.22,No,0.013,Low
15665221,France,Male,26,7,129837.72,2,No,Yes,197001.15,No,0.013,Low
15635285,France,Male,28,8,0,2,Yes,Yes,91055.27,No,0.013,Low
15786643,France,Male,32,10,0,2,Yes,Yes,116052.92,No,0.013,Low
15799932,France,Male,24,10,0,2,Yes,Yes,156906.15,No,0.013,Low
15760090,France,Male,28,7,0,2,Yes,Yes,131097.9,No,0.013,Low
15569120,France,Male,30,7,0,2,Yes,Yes,156346.84,No,0.013,Low
15790412,Spain,Male,26,8,0,2,Yes,Yes,179655.87,No,0.013,Low
15752956,Spain,Male,29,6,0,2,Yes,Yes,88842.8,No,0.013,Low
15768887,Spain,Male,26,5,0,2,No,Yes,95159.13,No,0.013,Low
15738785,France,Male,26,7,0,2,No,Yes,156598.23,No,0.013,Low
15599024,Spain,Male,32,8,0,2,No,Yes,182692.8,No,0.013,Low
15720529,France,Male,29,6,0,2,Yes,Yes,108684.65,No,0.013,Low
15813192,France,Male,25,6,0,2,No,Yes,109988.09,No,0.013,Low
15814757,Spain,Male,31,9,0,2,No,Yes,184061.17,No,0.013,Low
15584453,Spain,Male,32,10,0,2,No,Yes,168605.96,No,0.013,Low
15633525,France,Male,29,7,0,2,No,Yes,125877.22,No,0.013,Low
15705050,France,Male,30,9,0,2,Yes,Yes,148887.69,No,0.013,Low
15777217,Spain,Male,25,10,0,2,Yes,Yes,180808.39,No,0.013,Low
15643828,France,Male,29,7,0,2,Yes,Yes,91196.67,No,0.013,Low
15777033,France,Male,29,7,0,2,Yes,Yes,105448.74,No,0.013,Low
15578098,France,Male,31,8,0,2,Yes,Yes,121555.51,No,0.013,Low
15806455,France,Male,27,7,0,2,Yes,Yes,157474.1,No,0.013,Low
15636061,Germany,Male,78,4,68345.86,2,Yes,Yes,142566.75,No,0.0129,Low
15741094,France,Male,21,1,0,2,Yes,Yes,3494.02,No,0.0127,Low
15600626,France,Male,30,6,0,2,Yes,Yes,8991.17,No,0.0127,Low
15711921,France,Male,29,5,0,2,Yes,Yes,6770.44,No,0.0127,Low
15574558,Spain,Male,32,8,0,2,Yes,Yes,41399.33,No,0.0127,Low
15752846,France,Male,28,7,0,2,Yes,Yes,22684.78,No,0.0127,Low
15742369,Spain,Male,31,5,0,2,Yes,Yes,20346.69,No,0.0127,Low
15748995,Spain,Male,30,9,0,2,No,Yes,10963.04,No,0.0127,Low
15701364,France,Male,30,10,0,2,Yes,Yes,54265.55,No,0.0127,Low
15803716,Spain,Male,28,3,0,2,No,Yes,181543.67,No,0.0126,Low
15731744,France,Male,30,2,0,2,No,Yes,130486.57,No,0.0126,Low
15605284,France,Male,26,1,0,2,Yes,Yes,104435.94,No,0.0126,Low
15801488,France,Male,25,3,0,2,Yes,Yes,134509.47,No,0.0126,Low
15716023,France,Male,31,1,0,2,No,Yes,182270.88,No,0.0126,Low
15652540,France,Male,31,2,0,2,No,Yes,77326.78,No,0.0126,Low
15591179,Spain,Male,30,2,0,2,Yes,Yes,145537.32,No,0.0126,Low
15695078,France,Male,32,3,0,2,Yes,Yes,170770.44,No,0.0126,Low
15670866,France,Male,31,2,0,2,Yes,Yes,107759.31,No,0.0126,Low
15649430,France,Male,28,4,0,2,Yes,Yes,123885.88,No,0.0126,Low
15626475,France,Male,30,2,0,2,Yes,Yes,140889.32,No,0.0126,Low
15642291,France,Male,23,8,0,2,Yes,Yes,112239.03,No,0.0125,Low
15615091,France,Male,24,6,0,2,Yes,Yes,92811.2,No,0.0125,Low
15787222,Germany,Male,28,1,69459.05,2,Yes,Yes,128461.29,No,0.0125,Low
15671800,France,Male,20,8,137624.4,2,Yes,Yes,197582.79,No,0.0125,Low
15804052,Spain,Male,23,6,0,2,Yes,Yes,134188.11,No,0.0125,Low
15781530,France,Male,21,8,0,2,Yes,Yes,155782.89,No,0.0125,Low
15763097,Spain,Male,80,8,0,2,No,Yes,34164.05,No,0.0124,Low
15758306,France,Male,32,6,0,2,Yes,Yes,137898.57,No,0.0123,Low
15571144,France,Male,28,10,0,2,No,Yes,126565.21,No,0.0123,Low
15702061,France,Male,29,7,0,2,Yes,Yes,149184.15,No,0.0123,Low
15640635,France,Male,29,8,0,2,Yes,Yes,172290.61,No,0.0122,Low
15691446,Spain,Male,29,10,0,2,Yes,Yes,95025.27,No,0.0122,Low
15764419,France,Male,27,5,0,2,Yes,Yes,116081.93,No,0.0122,Low
15602124,France,Male,30,7,0,2,Yes,Yes,184581.68,No,0.0122,Low
15717185,France,Male,28,8,0,2,Yes,Yes,64286.39,No,0.0122,Low
15735788,France,Male,31,6,0,2,Yes,Yes,71009.84,No,0.0122,Low
15589435,France,Male,31,7,0,2,Yes,Yes,143204.41,No,0.0122,Low
15764405,France,Male,29,10,0,2,Yes,Yes,162452.65,No,0.0122,Low
15649451,France,Male,25,9,0,2,No,Yes,88728.47,No,0.0122,Low
15697480,France,Male,30,7,0,2,No,Yes,143086.09,No,0.0122,Low
15798429,France,Male,29,8,0,2,Yes,Yes,115994.52,No,0.0122,Low
15606855,Spain,Male,26,6,0,2,Yes,Yes,185808.7,No,0.0122,Low
15705918,France,Male,31,8,0,2,Yes,Yes,59650.42,No,0.0122,Low
15732293,Spain,Male,31,8,0,2,Yes,Yes,99086.74,No,0.0122,Low
15768476,Spain,Male,31,6,0,2,Yes,Yes,67667.19,No,0.0122,Low
15634373,France,Male,30,5,0,2,No,Yes,105155.66,No,0.0122,Low
15785183,Spain,Male,29,2,0,2,Yes,Yes,1591.19,No,0.0122,Low
15700714,France,Male,29,7,0,2,Yes,Yes,141706.43,No,0.0122,Low
15651958,France,Male,27,8,0,2,Yes,Yes,157932.75,No,0.0122,Low
15707114,France,Male,30,2,0,2,No,Yes,3430.38,No,0.0121,Low
15724691,France,Male,34,1,0,2,Yes,Yes,195052.12,No,0.0119,Low
15580988,France,Male,29,8,0,2,Yes,Yes,123437.05,No,0.0118,Low
15701392,Spain,Male,28,6,0,2,No,Yes,185547.71,No,0.0118,Low
15657396,France,Male,31,9,0,2,No,Yes,140168.36,No,0.0118,Low
15729246,Spain,Male,31,5,0,2,Yes,Yes,76326.67,No,0.0118,Low
15654891,France,Male,30,6,0,2,Yes,Yes,180591.32,No,0.0118,Low
15579131,France,Male,25,7,0,2,Yes,Yes,83449.65,No,0.0118,Low
15654519,France,Male,31,1,0,2,Yes,Yes,3148.2,No,0.0116,Low
15812007,Spain,Male,25,6,0,2,Yes,Yes,78358.94,No,0.0114,Low
15618581,Spain,Male,25,8,0,2,Yes,Yes,135112.09,No,0.0114,Low
15612030,France,Male,28,9,0,2,Yes,Yes,100240.2,No,0.0114,Low
15625522,Spain,Male,31,7,0,2,No,Yes,145151.96,No,0.0114,Low
15808831,France,Male,29,7,0,2,Yes,Yes,138145.62,No,0.0114,Low
15751203,France,Male,26,5,56738.47,2,Yes,Yes,100442.22,Yes,0.0114,Low
15587174,France,Male,29,7,0,2,Yes,Yes,91844.14,Yes,0.0114,Low
15626452,Spain,Male,32,5,0,2,Yes,Yes,147720.27,No,0.0114,Low
15785342,France,Male,25,9,0,2,No,Yes,112331.19,No,0.0114,Low
15805261,Spain,Male,29,8,0,2,No,Yes,152097.02,No,0.0114,Low
15724269,France,Male,25,7,0,2,Yes,Yes,144723.38,No,0.0114,Low
15684934,France,Male,31,9,0,2,Yes,Yes,106117.3,No,0.0114,Low
15601116,France,Male,32,6,0,2,Yes,Yes,179093.26,No,0.0114,Low
15668460,France,Male,29,6,0,2,Yes,Yes,2797.27,No,0.0111,Low
15780215,France,Male,31,6,0,2,Yes,Yes,2382.61,No,0.0111,Low
15636684,France,Male,34,10,0,2,Yes,Yes,198637.34,No,0.011,Low
15565878,Spain,Male,29,3,0,2,Yes,Yes,197963.46,No,0.0108,Low
15701768,France,Male,32,3,0,2,Yes,Yes,197827.06,No,0.0108,Low
15792360,France,Male,32,7,0,2,Yes,Yes,777.37,No,0.0105,Low
15681327,France,Male,30,9,0,2,Yes,Yes,2053.42,No,0.0105,Low
15624374,France,Male,28,9,0,2,No,Yes,2151.17,No,0.0105,Low
15728906,France,Male,77,5,0,2,Yes,Yes,161579.85,No,0.0103,Low
15711316,France,Male,27,2,0,2,Yes,Yes,199527.34,No,0.0101,Low
15715638,Germany,Male,77,3,27517.15,2,No,Yes,2746.41,No,0.0101,Low
15632789,France,Male,30,8,0,2,Yes,Yes,24113.91,No,0.01,Low
15667460,France,Male,31,9,0,2,Yes,Yes,24748.89,No,0.01,Low
15762993,Spain,Male,32,5,102773.15,2,No,Yes,117832.88,No,0.0098,Low
15731569,France,Male,81,5,0,2,Yes,Yes,44827.47,No,0.0098,Low
15726676,Spain,Male,30,5,0,2,No,Yes,196108.51,No,0.0097,Low
15745804,France,Male,25,7,0,2,Yes,Yes,195977.75,No,0.0097,Low
15709136,France,Male,28,8,0,2,Yes,Yes,199909.32,No,0.0097,Low
15631162,France,Male,32,10,0,2,No,Yes,196342.66,No,0.0097,Low
15713379,France,Male,26,4,0,2,Yes,Yes,197594.34,No,0.0094,Low
15802478,Spain,Male,31,6,0,2,Yes,Yes,195668,No,0.0091,Low
15783541,France,Male,31,5,0,2,No,Yes,194660.78,No,0.0091,Low
15592123,France,Male,30,6,0,2,Yes,Yes,199454.37,No,0.0091,Low
15782159,France,Male,28,8,67639.56,2,Yes,Yes,194245.29,No,0.0089,Low
